ID,Sampling day,Season,Species.code,Incub. Container,Vol. pre-filtered water (L),Numb.ind,Incub. Start time (24h),Incub. End time (24h),Time elapsed (min),Temp,Group dry mass (g),Mass,Ind. dry mass (g),Notes,SRP (ug/L),P excretion (ug),P.excretion.rate,NH4 (ug/L),N excretion (ug),N.excretion.rate,TDP (ug/L)...22,P excretion 2 (ug),P.excretion.rate.t,TDN (ug/L)...25,N excretion 2 (ug),N.excretion.rate.t,BodyC,BodyN,BodyP,BodyCN,BodyCP,BodyNP,d13C,d15N,pH,Specfic Conductance ( µS),Conductivity ( µS),AmTDP,AmTDN,NO3 (ug/L),Chlorophyll-a (ug/L),K (ug/L),Ca (ug/L),V (ug/L),Mn (ug/L),Fe (ug/L),Cu (ug/L),Zn (ug/L),Sr (ug/L),Mo (ug/L),Ba (ug/L),DOC (mg/L),A254,A280,A350,A440,S275to295,S350to400,SR,BA,FI,HIX,HIX.ohno,PeakA,PeakB,PeakC,PeakD,PeakE,PeakM,PeakN,PeakP,PeakT,C1,C2,C3,C4,C5,C6,C7,C.SUM,C1.PER,C2.PER,C3.PER,C4.PER,C5.PER,C6.PER,C7.PER,Taxo.rank,massnorm.N.excr,massnorm.P.excr,massnorm.NP.excr,masscorr.N.excr,masscorr.P.excr,masscorr.NP.excr,massnorm.N.excr.t,massnorm.P.excr.t,massnorm.NP.excr.t,masscorr.N.excr.t,masscorr.P.excr.t,masscorr.NP.excr.t,log10.masscorr.N.excr,log10.masscorr.P.excr,log10.masscorr.NP.excr
100,SD1,S,WP,4L WP,3,1,20.1,20.4,30,26.7,NA,190,47.5,± 5g for the weight due to the wind,133.35915,375.795105,751.59021,552.551,1585.91565,3171.8313,185.899164,532.2383393,1064.476679,1284.544587,3268.929975,6537.85995,48.13024135,13.73628115,NA,3.589797468,NA,NA,-23.61529978,12.93145454,8.51,N/A,N/A,14.50527348,432.0488477,220.4064133,8.253395688,1103.229605,25368.42089,0.369395,1.833015,35.35129,8.23649,29.49688,98.296405,0.91332,69.07408,2.275,2.701898181,1.770289913,0.393866708,0.099628864,0.024628758,0.017257045,1.427171211,0.843311986,1.348166082,1.716002536,0.631811831,0.264314887,0.209042728,0.132097259,0.079682985,0.040309371,0.185796841,0.179340355,NA,0.239241757,0.12357311,0.121185763,0.028472234,0.064684152,0.043574133,0.068814232,0.206724786,0.657028411,18.80787923,18.44452401,4.333486009,9.84495513,6.632001316,10.47355504,31.46359927,Fish,25.160856515300996,12.224772334871071,0.9295034007390265,16.69384894736842,3.9557379473684207,1.905878925612248,51.862202166642014,17.313936349110556,1.3527622613308334,34.40978921052631,5.602508836842106,2.773740346925181,1.222556479512584,0.5972275135162807,0.28009530784026865
101,SD1,S,WP,4L WP,3,1,20.15,20.45,30,26.7,NA,150,37.5,± 5g for the weight due to the wind,68.97756,182.650335,365.30067,422.564,1195.95465,2391.9093,97.6844745,267.5942708,535.1885415,1026.447926,2494.639993,4989.279986,48.13024135,13.73628115,NA,3.589797468,NA,NA,-23.61529978,12.93145454,8.51,N/A,N/A,14.50527348,432.0488477,220.4064133,8.253395688,1103.229605,25368.42089,0.369395,1.833015,35.35129,8.23649,29.49688,98.296405,0.91332,69.07408,2.275,2.701898181,1.770289913,0.393866708,0.099628864,0.024628758,0.017257045,1.427171211,0.843311986,1.348166082,1.716002536,0.631811831,0.264314887,0.209042728,0.132097259,0.079682985,0.040309371,0.185796841,0.179340355,NA,0.239241757,0.12357311,0.121185763,0.028472234,0.064684152,0.043574133,0.068814232,0.206724786,0.657028411,18.80787923,18.44452401,4.333486009,9.84495513,6.632001316,10.47355504,31.46359927,Fish,23.593671474775114,7.153134850980647,1.4895855725435296,15.946062,2.4353378,2.9570630221559857,49.2140035934283,10.479794105083773,2.120812567435051,33.26186657333333,3.5679236100000002,4.210148470609344,1.2026534483441647,0.38655920969890184,0.4708605804892282
102,SD1,S,WP,4L WP,3,1,20.17,20.48,31,26.7,NA,166,41.5,± 5g for the weight due to the wind. Fish upside down after incubation,52.46946,133.126035,257.6632935,403.9194,1140.02085,2206.491968,90.181491,245.0853203,474.3586844,827.112088,1896.632479,3670.901573,48.13024135,13.73628115,NA,3.589797468,NA,NA,-23.61529978,12.93145454,8.51,N/A,N/A,14.50527348,432.0488477,220.4064133,8.253395688,1103.229605,25368.42089,0.369395,1.833015,35.35129,8.23649,29.49688,98.296405,0.91332,69.07408,2.275,2.701898181,1.770289913,0.393866708,0.099628864,0.024628758,0.017257045,1.427171211,0.843311986,1.348166082,1.716002536,0.631811831,0.264314887,0.209042728,0.132097259,0.079682985,0.040309371,0.185796841,0.179340355,NA,0.239241757,0.12357311,0.121185763,0.028472234,0.064684152,0.043574133,0.068814232,0.206724786,0.657028411,18.80787923,18.44452401,4.333486009,9.84495513,6.632001316,10.47355504,31.46359927,Fish,19.823388246827513,4.659580895310506,1.9213096883739207,13.292120289156625,1.552188515060241,3.8673736956362506,32.97981961993203,8.578298574588645,1.7362548012191488,22.11386489759036,2.8575824361445785,3.494879658281448,1.1235942628414441,0.19094446568412257,0.5874161390012869
103,SD1,S,WP,4L WP,3,1,20.18,20.49,31,26.7,NA,104,26,± 5g for the weight due to the wind,80.92628,218.496495,422.8964419,357.1766,999.79245,1935.082161,100.816788,276.9912113,536.1120218,613.795509,1256.682742,2432.289179,48.13024135,13.73628115,NA,3.589797468,NA,NA,-23.61529978,12.93145454,8.51,N/A,N/A,14.50527348,432.0488477,220.4064133,8.253395688,1103.229605,25368.42089,0.369395,1.833015,35.35129,8.23649,29.49688,98.296405,0.91332,69.07408,2.275,2.701898181,1.770289913,0.393866708,0.099628864,0.024628758,0.017257045,1.427171211,0.843311986,1.348166082,1.716002536,0.631811831,0.264314887,0.209042728,0.132097259,0.079682985,0.040309371,0.185796841,0.179340355,NA,0.239241757,0.12357311,0.121185763,0.028472234,0.064684152,0.043574133,0.068814232,0.206724786,0.657028411,18.80787923,18.44452401,4.333486009,9.84495513,6.632001316,10.47355504,31.46359927,Fish,26.75296279700025,11.039128052344969,1.094468978107268,18.606559240384616,4.066311941346154,2.066482443747601,33.62696593911357,13.994464537138867,1.0851699022950398,23.387395951923075,5.1549232865384615,2.048924726449593,1.2696660700103672,0.6092006918644438,0.3152317199898887
104,SD1,S,WP,4L WP,2,1,20.2,20.51,31,26.7,NA,90,22.5,± 5g for the weight due to the wind,123.29707,230.40591,445.9469226,422.3014,796.7779,1542.150774,129.8817435,242.7907185,469.9175197,772.2917531,1154.780983,2235.059967,48.13024135,13.73628115,NA,3.589797468,NA,NA,-23.61529978,12.93145454,8.51,N/A,N/A,14.50527348,432.0488477,220.4064133,8.253395688,1103.229605,25368.42089,0.369395,1.833015,35.35129,8.23649,29.49688,98.296405,0.91332,69.07408,2.275,2.701898181,1.770289913,0.393866708,0.099628864,0.024628758,0.017257045,1.427171211,0.843311986,1.348166082,1.716002536,0.631811831,0.264314887,0.209042728,0.132097259,0.079682985,0.040309371,0.185796841,0.179340355,NA,0.239241757,0.12357311,0.121185763,0.028472234,0.064684152,0.043574133,0.068814232,0.206724786,0.657028411,18.80787923,18.44452401,4.333486009,9.84495513,6.632001316,10.47355504,31.46359927,Fish,24.360192439637526,13.039846349462458,0.8436738390907155,17.1350086,4.954965806666666,1.561744577577817,35.30555625830779,13.74076586980914,1.160375259493297,24.833999633333335,5.221305774444445,2.147998059797908,1.2338843267367994,0.6950406618430452,0.19361000673771944
105,SD1,S,WP,4L WP,2,1,20.22,20.52,30,26.7,NA,57,14.25,± 5g for the weight due to the wind,93.110830000000007,170.03343,340.06686,356.3888,664.9527,1329.9054,104.3861685,191.7995685,383.599137,608.9623494,828.1221756,1656.244351,48.13024135,13.73628115,NA,3.589797468,NA,NA,-23.61529978,12.93145454,8.51,N/A,N/A,14.50527348,432.0488477,220.4064133,8.253395688,1103.229605,25368.42089,0.369395,1.833015,35.35129,8.23649,29.49688,98.296405,0.91332,69.07408,2.275,2.701898181,1.770289913,0.393866708,0.099628864,0.024628758,0.017257045,1.427171211,0.843311986,1.348166082,1.716002536,0.631811831,0.264314887,0.209042728,0.132097259,0.079682985,0.040309371,0.185796841,0.179340355,NA,0.239241757,0.12357311,0.121185763,0.028472234,0.064684152,0.043574133,0.068814232,0.206724786,0.657028411,18.80787923,18.44452401,4.333486009,9.84495513,6.632001316,10.47355504,31.46359927,Fish,32.006081526703355,14.231974278099907,1.0156257393887125,23.33167368421053,5.966085263157895,1.7661304565510365,39.85989659583899,16.053822624425447,1.1213057503537438,29.056918438596494,6.729809421052631,1.9499035520678236,1.3679458937764184,0.7756894557062959,0.24702277991408778
107,SD2,S,YB,4L WP,5,1,10.2,10.42,22,26,NA,636,159,± 5g for the weight due to the wind,112.76333,523.346075,1427.307477,590.8906,2834.89075,7731.520227,129.0076095,602.6061263,1643.471253,1292.19972,5486.492291,14963.16079,NA,NA,NA,NA,NA,NA,NA,NA,8.51,N/A,N/A,14.50527348,432.0488477,220.4064133,8.253395688,1103.229605,25368.42089,0.369395,1.833015,35.35129,8.23649,29.49688,98.296405,0.91332,69.07408,2.275,2.701898181,1.770289913,0.393866708,0.099628864,0.024628758,0.017257045,1.427171211,0.843311986,1.348166082,1.716002536,0.631811831,0.264314887,0.209042728,0.132097259,0.079682985,0.040309371,0.185796841,0.179340355,NA,0.239241757,0.12357311,0.121185763,0.028472234,0.064684152,0.043574133,0.068814232,0.206724786,0.657028411,18.80787923,18.44452401,4.333486009,9.84495513,6.632001316,10.47355504,31.46359927,Fish,20.137322428831748,8.992980547279384,1.0112636847669056,12.156478344339623,2.244194146226415,2.4463224304012496,38.9726709024728,10.354955219114203,1.6997235314200867,23.526982374213837,2.584074297169811,4.111758251609925,1.0848077807645913,0.3510604252167328,0.38851369739182384
108,SD2,S,GF,4L WP,5,1,10.22,10.43,21,26,NA,605,151.25,± 5g for the weight due to the wind,72.75084,323.283625,923.6675,761.5806,3688.34075,10538.11643,108.246927,498.8027138,1425.150611,1304.536919,5548.178285,15851.93796,NA,NA,NA,NA,NA,NA,NA,NA,8.51,N/A,N/A,14.50527348,432.0488477,220.4064133,8.253395688,1103.229605,25368.42089,0.369395,1.833015,35.35129,8.23649,29.49688,98.296405,0.91332,69.07408,2.275,2.701898181,1.770289913,0.393866708,0.099628864,0.024628758,0.017257045,1.427171211,0.843311986,1.348166082,1.716002536,0.631811831,0.264314887,0.209042728,0.132097259,0.079682985,0.040309371,0.185796841,0.179340355,NA,0.239241757,0.12357311,0.121185763,0.028472234,0.064684152,0.043574133,0.068814232,0.206724786,0.657028411,18.80787923,18.44452401,4.333486009,9.84495513,6.632001316,10.47355504,31.46359927,Fish,28.741191384616542,6.052528860496454,2.1445404363277247,17.41837426446281,1.5267231404958679,5.1524486414038275,43.23387255699811,9.338604209449455,2.090780834613774,26.201550347107435,2.355620844628099,5.02328642924812,1.241007617897756,0.18376028823100082,0.7120136715107206
109,SD2,S,GF,4L WP,5,1,10.23,10.44,21,26,NA,927,231.75,± 5g for the weight due to the wind,194.91078,934.083325,2668.8095,711.6866,3438.87075,9825.345,479.4571215,2354.853686,6728.153389,2634.004761,12195.5175,34844.3357,NA,NA,NA,NA,NA,NA,NA,NA,8.51,N/A,N/A,14.50527348,432.0488477,220.4064133,8.253395688,1103.229605,25368.42089,0.369395,1.833015,35.35129,8.23649,29.49688,98.296405,0.91332,69.07408,2.275,2.701898181,1.770289913,0.393866708,0.099628864,0.024628758,0.017257045,1.427171211,0.843311986,1.348166082,1.716002536,0.631811831,0.264314887,0.209042728,0.132097259,0.079682985,0.040309371,0.185796841,0.179340355,NA,0.239241757,0.12357311,0.121185763,0.028472234,0.064684152,0.043574133,0.068814232,0.206724786,0.657028411,18.80787923,18.44452401,4.333486009,9.84495513,6.632001316,10.47355504,31.46359927,Fish,18.08236293587506,12.510243588476387,0.6527633426878631,10.599077669902911,2.878974649406688,1.6626336876592958,64.12679904745006,31.538720840518188,0.9182518859544518,37.58828015102481,7.257986395900756,2.338851494108172,1.0252680746704672,0.459237840747738,0.2207965757666945
110,SD2,S,GF,4L WP,5,1,10.26,10.46,20,26,NA,633,158.25,± 5g for the weight due to the wind,100.10712,460.065025,1380.195075,659.1666,3176.27075,9528.81225,145.106244,683.0992988,2049.297896,1132.708597,4689.036679,14067.11004,NA,NA,NA,NA,NA,NA,NA,NA,8.51,N/A,N/A,14.50527348,432.0488477,220.4064133,8.253395688,1103.229605,25368.42089,0.369395,1.833015,35.35129,8.23649,29.49688,98.296405,0.91332,69.07408,2.275,2.701898181,1.770289913,0.393866708,0.099628864,0.024628758,0.017257045,1.427171211,0.843311986,1.348166082,1.716002536,0.631811831,0.264314887,0.209042728,0.132097259,0.079682985,0.040309371,0.185796841,0.179340355,NA,0.239241757,0.12357311,0.121185763,0.028472234,0.064684152,0.043574133,0.068814232,0.206724786,0.657028411,18.80787923,18.44452401,4.333486009,9.84495513,6.632001316,10.47355504,31.46359927,Fish,24.92691044188467,8.728476293382062,1.2897227436642646,15.053415876777253,2.1804029620853083,3.1179176353140723,36.79887723081296,12.959941987413439,1.282324241713236,22.222922654028434,3.2374374344391788,3.100031682832162,1.1776350599369831,0.3385367633466839,0.4938646384342644
111,SD2,S,YB,4L WP,4,1,10.28,10.58,30,26,NA,341,85.25,± 5g for the weight due to the wind,39.18437,124.36102,248.72204,563.3176,2157.6206,4315.2412,61.8449805,213.434385,426.86877,866.9042476,2688.011944,5376.023888,NA,NA,NA,NA,NA,NA,NA,NA,8.51,N/A,N/A,14.50527348,432.0488477,220.4064133,8.253395688,1103.229605,25368.42089,0.369395,1.833015,35.35129,8.23649,29.49688,98.296405,0.91332,69.07408,2.275,2.701898181,1.770289913,0.393866708,0.099628864,0.024628758,0.017257045,1.427171211,0.843311986,1.348166082,1.716002536,0.631811831,0.264314887,0.209042728,0.132097259,0.079682985,0.040309371,0.185796841,0.179340355,NA,0.239241757,0.12357311,0.121185763,0.028472234,0.064684152,0.043574133,0.068814232,0.206724786,0.657028411,18.80787923,18.44452401,4.333486009,9.84495513,6.632001316,10.47355504,31.46359927,Fish,19.965454486467067,2.5561855849182784,3.5273874158649394,12.654666275659824,0.729390146627566,7.835327365647263,24.873409220792503,4.387049079067524,2.560525845248413,15.765465947214075,1.2518145747800586,5.687653739276751,1.1022506965862935,-0.13704010789114418,0.8940571463214031
112,SD2,S,YB,4L WP,5,1,10.3,11,30,26,NA,582,145.5,± 5g for the weight due to the wind,128.32811,601.169975,1202.33995,768.1456,3721.16575,7442.3315,195.514638,935.1412688,1870.282538,1245.466914,5252.828262,10505.65652,NA,NA,NA,NA,NA,NA,NA,NA,8.51,N/A,N/A,14.50527348,432.0488477,220.4064133,8.253395688,1103.229605,25368.42089,0.369395,1.833015,35.35129,8.23649,29.49688,98.296405,0.91332,69.07408,2.275,2.701898181,1.770289913,0.393866708,0.099628864,0.024628758,0.017257045,1.427171211,0.843311986,1.348166082,1.716002536,0.631811831,0.264314887,0.209042728,0.132097259,0.079682985,0.040309371,0.185796841,0.179340355,NA,0.239241757,0.12357311,0.121185763,0.028472234,0.064684152,0.043574133,0.068814232,0.206724786,0.657028411,18.80787923,18.44452401,4.333486009,9.84495513,6.632001316,10.47355504,31.46359927,Fish,21.036190759925567,8.121968667094512,1.1696936508006008,12.78751116838488,2.065876202749141,2.7954264810745673,29.694860355652768,12.634011015145925,1.061466709188741,18.050956219931273,3.2135438797250857,2.536777168632434,1.1067860260254605,0.3151042929465236,0.4464480749229023
113,SD2,S,YB,4L WP,5,1,10.33,11.03,30,26,NA,444,111,± 5g for the weight due to the wind. Fish removed from the bag after 20min then out back for another 10min (took it out sooner than was supposed to),49.6395,207.726925,415.45385,1116.0906,5460.89075,10921.7815,77.943615,347.2861538,694.5723075,1439.775661,6224.371996,12448.74399,NA,NA,NA,NA,NA,NA,NA,NA,8.51,N/A,N/A,14.50527348,432.0488477,220.4064133,8.253395688,1103.229605,25368.42089,0.369395,1.833015,35.35129,8.23649,29.49688,98.296405,0.91332,69.07408,2.275,2.701898181,1.770289913,0.393866708,0.099628864,0.024628758,0.017257045,1.427171211,0.843311986,1.348166082,1.716002536,0.631811831,0.264314887,0.209042728,0.132097259,0.079682985,0.040309371,0.185796841,0.179340355,NA,0.239241757,0.12357311,0.121185763,0.028472234,0.064684152,0.043574133,0.068814232,0.206724786,0.657028411,18.80787923,18.44452401,4.333486009,9.84495513,6.632001316,10.47355504,31.46359927,Fish,39.61881533040058,3.4707356837009358,5.15520910962894,24.59860698198198,0.9357068693693693,11.872359472930393,45.15787916424112,5.802514268554134,3.514662777031795,28.03771168918919,1.564352043918919,8.094208988944912,1.3909105137225624,-0.028860182195460164,1.0745370377619878
114,SD2,S,YB,4L WP,5,1,10.36,11.06,30,26,NA,483,120.75,± 5g for the weight due to the wind,40.44213,161.740075,323.48015,283.1234,1296.05475,2592.1095,115.3128435,534.1322963,1068.264593,639.6462831,2223.725107,4447.450215,NA,NA,NA,NA,NA,NA,NA,NA,8.51,N/A,N/A,14.50527348,432.0488477,220.4064133,8.253395688,1103.229605,25368.42089,0.369395,1.833015,35.35129,8.23649,29.49688,98.296405,0.91332,69.07408,2.275,2.701898181,1.770289913,0.393866708,0.099628864,0.024628758,0.017257045,1.427171211,0.843311986,1.348166082,1.716002536,0.631811831,0.264314887,0.209042728,0.132097259,0.079682985,0.040309371,0.185796841,0.179340355,NA,0.239241757,0.12357311,0.121185763,0.028472234,0.064684152,0.043574133,0.068814232,0.206724786,0.657028411,18.80787923,18.44452401,4.333486009,9.84495513,6.632001316,10.47355504,31.46359927,Fish,8.70073671553262,2.529559075008138,1.5533794039945137,5.366686335403727,0.6697311594202898,3.618862229333681,14.928417713894394,8.353645179566737,0.8070567901100477,9.207971459627329,2.2117279358178057,1.8801764251194149,0.7297062129907559,-0.1740994949275089,0.5585720497622301
115,SD2,S,YB,4L WP,5,1,10.38,11.08,30,26,NA,504,126,± 5g for the weight due to the wind,19.68909,57.974875,115.94975,1175.9634,5760.25475,11520.5095,62.354892,269.3425388,538.6850775,1195.393206,5002.459721,10004.91944,NA,NA,NA,NA,NA,NA,NA,NA,8.51,N/A,N/A,14.50527348,432.0488477,220.4064133,8.253395688,1103.229605,25368.42089,0.369395,1.833015,35.35129,8.23649,29.49688,98.296405,0.91332,69.07408,2.275,2.701898181,1.770289913,0.393866708,0.099628864,0.024628758,0.017257045,1.427171211,0.843311986,1.348166082,1.716002536,0.631811831,0.264314887,0.209042728,0.132097259,0.079682985,0.040309371,0.185796841,0.179340355,NA,0.239241757,0.12357311,0.121185763,0.028472234,0.064684152,0.043574133,0.068814232,0.206724786,0.657028411,18.80787923,18.44452401,4.333486009,9.84495513,6.632001316,10.47355504,31.46359927,Fish,37.18228936448635,0.8769164006170289,19.148919596739518,22.85815376984127,0.23005902777777776,44.87125450408892,32.29074284314029,4.074021541464344,3.5794892035516623,19.851030634920633,1.0688195982142858,8.387740636529344,1.3590411499459651,-0.6381607198556289,1.6519682116455594
116,SD2,S,LB,4L WP,5,1,11.19,11.49,30,26,NA,557,139.25,± 5g for the weight due to the wind,197.81935,948.626175,1897.25235,833.533,4048.10275,8096.2055,266.465181,1289.893984,2579.787968,1768.925667,7870.122029,15740.24406,NA,NA,NA,NA,NA,NA,NA,NA,8.51,N/A,N/A,14.50527348,432.0488477,220.4064133,8.253395688,1103.229605,25368.42089,0.369395,1.833015,35.35129,8.23649,29.49688,98.296405,0.91332,69.07408,2.275,2.701898181,1.770289913,0.393866708,0.099628864,0.024628758,0.017257045,1.427171211,0.843311986,1.348166082,1.716002536,0.631811831,0.264314887,0.209042728,0.132097259,0.079682985,0.040309371,0.185796841,0.179340355,NA,0.239241757,0.12357311,0.121185763,0.028472234,0.064684152,0.043574133,0.068814232,0.206724786,0.657028411,18.80787923,18.44452401,4.333486009,9.84495513,6.632001316,10.47355504,31.46359927,Fish,23.82958882225473,13.26559293502609,0.8112528285321245,14.535377917414722,3.406198114901257,1.927182154217778,46.328313172354314,18.037883596331355,1.1599178973289654,28.258965996409337,4.631576244165171,2.755457970032425,1.1624263278377274,0.5322699042566965,0.2849227654249962
117,SD2,S,LB,4L WP,5,1,11.21,11.51,30,26,NA,392,98,± 5g for the weight due to the wind,58.2866,250.962425,501.92485,729.806,3529.46775,7058.9355,100.52541,460.1951288,920.3902575,1015.585903,4103.423209,8206.846418,NA,NA,NA,NA,NA,NA,NA,NA,8.51,N/A,N/A,14.50527348,432.0488477,220.4064133,8.253395688,1103.229605,25368.42089,0.369395,1.833015,35.35129,8.23649,29.49688,98.296405,0.91332,69.07408,2.275,2.701898181,1.770289913,0.393866708,0.099628864,0.024628758,0.017257045,1.427171211,0.843311986,1.348166082,1.716002536,0.631811831,0.264314887,0.209042728,0.132097259,0.079682985,0.040309371,0.185796841,0.179340355,NA,0.239241757,0.12357311,0.121185763,0.028472234,0.064684152,0.043574133,0.068814232,0.206724786,0.657028411,18.80787923,18.44452401,4.333486009,9.84495513,6.632001316,10.47355504,31.46359927,Fish,28.721984451374045,4.623827154570726,2.8052992360817917,18.007488520408163,1.2804205357142857,6.351361871879245,33.39269996341669,8.478810055789912,1.7786191786108998,20.93583269897959,2.347934330357143,4.026898054341139,1.255453146590475,0.10735263085469146,0.8028668575797488
118,SD2,S,YB,4L WP,5,1,11.24,11.54,30,26,NA,673,168.25,± 5g for the weight due to the wind. Fish double bagged because spikes pierce holes in the first bag to make sure no water is leaking outside the bags,53.96305,229.344675,458.68935,405.495,1907.91275,3815.8255,79.935714,357.2466488,714.4932975,685.6579608,2453.783496,4907.566992,NA,NA,NA,NA,NA,NA,NA,NA,8.51,N/A,N/A,14.50527348,432.0488477,220.4064133,8.253395688,1103.229605,25368.42089,0.369395,1.833015,35.35129,8.23649,29.49688,98.296405,0.91332,69.07408,2.275,2.701898181,1.770289913,0.393866708,0.099628864,0.024628758,0.017257045,1.427171211,0.843311986,1.348166082,1.716002536,0.631811831,0.264314887,0.209042728,0.132097259,0.079682985,0.040309371,0.185796841,0.179340355,NA,0.239241757,0.12357311,0.121185763,0.028472234,0.064684152,0.043574133,0.068814232,0.206724786,0.657028411,18.80787923,18.44452401,4.333486009,9.84495513,6.632001316,10.47355504,31.46359927,Fish,9.433818087217702,2.7645704123124992,1.5410835462529442,5.669874442793462,0.6815592124814265,3.7569567121147776,12.132917045960873,4.306328520738693,1.2724022018608907,7.29207576820208,1.0616542310549777,3.101947330768709,0.7535734417137676,-0.16649640756687323,0.5748361911246062
119,SD2,S,YB,4L WP,5,1,11.26,11.56,30,26,NA,408,102,± 5g for the weight due to the wind. Fish double bagged because spikes pierce holes in the first bag to make sure no water is leaking outside the bags,65.99038,289.481325,578.96265,496.3546,2362.21075,4724.4215,115.531377,535.2249638,1070.449928,802.9160627,3040.074005,6080.148011,NA,NA,NA,NA,NA,NA,NA,NA,8.51,N/A,N/A,14.50527348,432.0488477,220.4064133,8.253395688,1103.229605,25368.42089,0.369395,1.833015,35.35129,8.23649,29.49688,98.296405,0.91332,69.07408,2.275,2.701898181,1.770289913,0.393866708,0.099628864,0.024628758,0.017257045,1.427171211,0.843311986,1.348166082,1.716002536,0.631811831,0.264314887,0.209042728,0.132097259,0.079682985,0.040309371,0.185796841,0.179340355,NA,0.239241757,0.12357311,0.121185763,0.028472234,0.064684152,0.043574133,0.068814232,0.206724786,0.657028411,18.80787923,18.44452401,4.333486009,9.84495513,6.632001316,10.47355504,31.46359927,Fish,18.52713214033173,5.168629413662957,1.6188221798656068,11.579464460784315,1.4190261029411766,3.6852285888863805,23.843703537580662,9.556331455430147,1.1268052210708448,14.902323556372549,2.6236517843137257,2.5651580923739594,1.063688474149235,0.15199038436448442,0.5664644316287158
121,SD2,S,LB,4L WP,6,1,11.32,12.02,30,26,NA,726,181.5,± 5g for the weight due to the wind,63.0032,329.45451,658.90902,766.53,4455.7053,8911.4106,92.0026035,501.0973155,1002.194631,1207.095841,6073.167479,12146.33496,NA,NA,NA,NA,NA,NA,NA,NA,8.51,N/A,N/A,14.50527348,432.0488477,220.4064133,8.253395688,1103.229605,25368.42089,0.369395,1.833015,35.35129,8.23649,29.49688,98.296405,0.91332,69.07408,2.275,2.701898181,1.770289913,0.393866708,0.099628864,0.024628758,0.017257045,1.427171211,0.843311986,1.348166082,1.716002536,0.631811831,0.264314887,0.209042728,0.132097259,0.079682985,0.040309371,0.185796841,0.179340355,NA,0.239241757,0.12357311,0.121185763,0.028472234,0.064684152,0.043574133,0.068814232,0.206724786,0.657028411,18.80787923,18.44452401,4.333486009,9.84495513,6.632001316,10.47355504,31.46359927,Fish,20.54461125012677,3.741900229460861,2.479545408310401,12.274670247933884,0.9075881818181819,6.107835665845378,28.002494898734,5.691396241173543,2.222000978827558,16.730488925619834,1.3804333760330578,5.4734294369201315,1.0890098338763654,-0.04211116792655352,0.7858873436468843
122,SD2,S,GF,4L WP,6,1,11.34,12.04,30,26,NA,1070,267.5,± 5g for the weight due to the wind,163.85983,934.59429,1869.18858,724.10436,4201.15146,8402.30292,201.487887,1158.009017,2316.018033,1110.019487,5490.709353,10981.41871,NA,NA,NA,NA,NA,NA,NA,NA,8.51,N/A,N/A,14.50527348,432.0488477,220.4064133,8.253395688,1103.229605,25368.42089,0.369395,1.833015,35.35129,8.23649,29.49688,98.296405,0.91332,69.07408,2.275,2.701898181,1.770289913,0.393866708,0.099628864,0.024628758,0.017257045,1.427171211,0.843311986,1.348166082,1.716002536,0.631811831,0.264314887,0.209042728,0.132097259,0.079682985,0.040309371,0.185796841,0.179340355,NA,0.239241757,0.12357311,0.121185763,0.028472234,0.064684152,0.043574133,0.068814232,0.206724786,0.657028411,18.80787923,18.44452401,4.333486009,9.84495513,6.632001316,10.47355504,31.46359927,Fish,13.547932722858635,7.8287938484220945,0.7815279528546112,7.852619551401869,1.7469052149532711,2.030072543822128,17.706517284742343,9.70026669518013,0.8243579200717966,10.263008140186916,2.164502834579439,2.1413263258305943,0.8950145569927206,0.24226934130833827,0.3075115575283477
125,SD3,S,WP,4L WP,2,1,12.25,13.04,39,25,NA,40,10,"± 5g for the weight due to the wind. Fish was upside down during the incubation due to bag floating in the water and not leaving enough water for the fish to stand. For all values under detection limit (negative value), divide instrument detection limit by 2 (=lowest standard used for standard curve)",117.55854,225.21765,346.4886923,761.06412,1491.92496,2295.269169,149.185536,288.9008445,444.4628377,1224.123525,2237.090194,3441.677222,48.13024135,13.73628115,NA,3.589797468,NA,NA,-23.61529978,12.93145454,8.49,N/A,N/A,14.27244405,483.6804172,247.4617148,12.20344598,1214.399805,25948.33868,0.412365,10.04558,44.27296,17.441475,36.730185,106.54972,1.13458,78.850655,2.785,2.890536497,1.987586475,0.458108039,0.110350155,0.021620846,0.016816158,1.285718582,0.992564023,1.376004719,3.032565872,0.75201893,0.239664777,0.121883668,0.119878817,0.055794801,0.016066628,0.131904636,0.126780745,NA,0.134618177,0.090759504,0.067309829,0.099639696,0.010790832,0.01556161,0.075151658,0.116056028,0.475269157,19.09644309,14.16246528,20.96489837,2.270467471,3.274273124,15.81244155,24.41901111,Fish,76.5656405281367,19.148250017816217,1.805806336040246,57.381729225,8.6622173075,2.991650798806672,114.80754612686043,24.5626646093803,2.110869078869462,86.04193054999999,11.1115709425,3.4970434204055123,1.7587736317726426,0.9376290745986638,0.47591089901794403
126,SD3,S,DM,0.5L WP,0.3,10,12.34,13.42,68,25,0.0469,0.00469,0.00469,"± 5g for the weight due to the wind.For all values under detection limit (negative value), divide instrument detection limit by 2 (=lowest standard used for standard curve)",17.72384,3.8322375,0.338138603,60.65064,13.6647,1.205708824,25.5684195,6.249991725,0.551469858,355.7733014,75.05846202,6.622805473,47.41657726,10.93176059,1.333496227,5.060423677,91.8583961,18.15231332,-25.89124169,9.176795153,8.49,N/A,N/A,14.27244405,483.6804172,247.4617148,12.20344598,1214.399805,25948.33868,0.412365,10.04558,44.27296,17.441475,36.730185,106.54972,1.13458,78.850655,2.785,2.890536497,1.987586475,0.458108039,0.110350155,0.021620846,0.016816158,1.285718582,0.992564023,1.376004719,3.032565872,0.75201893,0.239664777,0.121883668,0.119878817,0.055794801,0.016066628,0.131904636,0.126780745,NA,0.134618177,0.090759504,0.067309829,0.099639696,0.010790832,0.01556161,0.075151658,0.116056028,0.475269157,19.09644309,14.16246528,20.96489837,2.270467471,3.274273124,15.81244155,24.41901111,Dreissenid,169.03846997952377,22.758364305941914,3.3543691083444727,257.08077270788914,72.09778315565032,1.6103268234405432,928.5068516077611,37.11659012239445,11.297526888565987,1412.112041151386,117.58419147121536,5.423586373348605,2.4100695965996044,1.8579219113481453,0.2069140270954242
127,SD3,S,DM,0.5L WP,0.3,10,12.39,14.08,89,25,0.0504,0.0504,0.0504,"± 5g for the weight due to the wind.For all values under detection limit (negative value), divide instrument detection limit by 2 (=lowest standard used for standard curve)",14.81527,2.9596665,0.199528079,64.03428,14.679792,0.989648899,21.9261945,5.157324225,0.347684779,293.1214316,56.26290107,3.793004566,46.66773926,10.92412919,1.373168117,4.984101169,87.79575127,17.615573,-25.71436521,9.305903626,8.49,N/A,N/A,14.27244405,483.6804172,247.4617148,12.20344598,1214.399805,25948.33868,0.412365,10.04558,44.27296,17.441475,36.730185,106.54972,1.13458,78.850655,2.785,2.890536497,1.987586475,0.458108039,0.110350155,0.021620846,0.016816158,1.285718582,0.992564023,1.376004719,3.032565872,0.75201893,0.239664777,0.121883668,0.119878817,0.055794801,0.016066628,0.131904636,0.126780745,NA,0.134618177,0.090759504,0.067309829,0.099639696,0.010790832,0.01556161,0.075151658,0.116056028,0.475269157,19.09644309,14.16246528,20.96489837,2.270467471,3.274273124,15.81244155,24.41901111,Dreissenid,15.545243403572202,2.0823311181602455,3.3714294732538317,19.6358908531746,3.9588904563492062,2.2399765220593983,59.57989673803573,3.628536085000688,7.415401007305394,75.2580271031746,6.89850751984127,4.926789745949734,1.2930506093926042,0.597573484863784,0.3502434663727855
128,SD3,S,DM,0.5L WP,0.3,10,12.47,14.15,88,25,0.0481,0.0481,0.0481,"± 5g for the weight due to the wind. 1 mussel looking dead as shell broken up. For all values under detection limit (negative value), divide instrument detection limit by 2 (=lowest standard used for standard curve)",12.6928,2.3229255,0.158381284,55.44504,12.10302,0.825205909,9.178407,1.332987975,0.090885544,219.5728812,34.19833595,2.331704724,43.39079031,10.2791689,1.297009076,4.925980006,86.42412532,17.54884933,-25.33933701,9.525791494,8.49,N/A,N/A,14.27244405,483.6804172,247.4617148,12.20344598,1214.399805,25948.33868,0.412365,10.04558,44.27296,17.441475,36.730185,106.54972,1.13458,78.850655,2.785,2.890536497,1.987586475,0.458108039,0.110350155,0.021620846,0.016816158,1.285718582,0.992564023,1.376004719,3.032565872,0.75201893,0.239664777,0.121883668,0.119878817,0.055794801,0.016066628,0.131904636,0.126780745,NA,0.134618177,0.090759504,0.067309829,0.099639696,0.010790832,0.01556161,0.075151658,0.116056028,0.475269157,19.09644309,14.16246528,20.96489837,2.270467471,3.274273124,15.81244155,24.41901111,Dreissenid,13.532502322908567,1.7146401554760478,3.5642771122795387,17.156048004158006,3.2927501871101876,2.3530156272920517,38.23748624401438,0.9839294098328257,17.55059052219018,48.476189688149695,1.8895123492723493,11.586308377831438,1.234417252763571,0.5175587831033519,0.3716248115041845
130,SD3,S,YP,4L WP,3,1,12.56,13.32,36,25,NA,48,12,"± 5g for the weight due to the wind. For all values under detection limit (negative value), divide instrument detection limit by 2 (=lowest standard used for standard curve)",18.82438,41.623995,69.373325,657.99324,1928.6748,3214.458,50.0546115,135.9584933,226.5974888,674.0025544,1705.272379,2842.120632,44.8495199,13.60623118,NA,3.291141816,NA,NA,-22.95776897,13.28049429,8.49,N/A,N/A,14.27244405,483.6804172,247.4617148,12.20344598,1214.399805,25948.33868,0.412365,10.04558,44.27296,17.441475,36.730185,106.54972,1.13458,78.850655,2.785,2.890536497,1.987586475,0.458108039,0.110350155,0.021620846,0.016816158,1.285718582,0.992564023,1.376004719,3.032565872,0.75201893,0.239664777,0.121883668,0.119878817,0.055794801,0.016066628,0.131904636,0.126780745,NA,0.134618177,0.090759504,0.067309829,0.099639696,0.010790832,0.01556161,0.075151658,0.116056028,0.475269157,19.09644309,14.16246528,20.96489837,2.270467471,3.274273124,15.81244155,24.41901111,Fish,90.6395523217508,3.322600137011,12.319866876288442,66.967875,1.4452776041666666,20.925776725815282,80.14058411367996,10.852771541990075,3.334864436956011,59.2108465,4.720781016666667,5.664397945152708,1.8258665182819154,0.15995127295998757,1.3206815871658932
132,SD4,S,WP,1L WP,0.5,1,11.01,11.34,33,23.3,NA,41,10.25,"± 5g for the weight due to the wind. Fish upside down in the bag. For all values under detection limit (negative value), divide instrument detection limit by 2 (=lowest standard used for standard curve)",323.35952,158.5760225,288.3200409,1042.4268,508.52205,924.5855455,644.356539,1277.057516,2321.922755,3538.919241,1689.146667,3071.175758,48.13024135,13.73628115,NA,3.589797468,NA,NA,-23.61529978,12.93145454,8.47,N/A,N/A,11.1059638,349.5018751,154.2622436,6.512968433,977.210135,23667.10218,0.34913,7.119425,12.855995,3.67223,27.063825,91.942085,0.70596,53.014785,2.269,2.176298686,1.364700119,0.293021728,0.080565156,0.02675219,0.016297523,1.641488136,0.608124219,1.549843831,3.202190583,0.76202888,0.169395869,0.04177961,0.082216389,0.042639602,0.010513904,0.099945088,0.077852128,NA,0.06865811,0.058816906,0.038127227,0.061890641,0.009647798,0.007502749,0.065927326,0.075172654,0.3170853,18.54923762,12.0242809,19.51860925,3.042650647,2.366161016,20.79166885,23.70739172,Fish,30.148242382946982,15.627769692926899,0.871227023257213,22.550866963414634,7.032196119512195,1.4482335712094823,100.14276299630397,125.85484500708647,0.35934861253270134,74.90672580487805,56.63226231707317,0.5973422661888236,1.3531632428964329,0.8470909741866247,0.16083861055377355
133,SD4,S,WP,1L WP,0.7,1,11.03,11.36,33,23.3,NA,56,14,"± 5g for the weight due to the wind. For all values under detection limit (negative value), divide instrument detection limit by 2 (=lowest standard used for standard curve)",225.01841,153.1676545,278.4866445,889.12188,604.617426,1099.304411,441.0912615,217.6317401,395.694073,2023.746403,1304.184347,2371.244267,48.13024135,13.73628115,NA,3.589797468,NA,NA,-23.61529978,12.93145454,8.47,N/A,N/A,11.1059638,349.5018751,154.2622436,6.512968433,977.210135,23667.10218,0.34913,7.119425,12.855995,3.67223,27.063825,91.942085,0.70596,53.014785,2.269,2.176298686,1.364700119,0.293021728,0.080565156,0.02675219,0.016297523,1.641488136,0.608124219,1.549843831,3.202190583,0.76202888,0.169395869,0.04177961,0.082216389,0.042639602,0.010513904,0.099945088,0.077852128,NA,0.06865811,0.058816906,0.038127227,0.061890641,0.009647798,0.007502749,0.065927326,0.075172654,0.3170853,18.54923762,12.0242809,19.51860925,3.042650647,2.366161016,20.79166885,23.70739172,Fish,26.891532140055528,11.817866987639045,1.0276442368714442,19.630435910714287,4.972975794642857,1.7827068779976811,58.006127129014956,16.7916846817088,1.560076667361157,42.343647625,7.065965589285715,2.706344574631572,1.2929299435896071,0.6966163453615989,0.25107994007197343
134,SD4,S,GS,4L WP,6,1,11.08,11.38,30,23.3,NA,524,131,"± 5g for the weight due to the wind. Fish upside down in the bag. For all values under detection limit (negative value), divide instrument detection limit by 2 (=lowest standard used for standard curve)",143.26401,822.33921,1644.67842,627.80076,3614.50836,7229.01672,319.722339,219.7261904,439.4523809,1433.551471,7637.553382,15275.10676,51.79411588,11.13641949,NA,5.082159953,NA,NA,-24.14537322,11.34382714,8.47,N/A,N/A,11.1059638,349.5018751,154.2622436,6.512968433,977.210135,23667.10218,0.34913,7.119425,12.855995,3.67223,27.063825,91.942085,0.70596,53.014785,2.269,2.176298686,1.364700119,0.293021728,0.080565156,0.02675219,0.016297523,1.641488136,0.608124219,1.549843831,3.202190583,0.76202888,0.169395869,0.04177961,0.082216389,0.042639602,0.010513904,0.099945088,0.077852128,NA,0.06865811,0.058816906,0.038127227,0.061890641,0.009647798,0.007502749,0.065927326,0.075172654,0.3170853,18.54923762,12.0242809,19.51860925,3.042650647,2.366161016,20.79166885,23.70739172,Fish,22.509421721456732,12.064320980259017,0.8426123036841525,13.795833435114503,3.1386992748091602,1.98501858398987,47.563013507750554,3.2235448062343073,6.663493733625544,29.15096709923664,0.838649581870229,15.69779937666903,1.1397479422445458,0.49674970705160815,0.29776457703690296
135,SD4,S,GS,4L WP,6,1,11.12,11.46,34,23.3,NA,614,153.5,"± 5g for the weight due to the wind. For all values under detection limit (negative value), divide instrument detection limit by 2 (=lowest standard used for standard curve)",316.59906,1862.34951,3286.499135,508.59252,2899.25892,5116.339271,585.332139,3477.026147,6135.928494,1992.813138,10993.123380000001,19399.62949,51.79411588,11.13641949,NA,5.082159953,NA,NA,-24.14537322,11.34382714,8.47,N/A,N/A,11.1059638,349.5018751,154.2622436,6.512968433,977.210135,23667.10218,0.34913,7.119425,12.855995,3.67223,27.063825,91.942085,0.70596,53.014785,2.269,2.176298686,1.364700119,0.293021728,0.080565156,0.02675219,0.016297523,1.641488136,0.608124219,1.549843831,3.202190583,0.76202888,0.169395869,0.04177961,0.082216389,0.042639602,0.010513904,0.099945088,0.077852128,NA,0.06865811,0.058816906,0.038127227,0.061890641,0.009647798,0.007502749,0.065927326,0.075172654,0.3170853,18.54923762,12.0242809,19.51860925,3.042650647,2.366161016,20.79166885,23.70739172,Fish,13.765421877071088,21.287308534966513,0.2920351404603665,8.332800115635179,5.352604454397394,0.7030596197203977,52.19436594096799,39.743629203867236,0.5930925183937927,31.59548776872964,9.993368882736156,1.427839813330763,0.9207909642428124,0.7285651511697948,-0.15300784508301707
136,SD4,S,GS,4L WP,5,1,11.16,11.49,33,23.3,NA,216,54,"± 5g for the weight due to the wind. For all values under detection limit (negative value), divide instrument detection limit by 2 (=lowest standard used for standard curve)",135.08857,644.405475,1171.646318,338.62968,1566.2349,2847.699818,310.130874,1825.818557,3319.670103,1171.546251,5054.601716,9190.184938,51.79411588,11.13641949,NA,5.082159953,NA,NA,-24.14537322,11.34382714,8.47,N/A,N/A,11.1059638,349.5018751,154.2622436,6.512968433,977.210135,23667.10218,0.34913,7.119425,12.855995,3.67223,27.063825,91.942085,0.70596,53.014785,2.269,2.176298686,1.364700119,0.293021728,0.080565156,0.02675219,0.016297523,1.641488136,0.608124219,1.549843831,3.202190583,0.76202888,0.169395869,0.04177961,0.082216389,0.042639602,0.010513904,0.099945088,0.077852128,NA,0.06865811,0.058816906,0.038127227,0.061890641,0.009647798,0.007502749,0.065927326,0.075172654,0.3170853,18.54923762,12.0242809,19.51860925,3.042650647,2.366161016,20.79166885,23.70739172,Fish,20.070788125371507,17.23191586036409,0.5260138784787189,13.183795453703704,5.424288509259259,1.0976503425691475,64.77306826992903,48.82384301493805,0.5991407395619394,42.54715249074074,15.368843069444445,1.2502465522949158,1.1200404563359825,0.7343427809045481,0.04046401727539951
137,SD4,S,GS,4L WP,4,1,11.18,11.5,32,23.3,NA,154,38.5,"± 5g for the weight due to the wind. For all values under detection limit (negative value), divide instrument detection limit by 2 (=lowest standard used for standard curve)",168.96948,651.04802,1220.715038,378.45252,1412.27928,2648.02365,377.271129,1857.216739,3482.2813849999998,1042.030018,3525.616442,6610.530828,NA,NA,NA,NA,NA,NA,NA,NA,8.47,N/A,N/A,11.1059638,349.5018751,154.2622436,6.512968433,977.210135,23667.10218,0.34913,7.119425,12.855995,3.67223,27.063825,91.942085,0.70596,53.014785,2.269,2.176298686,1.364700119,0.293021728,0.080565156,0.02675219,0.016297523,1.641488136,0.608124219,1.549843831,3.202190583,0.76202888,0.169395869,0.04177961,0.082216389,0.042639602,0.010513904,0.099945088,0.077852128,NA,0.06865811,0.058816906,0.038127227,0.061890641,0.009647798,0.007502749,0.065927326,0.075172654,0.3170853,18.54923762,12.0242809,19.51860925,3.042650647,2.366161016,20.79166885,23.70739172,Fish,25.493933800180177,23.41469571863273,0.4917163817330271,17.194958766233768,7.926721025974026,0.9796566857621498,63.64310051123684,66.79409731039452,0.43030816418711637,42.925524857142854,22.612216785714285,0.8573118278024434,1.23540113871467,0.8990935738472338,-0.008926093288598431
138,SD4,S,WP,1L WP,0.5,1,11.27,11.57,30,23.3,NA,41,10.25,"± 5g for the weight due to the wind. For all values under detection limit (negative value), divide instrument detection limit by 2 (=lowest standard used for standard curve)",253.63245,123.7124875,247.424975,749.35152,361.98441,723.96882,586.807749,2323.919871,4647.839742,2859.535183,1349.454638,2698.909276,48.13024135,13.73628115,NA,3.589797468,NA,NA,-23.61529978,12.93145454,8.47,N/A,N/A,11.1059638,349.5018751,154.2622436,6.512968433,977.210135,23667.10218,0.34913,7.119425,12.855995,3.67223,27.063825,91.942085,0.70596,53.014785,2.269,2.176298686,1.364700119,0.293021728,0.080565156,0.02675219,0.016297523,1.641488136,0.608124219,1.549843831,3.202190583,0.76202888,0.169395869,0.04177961,0.082216389,0.042639602,0.010513904,0.099945088,0.077852128,NA,0.06865811,0.058816906,0.038127227,0.061890641,0.009647798,0.007502749,0.065927326,0.075172654,0.3170853,18.54923762,12.0242809,19.51860925,3.042650647,2.366161016,20.79166885,23.70739172,Fish,23.60667173447188,13.411140320000543,0.7949419141938407,17.657776097560976,6.034755487804878,1.3214254569295654,88.00415647686756,251.92618879657206,0.15775975015661853,65.82705551219512,113.36194492682927,0.26224274530449576,1.2469360056189294,0.7806596783358793,0.12104266912701539
139,SD4,S,WP,4L WP,3,2,11.21,11.51,30,23.3,NA,149,37.25,"± 5g for the weight due to the wind. Fish upside down in the bag. For all values under detection limit (negative value), divide instrument detection limit by 2 (=lowest standard used for standard curve)",109.93337,311.177685,311.177685,580.69008,1665.92214,1665.92214,279.880869,137.0265439,137.0265439,1200.466749,3119.522523,3119.522523,48.13024135,13.73628115,NA,3.589797468,NA,NA,-23.61529978,12.93145454,8.47,N/A,N/A,11.1059638,349.5018751,154.2622436,6.512968433,977.210135,23667.10218,0.34913,7.119425,12.855995,3.67223,27.063825,91.942085,0.70596,53.014785,2.269,2.176298686,1.364700119,0.293021728,0.080565156,0.02675219,0.016297523,1.641488136,0.608124219,1.549843831,3.202190583,0.76202888,0.169395869,0.04177961,0.082216389,0.042639602,0.010513904,0.099945088,0.077852128,NA,0.06865811,0.058816906,0.038127227,0.061890641,0.009647798,0.007502749,0.065927326,0.075172654,0.3170853,18.54923762,12.0242809,19.51860925,3.042650647,2.366161016,20.79166885,23.70739172,Fish,16.534207307506566,6.125403513797069,1.2190317499673806,11.180685503355704,2.0884408389261746,2.417756704480748,30.961130089619868,2.697310616886068,5.183847110299536,20.93639277181208,0.919641234228188,10.281340995642834,1.0484684315645374,0.31982217713917155,0.38341259626933116
143,SD4,S,DM,0.5L WP,0.2,5,11.55,13.34,99,23.3,0.0477,0.00954,0.00954,"± 5g for the weight due to the wind + group includes one big mussel. For all values under detection limit (negative value), divide instrument detection limit by 2 (=lowest standard used for standard curve)",12.06392,1.171289,0.141974424,88.76088,12.675636,1.536440727,8.3771175,0.50986725,0.061802091,310.6520312,30.00522469,3.636996932,45.64230903,11.00170615,1.152525546,4.840205834,102.3051495,21.13698984,-23.65066719,6.687422403,8.47,N/A,N/A,11.1059638,349.5018751,154.2622436,6.512968433,977.210135,23667.10218,0.34913,7.119425,12.855995,3.67223,27.063825,91.942085,0.70596,53.014785,2.269,2.176298686,1.364700119,0.293021728,0.080565156,0.02675219,0.016297523,1.641488136,0.608124219,1.549843831,3.202190583,0.76202888,0.169395869,0.04177961,0.082216389,0.042639602,0.010513904,0.099945088,0.077852128,NA,0.06865811,0.058816906,0.038127227,0.061890641,0.009647798,0.007502749,0.065927326,0.075172654,0.3170853,18.54923762,12.0242809,19.51860925,3.042650647,2.366161016,20.79166885,23.70739172,Dreissenid,111.94233323936163,5.472586163480972,9.237790068149847,161.05248710691825,14.882015094339621,4.887334195874876,264.98511488135,2.3822408188167183,50.23450866005725,381.2365756813417,6.478206603773585,26.57700923879535,2.2069674359453426,1.1726617406924016,0.689072037096906
144,SD4,S,DM,0.5L WP,0.2,5,11.58,13.3,92,23.3,0.0774,0.01548,0.01548,"± 5g for the weight due to the wind + group includes one big mussel. For all values under detection limit (negative value), divide instrument detection limit by 2 (=lowest standard used for standard curve)",13.63612,1.485729,0.193790739,70.80156,9.083772,1.184839826,25.1313525,3.86071425,0.503571424,615.989885,91.07279546,11.87906028,46.27452065,10.8960368,1.416283327,4.954766002,84.40578904,17.03538987,-24.37444242,6.979933788,8.47,N/A,N/A,11.1059638,349.5018751,154.2622436,6.512968433,977.210135,23667.10218,0.34913,7.119425,12.855995,3.67223,27.063825,91.942085,0.70596,53.014785,2.269,2.176298686,1.364700119,0.293021728,0.080565156,0.02675219,0.016297523,1.641488136,0.608124219,1.549843831,3.202190583,0.76202888,0.169395869,0.04177961,0.082216389,0.042639602,0.010513904,0.099945088,0.077852128,NA,0.06865811,0.058816906,0.038127227,0.061890641,0.009647798,0.007502749,0.065927326,0.075172654,0.3170853,18.54923762,12.0242809,19.51860925,3.042650647,2.366161016,20.79166885,23.70739172,Dreissenid,55.252544403998,5.108557427112508,4.884502590980225,76.54004043927648,12.518781589147286,2.761168858938194,553.9553036584617,13.27474961616624,18.845806525636107,767.3811550387596,32.53045374677002,10.653378339127443,1.8838886873443204,1.0975620625118439,0.441092966676442
145,SD4,S,DM,0.5L WP,0.2,9,12.04,13.34,90,23.3,0.0569,0.006322222,0.006322222,"± 5g for the weight due to the wind + group includes one big mussel. For all values under detection limit (negative value), divide instrument detection limit by 2 (=lowest standard used for standard curve)",10.02006,0.762517,0.056482741,77.30856,10.385172,0.769272,12.383565,1.31115675,0.097122722,316.2572776,31.12627396,2.305649923,45.41677012,11.15522849,1.098260748,4.749969539,106.8295088,22.49089129,-23.81169154,7.219994855,8.47,N/A,N/A,11.1059638,349.5018751,154.2622436,6.512968433,977.210135,23667.10218,0.34913,7.119425,12.855995,3.67223,27.063825,91.942085,0.70596,53.014785,2.269,2.176298686,1.364700119,0.293021728,0.080565156,0.02675219,0.016297523,1.641488136,0.608124219,1.549843831,3.202190583,0.76202888,0.169395869,0.04177961,0.082216389,0.042639602,0.010513904,0.099945088,0.077852128,NA,0.06865811,0.058816906,0.038127227,0.061890641,0.009647798,0.007502749,0.065927326,0.075172654,0.3170853,18.54923762,12.0242809,19.51860925,3.042650647,2.366161016,20.79166885,23.70739172,Dreissenid,81.89676620641325,3.0071466877434,12.299245827292143,121.67747352117657,8.934001526678438,6.150784383681423,245.45969786728972,5.170823274439232,21.43812714055632,364.68980731774366,15.36211825525899,10.721088063701375,2.085210183562998,0.9510460223498297,0.7889305030571336
200,FD1,F,LP,1L WP,0.3,1,17.32,18.13,41,16.2,3,3,0.75,from minnow traps set 32h prior so been starved for that long + filtered water 5h later,35.455257,7.332511275,10.7305043,111.78209,28.407078,41.57133366,30.95294632,5.094274524,7.455035888,656.8723074,28.79579542,42.14018841,41.27,11.66,NA,3.540108709,NA,NA,-19.86,8.38,NA,NA,NA,NA,NA,NA,NA,NA,NA,NA,NA,NA,NA,NA,NA,NA,NA,NA,NA,NA,NA,NA,NA,NA,NA,NA,NA,NA,NA,NA,NA,NA,NA,NA,NA,NA,NA,NA,NA,NA,NA,NA,NA,NA,NA,NA,NA,NA,NA,NA,NA,NA,NA,Fish,15.100015369299909,4.52998702725243,1.5053821873348658,13.85711122,3.5768347666666664,1.7496056252604355,15.306641299036782,3.1472160968558858,2.1964417132334493,14.04672947,2.485011962666667,2.552778164482872,1.1416727027162585,0.553498878202546,0.24294016635767796
201,FD1,F,LP,1L WP,0.3,1,17.34,18.15,41,16.2,2,2,0.5,from minnow traps set 32h prior so been starved  for that long + filtered water 5h later,25.4040045,4.317135525,6.317759305,148.56292,39.441327,57.71901512,20.930644,2.087583826,3.055000721,805.2441259,73.30734099,107.2790356,48.02,13.57,NA,3.538577948,NA,NA,-18.68,8.73,NA,NA,NA,NA,NA,NA,NA,NA,NA,NA,NA,NA,NA,NA,NA,NA,NA,NA,NA,NA,NA,NA,NA,NA,NA,NA,NA,NA,NA,NA,NA,NA,NA,NA,NA,NA,NA,NA,NA,NA,NA,NA,NA,NA,NA,NA,NA,NA,NA,NA,NA,NA,NA,Fish,30.46670960118053,3.6666145863415394,3.752551256949875,28.85950756,3.1588796525,4.125933061275024,56.62673240568468,1.7730194621433935,14.4236222827507,53.6395178,1.5275003605,15.858784055121879,1.46028891630012,0.4995330803999979,0.6155221777440875
202,FD1,F,LP,1L WP,0.3,1,17.36,18.17,41,16.2,3,3,0.75,from minnow traps set 32h prior so been starved  for that long + filtered water 5h later,18.8339175,2.346109425,3.433330866,104.35124,26.177823,38.30900927,19.60067023,1.688591695,2.471109798,487.6137809,-21.98176254,-32.16843298,50.46,13.48,NA,3.742524072,NA,NA,-20.05,9.2,NA,NA,NA,NA,NA,NA,NA,NA,NA,NA,NA,NA,NA,NA,NA,NA,NA,NA,NA,NA,NA,NA,NA,NA,NA,NA,NA,NA,NA,NA,NA,NA,NA,NA,NA,NA,NA,NA,NA,NA,NA,NA,NA,NA,NA,NA,NA,NA,NA,NA,NA,NA,NA,Fish,13.9150365848439,1.4494141047262197,4.335689883300598,12.769669756666666,1.144443622,5.039084076474507,-11.68458621936581,1.0432030979062534,-5.058372541368976,-10.722810993333333,0.823703266,-5.8790100796332885,1.1061796658842529,0.05859440316401141,0.7023516045642068
203,FD1,F,LP,1L WP,0.3,1,17.37,18.18,41,16.2,4,4,1,from minnow traps set 32h prior so been starved  for that long + filtered water 5h later,16.3823925,1.610651925,2.357051598,192.6722,52.674111,77.08406488,17.13071894,0.94760631,1.386740941,769.7612576,62.66248047,91.70119093,44.83,13.22,NA,3.391624771,NA,NA,-17.39,7.88,NA,NA,NA,NA,NA,NA,NA,NA,NA,NA,NA,NA,NA,NA,NA,NA,NA,NA,NA,NA,NA,NA,NA,NA,NA,NA,NA,NA,NA,NA,NA,NA,NA,NA,NA,NA,NA,NA,NA,NA,NA,NA,NA,NA,NA,NA,NA,NA,NA,NA,NA,NA,NA,Fish,21.477211325668208,0.793914001398452,12.21717433235093,19.27101622,0.5892628995,14.769366255045904,25.54984430939183,0.46708907446342834,24.70329535921362,22.9252977325,0.34668523525,29.863862701924283,1.2849046169440683,-0.22969090159897093,1.1693618603870046
204,FD1,F,LP,1L WP,0.3,1,17.38,18.19,41,16.2,3,3,0.75,from minnow traps set 32h prior so been starved  for that long + filtered water 5h later,13.3425015,0.698684625,1.022465305,106.68665,26.878446,39.33431122,16.60822925,0.790859402,1.157355222,418.4139705,-42.74170565,-62.54883753,48.11,11.91,NA,4.037968661,NA,NA,-19.46,7.85,NA,NA,NA,NA,NA,NA,NA,NA,NA,NA,NA,NA,NA,NA,NA,NA,NA,NA,NA,NA,NA,NA,NA,NA,NA,NA,NA,NA,NA,NA,NA,NA,NA,NA,NA,NA,NA,NA,NA,NA,NA,NA,NA,NA,NA,NA,NA,NA,NA,NA,NA,NA,NA,Fish,14.287458488114952,0.43164369893274257,14.948441558372378,13.111437073333333,0.3408217683333334,17.373579719119768,-22.719704298147914,0.4885887927543961,-21.000300806482414,-20.84961251,0.385785074,-24.407253342243596,1.1176502949558882,-0.4674726745710341,1.2398893113708875
206,FD1,F,RG,1L WP,0.3,1,17.44,18.21,37,16.2,3,3,0.75,from minnow traps set 32h prior so been starved for that long,19.863558,2.655001575,4.305407959,63.5343,13.932741,22.59363405,18.93568334,1.48909563,2.41474967,494.2903978,-19.97877745,-32.39801748,48.77,14.15,NA,3.447834601,NA,NA,-19.3,9.96,NA,NA,NA,NA,NA,NA,NA,NA,NA,NA,NA,NA,NA,NA,NA,NA,NA,NA,NA,NA,NA,NA,NA,NA,NA,NA,NA,NA,NA,NA,NA,NA,NA,NA,NA,NA,NA,NA,NA,NA,NA,NA,NA,NA,NA,NA,NA,NA,NA,NA,NA,NA,NA,Fish,8.206718220628233,1.817569953473609,2.0391291319989655,7.5312113499999995,1.4351359863333333,2.3699442108412603,-11.767978527798983,1.0194101202831711,-5.2133786415245424,-10.79933916,0.8049165566666666,-6.059163363672073,0.8768648354715869,0.15689305460037087,0.37473812271518137
207,FD1,F,RG,1L WP,0.3,1,17.44,18.22,38,16.2,3,3,0.75,from minnow traps set 32h prior so been starved for that long,25.747218,4.420099575,6.979104592,116.23076,29.741679,46.96054579,22.97310371,2.700321741,4.263665906,715.2153529,46.29870908,73.10322487,45.1,13.73,NA,3.285531274,NA,NA,-16.77,7.8,NA,NA,NA,NA,NA,NA,NA,NA,NA,NA,NA,NA,NA,NA,NA,NA,NA,NA,NA,NA,NA,NA,NA,NA,NA,NA,NA,NA,NA,NA,NA,NA,NA,NA,NA,NA,NA,NA,NA,NA,NA,NA,NA,NA,NA,NA,NA,NA,NA,NA,NA,NA,NA,Fish,17.057546649315558,2.946297059272215,2.6146067450883237,15.653515263333333,2.326368197333333,3.038783577710039,26.553389605215457,1.7999481387578846,6.662332714970715,24.367741623333334,1.4212219686666667,7.743186343998143,1.194611881054134,0.36667845218743356,0.4826997707106658
208,FD1,F,RG,1L WP,0.3,1,17.46,18.23,37,16.2,2,2,0.5,from minnow traps set 32h prior so been starved for that long,31.336695,6.096942675,9.886934068,63.67492,13.974927,22.66204378,26.39303626,3.726301505,6.042651089,360.4553802,-60.12928273,-97.50694497,40.05,11.86,NA,3.376007376,NA,NA,-17.12,8.07,NA,NA,NA,NA,NA,NA,NA,NA,NA,NA,NA,NA,NA,NA,NA,NA,NA,NA,NA,NA,NA,NA,NA,NA,NA,NA,NA,NA,NA,NA,NA,NA,NA,NA,NA,NA,NA,NA,NA,NA,NA,NA,NA,NA,NA,NA,NA,NA,NA,NA,NA,NA,NA,Fish,11.962052806671306,5.738043334325143,0.9414737885029575,11.33102189,4.943467034,1.0351511716499624,-51.4685805071873,3.5069510491742273,-6.6279439723674445,-48.753472485,3.0213255445,-7.287429615577569,1.0542690785461308,0.6940316423660093,0.015003778024086704
209,FD1,F,RG,1L WP,0.3,1,17.46,18.24,38,16.2,2,2,0.5,from minnow traps set 32h prior so been starved for that long,38.4461175,8.229769425,12.99437278,114.21852,29.138007,46.00737947,39.12278519,7.545226183,11.91351503,739.225636,53.50179401,84.47651686,46.62,13.99,NA,3.331413171,NA,NA,-18.1,8.59,NA,NA,NA,NA,NA,NA,NA,NA,NA,NA,NA,NA,NA,NA,NA,NA,NA,NA,NA,NA,NA,NA,NA,NA,NA,NA,NA,NA,NA,NA,NA,NA,NA,NA,NA,NA,NA,NA,NA,NA,NA,NA,NA,NA,NA,NA,NA,NA,NA,NA,NA,NA,NA,Fish,24.284778021759927,7.541496039236566,1.4542630599473854,23.003689735,6.49718639,1.5989633793050273,44.59053055465321,6.91420262703363,2.912506336078487,42.23825843,5.956757515,3.202303009437542,1.3617975013667356,0.8127253258984084,0.20383851731229258
210,FD1,F,LP,1L WP,0.3,1,17.47,18.25,38,16.2,3,3,0.75,from minnow traps set 32h prior so been starved for that long,13.587654,0.772230375,1.219311118,70.5777,16.045761,25.33541211,31.47543602,5.251021432,8.291086472,344.9748529,-64.77344092,-102.2738541,45.4,12.49,NA,3.633998157,NA,NA,-20.22,10.51,NA,NA,NA,NA,NA,NA,NA,NA,NA,NA,NA,NA,NA,NA,NA,NA,NA,NA,NA,NA,NA,NA,NA,NA,NA,NA,NA,NA,NA,NA,NA,NA,NA,NA,NA,NA,NA,NA,NA,NA,NA,NA,NA,NA,NA,NA,NA,NA,NA,NA,NA,NA,NA,Fish,9.202618212286314,0.5147440784050249,8.07395617062184,8.44513737,0.40643703933333336,9.383822429329602,-37.14907925298292,3.500163003521476,-4.7932063497402915,-34.091284699999996,2.7636954906666666,-5.5708250456893245,0.9266067182702915,-0.3910067208887882,0.9723797810030449
211,FD1,F,RG,1L WP,0.3,1,17.48,18.27,39,16.2,4,4,1,from minnow traps set 32h prior so been starved for that long,45.0162045,10.20079553,15.69353158,89.1924,21.630171,33.27718615,34.467877,6.148753726,9.459621117,480.1249016,-24.22842632,-37.27450203,46.44,13.76,NA,3.374256971,NA,NA,-17.01,8.35,NA,NA,NA,NA,NA,NA,NA,NA,NA,NA,NA,NA,NA,NA,NA,NA,NA,NA,NA,NA,NA,NA,NA,NA,NA,NA,NA,NA,NA,NA,NA,NA,NA,NA,NA,NA,NA,NA,NA,NA,NA,NA,NA,NA,NA,NA,NA,NA,NA,NA,NA,NA,NA,Fish,9.271710831282114,5.285974419619291,0.7921385754051842,8.3192965375,3.923382895,0.9576178931923427,-10.385445531493598,3.1862372716334417,-1.4720188133907697,-9.3186255075,2.36490527925,-1.779526459871904,0.9200866048005493,0.5936606943316893,-0.018807747687174747
212,FD1,F,RG,1L WP,0.3,1,17.53,18.28,35,16.2,2,2,0.5,from minnow traps set 32h prior so been starved for that long,29.375475,5.508576675,9.4432743,76.62066,17.858649,30.61482686,27.6280119,4.096794197,7.023075767,688.5382988,38.29559285,65.64958775,45.51,12.92,NA,3.521781905,NA,NA,-19.06,7.37,NA,NA,NA,NA,NA,NA,NA,NA,NA,NA,NA,NA,NA,NA,NA,NA,NA,NA,NA,NA,NA,NA,NA,NA,NA,NA,NA,NA,NA,NA,NA,NA,NA,NA,NA,NA,NA,NA,NA,NA,NA,NA,NA,NA,NA,NA,NA,NA,NA,NA,NA,NA,NA,Fish,16.1598918050638,5.480558156718855,1.3316190514195758,15.30741343,4.72163715,1.464116195375157,34.65282491841085,4.075956491074963,3.8395068496552494,32.824793875,3.5115378835,4.221540803911825,1.1849018119928196,0.6740926092129266,0.16557554462385835
213,FD1,F,RG,1L WP,0.3,1,17.54,18.29,35,16.2,3,3,0.75,from minnow traps set 32h prior so been starved for that long,31.336695,6.096942675,10.45190173,103.0918,25.799991,44.228556,26.3455372,3.712051786,6.363517347,671.1126724,33.06790492,56.687837,43.22679673,12.92799186,NA,3.344076243,NA,NA,-17.95130753,8.281813964,NA,NA,NA,NA,NA,NA,NA,NA,NA,NA,NA,NA,NA,NA,NA,NA,NA,NA,NA,NA,NA,NA,NA,NA,NA,NA,NA,NA,NA,NA,NA,NA,NA,NA,NA,NA,NA,NA,NA,NA,NA,NA,NA,NA,NA,NA,NA,NA,NA,NA,NA,NA,NA,Fish,16.065202065060273,4.41237223557305,1.6442974794869782,14.742852,3.4839672433333333,1.9110576330155715,20.59080463843767,2.686420900982799,3.4615100928965634,18.895945666666666,2.121172449,4.02308302926691,1.1685815057788342,0.542074063067412,0.28127378455538743
214,FD1,F,LP,1L WP,0.3,1,17.55,18.31,36,16.2,4,4,1,from minnow traps set 32h prior so been starved for that long,19.6184055,2.581455825,4.302426375,205.66005,56.570466,94.28411,19.64816929,1.702841414,2.838069024,705.9393674,43.51591344,72.52652239,45.85557375,13.10790132,NA,3.498315453,NA,NA,-15.37456988,7.741518096,NA,NA,NA,NA,NA,NA,NA,NA,NA,NA,NA,NA,NA,NA,NA,NA,NA,NA,NA,NA,NA,NA,NA,NA,NA,NA,NA,NA,NA,NA,NA,NA,NA,NA,NA,NA,NA,NA,NA,NA,NA,NA,NA,NA,NA,NA,NA,NA,NA,NA,NA,NA,NA,Fish,26.269498868214683,1.449164940638897,8.18653854883566,23.5710275,1.07560659375,9.896722670858322,20.20738593003266,0.9559327156862858,9.546609376073775,18.1316305975,0.709517256,11.540914988478923,1.3723785145503695,0.03165345589829132,0.9954914004960435
215,FD1,F,LP,1L WP,0.3,1,17.55,18.32,37,16.2,2,2,0.5,from minnow traps set 32h prior so been starved for that long,16.725606,1.713615975,2.778836716,88.43775,21.403776,34.70882595,16.03824049,0.619862774,1.005182877,455.2233842,-31.69888153,-51.40359167,45.15198135,12.85159866,NA,3.513335776,NA,NA,-20.31259555,9.878768558,NA,NA,NA,NA,NA,NA,NA,NA,NA,NA,NA,NA,NA,NA,NA,NA,NA,NA,NA,NA,NA,NA,NA,NA,NA,NA,NA,NA,NA,NA,NA,NA,NA,NA,NA,NA,NA,NA,NA,NA,NA,NA,NA,NA,NA,NA,NA,NA,NA,NA,NA,NA,NA,Fish,18.320889894223974,1.6127431806215387,5.130358245645851,17.354412975,1.389418358,5.640832930047808,-27.13314315241823,0.5833742662263316,-21.00483045296165,-25.701795835,0.5025914385,-23.094827619434845,1.239409927945202,0.14283303278896803,0.7513432370001993
216,FD1,F,LP,1L WP,0.3,1,17.56,18.33,37,16.2,2,2,0.5,from minnow traps set 32h prior so been starved for that long,17.5591245,1.963671525,3.184332203,88.79352,21.510507,34.88190324,15.75324611,0.534364461,0.866536963,613.5859934,15.80990123,25.63767767,48.49396123,13.55137348,NA,3.578527395,NA,NA,-16.50143473,8.926693801,NA,NA,NA,NA,NA,NA,NA,NA,NA,NA,NA,NA,NA,NA,NA,NA,NA,NA,NA,NA,NA,NA,NA,NA,NA,NA,NA,NA,NA,NA,NA,NA,NA,NA,NA,NA,NA,NA,NA,NA,NA,NA,NA,NA,NA,NA,NA,NA,NA,NA,NA,NA,NA,Fish,18.412247924537322,1.848079095706684,4.49937925245239,17.44095162,1.5921661015,4.9470710302828484,13.532727105558426,0.5029088502351388,12.152409276246187,12.818838835,0.4332684815,13.361583566419805,1.2415701773878214,0.20198837320186278,0.6943481460299239
217,FD1,F,LP,1L WP,0.3,1,17.57,18.35,38,16.2,3,3,0.75,from minnow traps set 32h prior so been starved for that long,23.589876,3.772896975,5.95720575,181.00815,49.174896,77.64457263,20.0281618,1.816839166,2.86869342,503.9698666,-17.07493681,-26.96042654,46.91944451,11.96014318,NA,3.922983514,NA,NA,-19.76115105,8.056253553,NA,NA,NA,NA,NA,NA,NA,NA,NA,NA,NA,NA,NA,NA,NA,NA,NA,NA,NA,NA,NA,NA,NA,NA,NA,NA,NA,NA,NA,NA,NA,NA,NA,NA,NA,NA,NA,NA,NA,NA,NA,NA,NA,NA,NA,NA,NA,NA,NA,NA,NA,NA,NA,Fish,28.20294988957357,2.5148924982187073,5.064556869998903,25.88152421,1.98573525,5.886197713611165,-9.792874542983357,1.211046900914471,-3.6518721941679337,-8.986808846666667,0.95623114,-4.244328242623948,1.4129898491411752,0.29792134530306064,0.7698348456820799
218,FD1,F,RG,1L WP,0.3,1,17.57,18.35,38,16.2,1,1,0.25,from minnow traps set 32h prior so been starved for that long,17.215911,1.8607074750000001,2.937959171,43.66185,7.971006,12.58579895,15.37325361,0.420366709,0.663736909,402.501646,-47.515403,-75.02432053,41.29172884,11.07123614,NA,3.729640332,NA,NA,-17.65826939,7.76217261,NA,NA,NA,NA,NA,NA,NA,NA,NA,NA,NA,NA,NA,NA,NA,NA,NA,NA,NA,NA,NA,NA,NA,NA,NA,NA,NA,NA,NA,NA,NA,NA,NA,NA,NA,NA,NA,NA,NA,NA,NA,NA,NA,NA,NA,NA,NA,NA,NA,NA,NA,NA,NA,Fish,12.58579895,2.937959171,1.9346454026082194,12.58579895,2.937959171,1.9346454026082194,-75.02432053,0.663736909,-51.04726096691539,-75.02432053,0.663736909,-51.04726096691539,1.0998807898933527,0.4680457560789446,0.28660137565837346
219,FD1,F,GF,4L WP,6,1,18.47,19.2,33,16.2,665,665,166.25,NA,123.710157,676.1796255,1229.417501,757.84142,4444.49754,8080.904618,121.5811588,645.6547655,1173.917755,1914.086815,8119.202953,14762.18719,48.92521785,14.55616139,NA,3.361134612,NA,NA,-16.16,7.74,NA,NA,NA,NA,NA,NA,NA,NA,NA,NA,NA,NA,NA,NA,NA,NA,NA,NA,NA,NA,NA,NA,NA,NA,NA,NA,NA,NA,NA,NA,NA,NA,NA,NA,NA,NA,NA,NA,NA,NA,NA,NA,NA,NA,NA,NA,NA,NA,NA,NA,NA,NA,NA,Fish,20.19976575351587,7.479714803591011,1.2196287018920589,12.151736267669172,1.8487481218045112,2.9684308156158306,36.900908666009535,7.1420571149587255,2.333351053637324,22.19877772932331,1.765289857142857,5.679098204659756,1.0846383353495548,0.2668777457931295,0.47252693140039065
220,FD1,F,BB,4L WP,5,1,18.49,19.25,31,16.2,482,482,120.5,NA,58.2544395,236.2044338,457.1698718,469.9542,2264.31185,4382.539065,54.65497884,203.414738,393.7059445,1410.327431,4247.20554,8220.397819,47.21520728,13.93778469,NA,3.387568995,NA,NA,-17.54,9.6,NA,NA,NA,NA,NA,NA,NA,NA,NA,NA,NA,NA,NA,NA,NA,NA,NA,NA,NA,NA,NA,NA,NA,NA,NA,NA,NA,NA,NA,NA,NA,NA,NA,NA,NA,NA,NA,NA,NA,NA,NA,NA,NA,NA,NA,NA,NA,NA,NA,NA,NA,NA,NA,Fish,14.738666648148895,3.580810456217592,1.8588451178951255,9.092404699170125,0.9484852112033195,4.329268643299869,27.645550073245317,3.0837254370895377,4.048702578928791,17.0547672593361,0.8168173122406639,9.429468303874383,0.9586787577507869,-0.02296943624908081,0.6364145358438331
221,FD1,F,BB,4L WP,5,1,18.54,19.32,38,16.2,395,395,98.75,NA,74.385474,316.8596063,500.3046414,290.5152,1367.11685,2158.605553,48.86009313,174.4403094,275.4320676,659.9316179,495.2264761,781.9365413,NA,NA,NA,NA,NA,NA,NA,NA,NA,NA,NA,NA,NA,NA,NA,NA,NA,NA,NA,NA,NA,NA,NA,NA,NA,NA,NA,NA,NA,NA,NA,NA,NA,NA,NA,NA,NA,NA,NA,NA,NA,NA,NA,NA,NA,NA,NA,NA,NA,NA,NA,NA,NA,NA,NA,NA,NA,NA,NA,NA,NA,Fish,8.72160412185421,4.581401838622881,0.8597344430805695,5.464824184810126,1.2665940288607593,1.9485210410635967,3.1593270721241886,2.522193232881612,0.5656953054511915,1.9795861805063293,0.697296373670886,1.2821042757725671,0.7375761943195651,0.10263743628964553,0.2897050998738848
222,FD1,F,BB,4L WP,5,1,18.56,19.34,38,16.2,422,422,105.5,NA,51.4392,202.1282363,319.1498467,287.99939,1354.5378,2138.743895,39.8827702,129.5536948,204.5584654,648.9682761,440.4097673,695.3838432,NA,NA,NA,NA,NA,NA,NA,NA,NA,NA,NA,NA,NA,NA,NA,NA,NA,NA,NA,NA,NA,NA,NA,NA,NA,NA,NA,NA,NA,NA,NA,NA,NA,NA,NA,NA,NA,NA,NA,NA,NA,NA,NA,NA,NA,NA,NA,NA,NA,NA,NA,NA,NA,NA,NA,NA,NA,NA,NA,NA,NA,Fish,8.130395560522885,2.774712328721048,1.323305304645542,5.068113495260664,0.7562792575829385,3.026428963274258,2.6434888837462336,1.7784463998918094,0.6712789823221037,1.647829012322275,0.4847357,1.5352301146265392,0.7048463319046793,-0.12131781080421596,0.4809304845528606
223,FD1,F,BB,4L WP,5,1,18.58,19.35,37,16.2,421,421,105.25,NA,24.570486,67.78466625,109.9210804,384.38813,1836.4815,2978.078108,23.35309622,46.90532487,76.06268898,1111.52993,2753.218038,4464.677899,NA,NA,NA,NA,NA,NA,NA,NA,NA,NA,NA,NA,NA,NA,NA,NA,NA,NA,NA,NA,NA,NA,NA,NA,NA,NA,NA,NA,NA,NA,NA,NA,NA,NA,NA,NA,NA,NA,NA,NA,NA,NA,NA,NA,NA,NA,NA,NA,NA,NA,NA,NA,NA,NA,NA,NA,NA,NA,NA,NA,NA,Fish,11.345895295165283,0.9574433875223002,5.351703067484256,7.073819733966746,0.26109520285035626,12.235492004744678,17.00954982766104,0.6625273181090963,11.594589340343385,10.604935627078385,0.18067147026128266,26.508478400831365,0.8496539882549494,-0.5832011074752483,1.087621437574163
224,FD1,F,BB,4L WP,5,1,19.01,19.36,35,16.2,338,338,84.5,NA,61.3923915,251.8941938,431.8186179,252.68068,1177.94425,2019.333,43.68269525,148.55332,254.6628343,693.1839477,661.4881251,1133.979643,NA,NA,NA,NA,NA,NA,NA,NA,NA,NA,NA,NA,NA,NA,NA,NA,NA,NA,NA,NA,NA,NA,NA,NA,NA,NA,NA,NA,NA,NA,NA,NA,NA,NA,NA,NA,NA,NA,NA,NA,NA,NA,NA,NA,NA,NA,NA,NA,NA,NA,NA,NA,NA,NA,NA,NA,NA,NA,NA,NA,NA,Fish,9.419323004589037,4.46881024827744,0.9519061164353076,5.97435798816568,1.277569875443787,2.1118979147880723,5.2895290365905785,2.6354581219996525,0.9064153002360585,3.3549693579881654,0.7534403381656805,2.010972037525122,0.7762912423100978,0.10638466277133381,0.3246729213827294
225,FD1,F,BB,4L WP,5,1,19.02,19.36,34,16.2,394,394,98.5,NA,63.6477945,263.1712088,464.4197801,254.7123,1188.10235,2096.651206,41.73523366,138.8160121,244.9694331,455.8232928,-525.3151493,-927.026734,NA,NA,NA,NA,NA,NA,NA,NA,NA,NA,NA,NA,NA,NA,NA,NA,NA,NA,NA,NA,NA,NA,NA,NA,NA,NA,NA,NA,NA,NA,NA,NA,NA,NA,NA,NA,NA,NA,NA,NA,NA,NA,NA,NA,NA,NA,NA,NA,NA,NA,NA,NA,NA,NA,NA,NA,NA,NA,NA,NA,NA,Fish,8.491102197507953,4.261266629310244,0.8998947140804233,5.32144976142132,1.1787304063451778,2.0388337852226384,-3.754310071074369,2.2477080331188897,-0.7543216671495956,-2.352859730964467,0.6217498302030456,-1.709018261632567,0.7260299664324762,0.0714144866684865,0.3093818216079551
226,FD1,F,BB,4L WP,5,1,19.06,19.37,31,16.2,485,485,121.25,NA,26.2865535,76.36500375,147.8032331,403.35568,1931.31925,3738.037258,22.78310746,44.05538108,85.26847951,876.1434164,1576.285468,3050.8751,NA,NA,NA,NA,NA,NA,NA,NA,NA,NA,NA,NA,NA,NA,NA,NA,NA,NA,NA,NA,NA,NA,NA,NA,NA,NA,NA,NA,NA,NA,NA,NA,NA,NA,NA,NA,NA,NA,NA,NA,NA,NA,NA,NA,NA,NA,NA,NA,NA,NA,NA,NA,NA,NA,NA,NA,NA,NA,NA,NA,NA,Fish,12.499482024534748,1.1520528997291495,4.899885558420151,7.707293315463917,0.3047489342268041,11.421575990218395,10.201706360720992,0.6646255092980851,6.932057471414388,6.290464123711341,0.1758112979587629,16.158544977088948,0.8869018871893903,-0.5160578045290302,1.0577260335623857
227,FD1,F,BB,4L WP,5,1,19.08,19.38,30,16.2,400,400,100,NA,32.709549,108.4799813,216.9599625,151.01036,669.59265,1339.1853,25.72804938,58.78009066,117.5601813,673.2926341,562.031557,1124.063114,NA,NA,NA,NA,NA,NA,NA,NA,NA,NA,NA,NA,NA,NA,NA,NA,NA,NA,NA,NA,NA,NA,NA,NA,NA,NA,NA,NA,NA,NA,NA,NA,NA,NA,NA,NA,NA,NA,NA,NA,NA,NA,NA,NA,NA,NA,NA,NA,NA,NA,NA,NA,NA,NA,NA,NA,NA,NA,NA,NA,NA,Fish,5.348450555884294,1.9672306065783882,1.227832301523485,3.3479632500000003,0.54239990625,2.7875805025101004,4.48929359284509,1.065947763372536,1.9019908691240646,2.810157785,0.29390045324999997,4.318140723406494,0.5247806821737294,-0.2656803942057261,0.4452274182234208
228,FD1,F,BB,4L WP,5,1,19.11,19.4,29,16.2,417,417,104.25,NA,44.6239605,168.0520388,347.6938733,208.01026,954.59215,1975.018241,40.12026551,130.7411713,270.4989752,955.6127628,1973.632201,4083.376967,NA,NA,NA,NA,NA,NA,NA,NA,NA,NA,NA,NA,NA,NA,NA,NA,NA,NA,NA,NA,NA,NA,NA,NA,NA,NA,NA,NA,NA,NA,NA,NA,NA,NA,NA,NA,NA,NA,NA,NA,NA,NA,NA,NA,NA,NA,NA,NA,NA,NA,NA,NA,NA,NA,NA,NA,NA,NA,NA,NA,NA,Fish,7.590941991915895,3.0512911405420318,1.1235136843018012,4.736254774580336,0.8337982573141487,2.565313312185807,15.694375395706773,2.3738443209245323,2.985782333868612,9.792270904076739,0.6486785976019185,6.817422231151795,0.6754350560920436,-0.07893901690897763,0.4091404148449866
229,FD1,F,BB,4L WP,5,1,19.14,19.41,27,16.2,199,199,49.75,NA,43.0549845,160.2071588,356.0159083,319.86375,1513.8596,3364.132444,36.55783578,112.9290227,250.9533837,964.5132977,2018.134875,4484.744167,NA,NA,NA,NA,NA,NA,NA,NA,NA,NA,NA,NA,NA,NA,NA,NA,NA,NA,NA,NA,NA,NA,NA,NA,NA,NA,NA,NA,NA,NA,NA,NA,NA,NA,NA,NA,NA,NA,NA,NA,NA,NA,NA,NA,NA,NA,NA,NA,NA,NA,NA,NA,NA,NA,NA,NA,NA,NA,NA,NA,NA,Fish,25.571751095765908,5.58408085820779,2.068117035940099,16.90518816080402,1.7890246648241206,4.267465538620617,34.08984737543586,3.9361836186286085,3.9112542592992874,22.53640284924623,1.2610722798994973,8.070695455954002,1.2280200089819489,0.2526163281152612,0.630170022710653
230,FD1,F,YP,4L WP,4,1,19.17,19.42,28,16.2,208,208,52,NA,23.8350285,51.285903,109.8983636,261.00105,975.63688,2090.650457,28.24549972,57.09387392,122.3440155,988.6506252,1711.05721,3666.551164,NA,NA,NA,NA,NA,NA,NA,NA,NA,NA,NA,NA,NA,NA,NA,NA,NA,NA,NA,NA,NA,NA,NA,NA,NA,NA,NA,NA,NA,NA,NA,NA,NA,NA,NA,NA,NA,NA,NA,NA,NA,NA,NA,NA,NA,NA,NA,NA,NA,NA,NA,NA,NA,NA,NA,NA,NA,NA,NA,NA,NA,Fish,15.2566978399897,1.6649229945621395,4.1384025733686745,10.051204120192308,0.5283575173076923,8.591253696484786,26.756966013477648,1.8534704064785257,6.519548982613268,17.627649826923076,0.5881923822115385,13.53447333923742,1.0022180927445585,-0.27707210918878156,0.9340565437773055
231,FD1,F,YP,4L WP,2.5,1,19.45,20.18,33,16.2,168,168,42,NA,19.7164665,21.75728438,39.55869886,358.24452,852.881725,1550.694045,28.57799317,36.5149048,66.39073601,1032.628606,1179.355709,2144.283108,52.43,16.33,NA,3.21,NA,NA,-16.23,11.01,NA,NA,NA,NA,NA,NA,NA,NA,NA,NA,NA,NA,NA,NA,NA,NA,NA,NA,NA,NA,NA,NA,NA,NA,NA,NA,NA,NA,NA,NA,NA,NA,NA,NA,NA,NA,NA,NA,NA,NA,NA,NA,NA,NA,NA,NA,NA,NA,NA,NA,NA,NA,NA,Fish,13.77866455256406,0.7086855036358323,8.780513597686827,9.230321696428572,0.2354684455952381,17.703146459792823,19.052989689440313,1.189375625131479,7.234531973722184,12.76358992857143,0.3951829524404762,14.586160328092669,0.9652168373800979,-0.6280672831084859,1.248050462332549
232,FD1,F,YP,4L WP,2.5,1,19.48,20.21,33,16.2,149,149,37.25,NA,21.8738085,27.15063938,49.36479886,174.62585,393.83505,716.0637273,21.92812432,19.8902327,36.16405945,494.3154224,-166.4272505,-302.595001,NA,NA,NA,NA,NA,NA,NA,NA,NA,NA,NA,NA,NA,NA,NA,NA,NA,NA,NA,NA,NA,NA,NA,NA,NA,NA,NA,NA,NA,NA,NA,NA,NA,NA,NA,NA,NA,NA,NA,NA,NA,NA,NA,NA,NA,NA,NA,NA,NA,NA,NA,NA,NA,NA,NA,NA,NA,NA,NA,NA,NA,Fish,7.106902434566389,0.9717255670017906,3.3029581091707185,4.805796827516779,0.3313073748993289,6.550895096276406,-3.003242682607698,0.711874493276072,-1.9052559963798756,-2.030838932885906,0.24271180838926176,-3.7787739811722325,0.6817654063860081,-0.4797688966189913,0.8163006448489647
234,FD1,F,YP,4L WP,2.5,1,19.51,20.23,32,16.2,110,110,27.5,NA,20.255802,23.10562313,43.32304336,305.1965,720.261675,1350.490641,28.62549223,36.63365246,68.68809836,1014.181265,1133.237355,2124.820041,NA,NA,NA,NA,NA,NA,NA,NA,NA,NA,NA,NA,NA,NA,NA,NA,NA,NA,NA,NA,NA,NA,NA,NA,NA,NA,NA,NA,NA,NA,NA,NA,NA,NA,NA,NA,NA,NA,NA,NA,NA,NA,NA,NA,NA,NA,NA,NA,NA,NA,NA,NA,NA,NA,NA,NA,NA,NA,NA,NA,NA,Fish,17.730022789335937,1.0821774481773971,7.399070346214735,12.277187645454546,0.39384584872727274,14.077935247836438,27.895867328833802,1.7157776840768755,7.342520974187059,19.316545827272726,0.6244372578181818,13.970340866318125,1.0890988936828012,-0.4046737277859807,1.1485389633127472
235,FD1,F,YP,4L WP,2.5,1,19.52,20.24,32,16.2,95,95,23.75,NA,22.511205,28.74413063,53.89524492,272.54574,638.634775,1197.440203,25.30055781,28.32131641,53.10246827,976.9649711,1040.196621,1950.368665,NA,NA,NA,NA,NA,NA,NA,NA,NA,NA,NA,NA,NA,NA,NA,NA,NA,NA,NA,NA,NA,NA,NA,NA,NA,NA,NA,NA,NA,NA,NA,NA,NA,NA,NA,NA,NA,NA,NA,NA,NA,NA,NA,NA,NA,NA,NA,NA,NA,NA,NA,NA,NA,NA,NA,NA,NA,NA,NA,NA,NA,Fish,17.99544268391642,1.510455481352255,5.380479077768855,12.604633715789475,0.5673183675789474,10.033899044690138,29.310647358909563,1.4882373090764256,8.894459551884006,20.53019647368421,0.5589733502105263,16.58701909453239,1.1005302298202602,-0.24617315542868734,1.0014697270929127
236,FD1,F,YP,4L WP,2.5,1,19.53,20.26,33,16.2,89,89,22.25,NA,22.9524795,29.84731688,54.26784886,175.35608,395.660625,719.3829545,24.63557092,26.6588492,48.4706349,380.7081274,-450.4454881,-818.9917966,NA,NA,NA,NA,NA,NA,NA,NA,NA,NA,NA,NA,NA,NA,NA,NA,NA,NA,NA,NA,NA,NA,NA,NA,NA,NA,NA,NA,NA,NA,NA,NA,NA,NA,NA,NA,NA,NA,NA,NA,NA,NA,NA,NA,NA,NA,NA,NA,NA,NA,NA,NA,NA,NA,NA,NA,NA,NA,NA,NA,NA,Fish,11.481195758173989,1.6008142855733343,3.239011667737418,8.08295454494382,0.6097511107865169,5.986650133323586,-13.070931250572487,1.4298057949358234,-4.128533560881894,-9.202155017977528,0.5446138752808989,-7.630749292715478,0.9075701365202409,-0.21484739985717488,0.7771838782213811
237,FD1,F,YP,4L WP,2.5,1,19.55,20.27,32,16.2,98,98,24.5,NA,18.09846,17.712268130000002,33.21050273,236.6007,548.772175,1028.947828,19.31567585,13.35911151,25.04833409,541.1821244,-49.26049558,-92.36342922,NA,NA,NA,NA,NA,NA,NA,NA,NA,NA,NA,NA,NA,NA,NA,NA,NA,NA,NA,NA,NA,NA,NA,NA,NA,NA,NA,NA,NA,NA,NA,NA,NA,NA,NA,NA,NA,NA,NA,NA,NA,NA,NA,NA,NA,NA,NA,NA,NA,NA,NA,NA,NA,NA,NA,NA,NA,NA,NA,NA,NA,Fish,15.026412326768886,0.908309740894625,7.471153715995889,10.499467632653062,0.3388826809183674,13.992143378522343,-1.3488448428641353,0.6850738163194888,-0.889182626712659,-0.9424839716326531,0.25559524581632653,-1.665281063086279,1.0211672790639823,-0.4699506258329728,1.1458842467409203
238,FD1,F,YP,4L WP,2,1,19.58,20.32,34,16.2,68,68,17,NA,22.707327,23.3875485,41.27214441,247.23587,460.28808,812.2730824,27.01052408,26.07698567,46.01821001,800.615875,479.4591047,846.1043024,NA,NA,NA,NA,NA,NA,NA,NA,NA,NA,NA,NA,NA,NA,NA,NA,NA,NA,NA,NA,NA,NA,NA,NA,NA,NA,NA,NA,NA,NA,NA,NA,NA,NA,NA,NA,NA,NA,NA,NA,NA,NA,NA,NA,NA,NA,NA,NA,NA,NA,NA,NA,NA,NA,NA,NA,NA,NA,NA,NA,NA,Fish,16.61389840415699,1.5038442881170735,4.989247192336859,11.945192388235295,0.6069433001470589,8.888149869575402,17.305868215969486,1.6767779639805351,4.661054448320454,12.442710329411765,0.6767383825,8.303487257667667,1.0771931488515827,-0.21685187825491126,0.9488113689504591
239,FD1,F,YP,1L WP,0.4,1,20.01,20.34,33,16.2,24,24,6,NA,23.491815,4.9913049,9.075099818,189.65436,69.025012,125.5000218,16.22823674,0.9024822,1.640876727,687.3432009,50.5827513,91.96863873,NA,NA,NA,NA,NA,NA,NA,NA,NA,NA,NA,NA,NA,NA,NA,NA,NA,NA,NA,NA,NA,NA,NA,NA,NA,NA,NA,NA,NA,NA,NA,NA,NA,NA,NA,NA,NA,NA,NA,NA,NA,NA,NA,NA,NA,NA,NA,NA,NA,NA,NA,NA,NA,NA,NA,NA,NA,NA,NA,NA,NA,Fish,6.704203004889668,0.7489189041695421,4.042766935107275,5.229167575,0.37812915908333333,6.24537804946048,4.912958701408594,0.1354126813927398,16.385138524334565,3.8320266137499996,0.068369863625,25.312214658877686,0.7184325595446452,-0.42235983112541886,0.7955587325140294
240,FD1,F,YP,1L WP,0.4,1,20.02,20.35,33,16.2,24,24,6,NA,19.1281005,3.2458191,5.901489273,294.79776,111.082372,201.9679491,21.92812432,3.182437232,5.786249512,902.3048421,136.5674078,248.3043778,NA,NA,NA,NA,NA,NA,NA,NA,NA,NA,NA,NA,NA,NA,NA,NA,NA,NA,NA,NA,NA,NA,NA,NA,NA,NA,NA,NA,NA,NA,NA,NA,NA,NA,NA,NA,NA,NA,NA,NA,NA,NA,NA,NA,NA,NA,NA,NA,NA,NA,NA,NA,NA,NA,NA,NA,NA,NA,NA,NA,NA,Fish,10.789114709521296,0.4870179907594122,10.004770890712724,8.4153312125,0.245895386375,15.455646470275791,13.264403718008113,0.47750787657271226,12.54508284898761,10.346015741666667,0.24109372966666667,19.379990563727954,0.9250712137081983,-0.6092496196576876,1.1890871752098513
241,FD1,F,YP,1L WP,0.4,1,20.03,20.36,33,16.2,31,31,7.75,NA,33.297915,8.9137449,16.20680891,394.5741,150.992908,274.53256,32.94790698,7.590350293,13.8006369,1217.841179,262.7819426,477.7853502,NA,NA,NA,NA,NA,NA,NA,NA,NA,NA,NA,NA,NA,NA,NA,NA,NA,NA,NA,NA,NA,NA,NA,NA,NA,NA,NA,NA,NA,NA,NA,NA,NA,NA,NA,NA,NA,NA,NA,NA,NA,NA,NA,NA,NA,NA,NA,NA,NA,NA,NA,NA,NA,NA,NA,NA,NA,NA,NA,NA,NA,Fish,11.583432837161638,1.0940363499397183,4.781584938379743,8.855889032258064,0.5228002874193548,7.650022107381834,20.159337437502685,0.931608344663292,9.772579817916704,15.412430651612903,0.44518183548387097,15.63507761895979,0.9472321660255978,-0.2816641823298149,0.883662690199378
242,FD1,F,YP,4L WP,2,1,20.04,20.37,33,16.2,40,40,10,NA,18.392643,14.7581805,26.83305545,148.11206,262.04046,476.4372,18.98318241,10.02230233,18.22236787,781.4385781,441.1045108,802.0082015,NA,NA,NA,NA,NA,NA,NA,NA,NA,NA,NA,NA,NA,NA,NA,NA,NA,NA,NA,NA,NA,NA,NA,NA,NA,NA,NA,NA,NA,NA,NA,NA,NA,NA,NA,NA,NA,NA,NA,NA,NA,NA,NA,NA,NA,NA,NA,NA,NA,NA,NA,NA,NA,NA,NA,NA,NA,NA,NA,NA,NA,Fish,15.893002826036726,1.482894148977473,4.840187111259165,11.91093,0.67082638625,8.018661441583024,26.75340761163094,1.0070356223610044,11.997772287682578,20.0502050375,0.45555919675,19.876519608992098,1.0759456723223941,-0.17338986321353925,0.9041018773798989
243,FD1,F,YP,4L WP,2,1,20.07,20.38,31,16.2,36,36,9,NA,19.961619,17.8961325,34.63767581,165.92114,297.65862,576.1134581,27.39051659,26.83697068,51.94252391,811.3938532,501.0150611,969.7065699,NA,NA,NA,NA,NA,NA,NA,NA,NA,NA,NA,NA,NA,NA,NA,NA,NA,NA,NA,NA,NA,NA,NA,NA,NA,NA,NA,NA,NA,NA,NA,NA,NA,NA,NA,NA,NA,NA,NA,NA,NA,NA,NA,NA,NA,NA,NA,NA,NA,NA,NA,NA,NA,NA,NA,NA,NA,NA,NA,NA,NA,Fish,21.178157142882025,2.0792502643249255,4.599893142432554,16.00315161388889,0.9621576613888888,7.511481798812991,35.646794621941694,3.1180356084512724,5.1630431564908585,26.936293608333333,1.442847886388889,8.43108817870451,1.2042055197643928,-0.016753757628559157,0.8757256192369174
244,FD1,F,YP,4L WP,2.5,1,20.09,20.39,30,16.2,45,45,11.25,NA,19.863558,22.12501313,44.25002625,77.705,151.532925,303.06585,21.54813182,18.94025143,37.88050287,677.101007,290.5367107,581.0734215,NA,NA,NA,NA,NA,NA,NA,NA,NA,NA,NA,NA,NA,NA,NA,NA,NA,NA,NA,NA,NA,NA,NA,NA,NA,NA,NA,NA,NA,NA,NA,NA,NA,NA,NA,NA,NA,NA,NA,NA,NA,NA,NA,NA,NA,NA,NA,NA,NA,NA,NA,NA,NA,NA,NA,NA,NA,NA,NA,NA,NA,Fish,9.069518679280524,2.2294649532675384,1.837172481947979,6.734796666666667,0.9833339166666666,3.0930704450620925,17.389145792334226,1.9085469708803937,4.114733740228719,12.912742699999999,0.8417889526666666,6.9275810770399024,0.8283244882731556,-0.007298981109256121,0.49038981122637704
247,FD2,F,BB,4L WP,5,1,10.38,11.17,39,15.9,238,238,59.5,NA,40.946673,135.0790275,207.8138885,465.25965,2226.1852,3424.900308,36.79533109,117.322686,180.49644,1034.266698,2183.425486,3359.116133,NA,NA,NA,NA,NA,NA,NA,NA,NA,NA,NA,NA,NA,NA,NA,NA,NA,NA,NA,NA,NA,NA,NA,NA,NA,NA,NA,NA,NA,NA,NA,NA,NA,NA,NA,NA,NA,NA,NA,NA,NA,NA,NA,NA,NA,NA,NA,NA,NA,NA,NA,NA,NA,NA,NA,NA,NA,NA,NA,NA,NA,Fish,22.074375976210803,2.832346531053973,3.5197222205027514,14.39033742857143,0.8731675987394958,7.442857561249275,21.65037980649956,2.460030315546459,3.9745814588397437,14.113933331932772,0.7583884033613446,8.404709749936197,1.1580709775119005,-0.058902388342793766,0.8717397076986596
248,FD2,F,BB,4L WP,5,1,10.4,11.19,39,15.9,304,304,76,NA,52.4688405,192.689865,296.4459462,456.552299,2182.648445,3357.920685,45.48765965,160.7843288,247.3605058,1132.640245,2675.293219,4115.835721,NA,NA,NA,NA,NA,NA,NA,NA,NA,NA,NA,NA,NA,NA,NA,NA,NA,NA,NA,NA,NA,NA,NA,NA,NA,NA,NA,NA,NA,NA,NA,NA,NA,NA,NA,NA,NA,NA,NA,NA,NA,NA,NA,NA,NA,NA,NA,NA,NA,NA,NA,NA,NA,NA,NA,NA,NA,NA,NA,NA,NA,Fish,17.271311770734698,3.334097318330431,2.339447984441381,11.045791726973684,0.9751511388157894,5.115537347681359,21.169613163307233,2.782038377047772,3.4364984105624576,13.53893329276316,0.8136858743421053,7.514394883491099,1.0431968501606252,-0.010928067720175018,0.7088912597247657
249,FD2,F,YP,1L WP,0.4,1,10.42,11.23,41,15.9,15,15,3.75,NA,22.4621745,3.4125228,4.993935805,371.25924,140.494652,205.6019298,29.48047537,6.45987259,9.453472082,2023.420187,570.3354346,834.6372214,NA,NA,NA,NA,NA,NA,NA,NA,NA,NA,NA,NA,NA,NA,NA,NA,NA,NA,NA,NA,NA,NA,NA,NA,NA,NA,NA,NA,NA,NA,NA,NA,NA,NA,NA,NA,NA,NA,NA,NA,NA,NA,NA,NA,NA,NA,NA,NA,NA,NA,NA,NA,NA,NA,NA,NA,NA,NA,NA,NA,NA,Fish,16.93912575967477,0.5960095890392797,12.835242759709361,13.70679532,0.33292905366666664,18.593047258004642,68.76406690711964,1.128240376046869,27.52493223327777,55.64248142666667,0.6302314721333333,39.8724336865053,1.1369359276175468,-0.47764830368221356,1.2693505731437256
250,FD2,F,RG,1L WP,0.3,1,10.44,11.24,40,15.9,10,10,2.5,from minnow traps set 16h prior so been starved for that long,24.570486,3.19188555,4.787828325,264.01965,73.199112,109.798668,23.40059528,3.020940417,4.531410625,1096.371331,149.636919,224.4553785,45.19436163,13.32093439,NA,3.392732095,NA,NA,-18.50241903,8.395577717,NA,NA,NA,NA,NA,NA,NA,NA,NA,NA,NA,NA,NA,NA,NA,NA,NA,NA,NA,NA,NA,NA,NA,NA,NA,NA,NA,NA,NA,NA,NA,NA,NA,NA,NA,NA,NA,NA,NA,NA,NA,NA,NA,NA,NA,NA,NA,NA,NA,NA,NA,NA,NA,Fish,13.145711183224703,0.7855507032160622,7.557466078406878,10.9798668,0.47878283250000003,10.356782211026006,26.873054409752797,0.7434796240379998,16.32353830306616,22.44553785,0.4531410625,22.369843194034583,1.0405970715916801,-0.3198614302877347,1.0152248437233802
251,FD2,F,RG,1L WP,0.3,1,10.45,11.25,40,15.9,14,14,3.5,from minnow traps set 16h prior so been starved for that long,27.120072,3.95676135,5.935142025,416.65925,118.990992,178.486488,30.62045288,5.186897697,7.780346545,1214.74098,185.1478138,277.7217208,45.48091407,13.76068998,NA,3.305133255,NA,NA,-18.24567766,8.113299354,NA,NA,NA,NA,NA,NA,NA,NA,NA,NA,NA,NA,NA,NA,NA,NA,NA,NA,NA,NA,NA,NA,NA,NA,NA,NA,NA,NA,NA,NA,NA,NA,NA,NA,NA,NA,NA,NA,NA,NA,NA,NA,NA,NA,NA,NA,NA,NA,NA,NA,NA,NA,NA,Fish,15.670744804175001,0.7477586913741411,9.464431023487979,12.749034857142858,0.4239387160714286,13.58127584693444,24.383393174463382,0.9802329458032673,11.233916416665513,19.837265771428573,0.5557390389285713,16.120453233533297,1.105477308528214,-0.3726969198120943,1.1329405701842736
252,FD2,F,LP,1L WP,0.3,1,10.46,11.26,40,15.9,3,3,0.75,from minnow traps set 16h prior so been starved for that long,49.1347665,10.5611697,15.84175455,67.04016,14.105265,21.1578975,37.98280767,7.395604134,11.0934062,483.0060741,-34.37265802,-51.55898703,45.22268171,12.56521149,NA,3.609176934,NA,NA,-19.9100011,9.353225915,NA,NA,NA,NA,NA,NA,NA,NA,NA,NA,NA,NA,NA,NA,NA,NA,NA,NA,NA,NA,NA,NA,NA,NA,NA,NA,NA,NA,NA,NA,NA,NA,NA,NA,NA,NA,NA,NA,NA,NA,NA,NA,NA,NA,NA,NA,NA,NA,NA,NA,NA,NA,NA,Fish,7.6852135667584,6.687751161929747,0.5189699088314517,7.0526325000000005,5.280584849999999,0.603164219340151,-18.727845080602947,4.683189603124401,-1.8059778067434287,-17.186329009999998,3.6978020666666667,-2.098967927452255,0.8483512541295379,0.7226820253863736,-0.2195644294128703
253,FD2,F,LP,1L WP,0.3,1,10.48,11.39,51,15.9,3,3,0.75,from minnow traps set 16h prior so been starved for that long,48.007065,10.22285925,12.02689324,70.80626,15.235095,17.92364118,34.8478695,6.455122683,7.59426198,894.2324218,88.99524628,104.7002897,46.1631686,12.7744201,NA,3.613719312,NA,NA,-19.4214932,8.638514148,NA,NA,NA,NA,NA,NA,NA,NA,NA,NA,NA,NA,NA,NA,NA,NA,NA,NA,NA,NA,NA,NA,NA,NA,NA,NA,NA,NA,NA,NA,NA,NA,NA,NA,NA,NA,NA,NA,NA,NA,NA,NA,NA,NA,NA,NA,NA,NA,NA,NA,NA,NA,NA,Fish,6.5104299877738585,5.077270259828324,0.5790895574911389,5.97454706,4.0089644133333335,0.6730372896930629,38.03043694894423,3.2059917492373913,5.357167885894936,34.90009656666667,2.5314206599999998,6.226280042027205,0.7763049863065569,0.603032201134144,-0.17196087298362175
254,FD2,F,RG,1L WP,0.3,1,10.48,11.4,52,15.9,6,6,1.5,from minnow traps set 16h prior so been starved for that long,57.32286,13.01759775,15.0203051,116.02829,28.801704,33.23273538,40.59525615,8.179338676,9.437698472,460.2169491,-41.20939554,-47.54930254,47.44288954,14.37522892,NA,3.300322367,NA,NA,-18.349573,8.102480323,NA,NA,NA,NA,NA,NA,NA,NA,NA,NA,NA,NA,NA,NA,NA,NA,NA,NA,NA,NA,NA,NA,NA,NA,NA,NA,NA,NA,NA,NA,NA,NA,NA,NA,NA,NA,NA,NA,NA,NA,NA,NA,NA,NA,NA,NA,NA,NA,NA,NA,NA,NA,NA,Fish,6.371712364659039,3.6800842853534466,0.7819243518350744,5.53878923,2.5033841833333335,0.9992028795138637,-9.116627790662214,2.3123049502310997,-1.780555260999872,-7.9248837566666666,1.5729497453333332,-2.275330010824234,0.7434148390608264,0.3985275039822878,-3.463230774961463e-4
255,FD2,F,LP,1L WP,0.3,1,10.5,11.42,52,15.9,3,3,0.75,from minnow traps set 16h prior so been starved for that long,34.964952,6.31022535,7.28102925,52.21455,9.657582,11.14336385,29.24298005,4.773655847,5.508064439,247.3927964,-105.0566413,-121.2192015,38.90401486,10.93976288,NA,3.556202751,NA,NA,-17.93299265,7.98838872,NA,NA,NA,NA,NA,NA,NA,NA,NA,NA,NA,NA,NA,NA,NA,NA,NA,NA,NA,NA,NA,NA,NA,NA,NA,NA,NA,NA,NA,NA,NA,NA,NA,NA,NA,NA,NA,NA,NA,NA,NA,NA,NA,NA,NA,NA,NA,NA,NA,NA,NA,NA,NA,Fish,4.047620092655478,3.0737574978228643,0.5946980080549575,3.7144546166666665,2.42700975,0.6911779539959958,-44.0306250618437,2.3252831140415675,-8.551560149793751,-40.4064005,1.8360214796666667,-9.938909778998143,0.5698950564923216,0.38507152102196074,-0.16041012268567384
256,FD2,F,RG,1L WP,0.3,1,10.51,11.44,53,15.9,4,4,1,from minnow traps set 16h prior so been starved for that long,33.395976,5.83953255,6.610791566,111.9944,27.591537,31.23570226,30.43045663,5.129898821,5.807432628,782.8627146,55.58433411,62.92566125,48.49595938,14.25154828,NA,3.402855494,NA,NA,-19.58832514,7.902820018,NA,NA,NA,NA,NA,NA,NA,NA,NA,NA,NA,NA,NA,NA,NA,NA,NA,NA,NA,NA,NA,NA,NA,NA,NA,NA,NA,NA,NA,NA,NA,NA,NA,NA,NA,NA,NA,NA,NA,NA,NA,NA,NA,NA,NA,NA,NA,NA,NA,NA,NA,NA,NA,Fish,8.702911287670434,2.226680140997999,1.7651152317637784,7.808925565,1.6526978915,2.1338513007256843,17.532387875205433,1.9560887336787984,4.04779826828787,15.7314153125,1.451858157,4.893391346031493,0.8925912831357454,0.2181934730235827,0.329164151956128
257,FD2,F,RG,1L WP,0.3,1,10.52,11.45,53,15.9,3,3,0.75,from minnow traps set 16h prior so been starved for that long,29.3264445,4.6186731,5.228686528,102.65276,24.789045,28.06306981,26.67803064,4.004171024,4.533023801,585.8212453,-3.528106671,-3.994083024,46.41291154,14.11062497,NA,3.289217284,NA,NA,-18.71820166,8.712280271,NA,NA,NA,NA,NA,NA,NA,NA,NA,NA,NA,NA,NA,NA,NA,NA,NA,NA,NA,NA,NA,NA,NA,NA,NA,NA,NA,NA,NA,NA,NA,NA,NA,NA,NA,NA,NA,NA,NA,NA,NA,NA,NA,NA,NA,NA,NA,NA,NA,NA,NA,NA,NA,Fish,10.193389245254641,2.207341004598409,2.0855255717943266,9.354356603333333,1.7428955093333334,2.423867707971071,-1.4507765264863495,1.9136602007378627,-0.3423749936408384,-1.331361008,1.5110079336666666,-0.39791969100087865,0.9710139219021723,0.2412713509193869,0.3845089128267507
258,FD2,F,LP,1L WP,0.3,1,10.53,11.46,53,15.9,3,3,0.75,from minnow traps set 16h prior so been starved for that long,30.454146,4.95698355,5.611679491,152.3333,39.693207,44.93570604,33.13790323,5.942132801,6.726942794,836.0141779,71.52977312,80.97710164,47.29168759,12.32843662,NA,3.835984161,NA,NA,-18.82809097,8.134937417,NA,NA,NA,NA,NA,NA,NA,NA,NA,NA,NA,NA,NA,NA,NA,NA,NA,NA,NA,NA,NA,NA,NA,NA,NA,NA,NA,NA,NA,NA,NA,NA,NA,NA,NA,NA,NA,NA,NA,NA,NA,NA,NA,NA,NA,NA,NA,NA,NA,NA,NA,NA,NA,Fish,16.322061192066716,2.3690252186310126,3.1115132855521646,14.97856868,1.8705598303333335,3.616305010963749,29.41342919921518,2.8398444973261148,4.67753926913656,26.992367213333335,2.2423142646666667,5.4363928884708175,1.1754703150939576,0.2719716037761702,0.5582650531617527
260,FD2,F,RG,1L WP,0.3,1,10.55,11.5,55,15.9,5,5,1.25,from minnow traps set 16h prior so been starved for that long,45.3103875,9.413856,10.26966109,202.86308,54.852141,59.83869927,44.11018682,9.233817878,10.07325587,891.3263316,88.12341921,96.13463914,48.45674225,14.38152012,NA,3.369375549,NA,NA,-19.19,8.1447729,NA,NA,NA,NA,NA,NA,NA,NA,NA,NA,NA,NA,NA,NA,NA,NA,NA,NA,NA,NA,NA,NA,NA,NA,NA,NA,NA,NA,NA,NA,NA,NA,NA,NA,NA,NA,NA,NA,NA,NA,NA,NA,NA,NA,NA,NA,NA,NA,NA,NA,NA,NA,NA,Fish,13.57258338048415,2.903284382536885,2.1112481510952725,11.967739854,2.053932218,2.6314333516706774,21.805210029599717,2.847759647798563,3.4579864261116766,19.226927828,2.014651174,4.30999113324227,1.0780121402463037,0.312586107306878,0.420192374783391
261,FD2,F,LP,1L WP,0.3,1,10.57,11.51,54,15.9,1,1,0.25,from minnow traps set 16h prior so been starved for that long,37.4655075,7.060392,7.84488,97.98194,23.387799,25.98644333,26.96302502,4.089669338,4.544077042,367.5421769,-69.0118272,-76.679808,42.52792203,11.07515032,NA,3.839940842,NA,NA,-18.77,8.572616412,NA,NA,NA,NA,NA,NA,NA,NA,NA,NA,NA,NA,NA,NA,NA,NA,NA,NA,NA,NA,NA,NA,NA,NA,NA,NA,NA,NA,NA,NA,NA,NA,NA,NA,NA,NA,NA,NA,NA,NA,NA,NA,NA,NA,NA,NA,NA,NA,NA,NA,NA,NA,NA,Fish,25.98644333,7.84488,1.495983764796172,25.98644333,7.84488,1.495983764796172,-76.679808,4.544077042,-7.620819451255557,-76.679808,4.544077042,-7.620819451255557,1.4147468432618857,0.8945863047443169,0.1749268803615343
262,FD2,F,LP,1L WP,0.3,1,10.58,11.54,56,15.9,2,2,0.5,from minnow traps set 16h prior so been starved for that long,25.8943095,3.5890326,3.845392071,210.02132,56.999613,61.07101393,23.44809434,3.035190136,3.251989431,778.4448796,54.25898362,58.13462531,50.49967875,13.61385146,NA,3.709433653,NA,NA,-17.94,9.634848579,NA,NA,NA,NA,NA,NA,NA,NA,NA,NA,NA,NA,NA,NA,NA,NA,NA,NA,NA,NA,NA,NA,NA,NA,NA,NA,NA,NA,NA,NA,NA,NA,NA,NA,NA,NA,NA,NA,NA,NA,NA,NA,NA,NA,NA,NA,NA,NA,NA,NA,NA,NA,NA,Fish,32.2360463460202,2.231735964770298,6.523269198803382,30.535506965,1.9226960355,7.17233961963692,30.68608747759952,1.887345070727275,7.342712930105364,29.067312655,1.6259947155,8.073318647324209,1.4848051347551465,0.28391063081184353,0.8556608457872683
263,FD2,F,RG,1L WP,0.3,1,10.59,11.56,57,15.9,3,3,0.75,from minnow traps set 16h prior so been starved for that long,18.1474905,1.2649869,1.331565158,69.95702,14.980323,15.76876105,24.0180831,3.206186763,3.374933435,691.5011622,28.17586839,29.65880884,48.09967722,14.11218686,NA,3.408378709,NA,NA,-18.2,8.163460318,NA,NA,NA,NA,NA,NA,NA,NA,NA,NA,NA,NA,NA,NA,NA,NA,NA,NA,NA,NA,NA,NA,NA,NA,NA,NA,NA,NA,NA,NA,NA,NA,NA,NA,NA,NA,NA,NA,NA,NA,NA,NA,NA,NA,NA,NA,NA,NA,NA,NA,NA,NA,NA,Fish,5.727709776098094,0.5621332160205492,4.60159187733168,5.256253683333333,0.4438550526666667,5.348124284628146,10.77301183026631,1.4247610597752132,3.414769877217252,9.886269613333333,1.1249778116666667,3.9687599842844343,0.720676317475073,-0.352758831922556,0.7282014912415943
264,FD2,F,RG,1L WP,0.3,1,11.01,11.57,56,15.9,3,3,0.75,from minnow traps set 16h prior so been starved for that long,22.0209,2.42700975,2.600367589,56.7938,11.031357,11.81931107,20.17065899,2.051959528,2.198528066,752.283408,46.41054214,49.72558087,45.71661169,13.75171927,NA,3.324428808,NA,NA,-17.96,8.394594169,NA,NA,NA,NA,NA,NA,NA,NA,NA,NA,NA,NA,NA,NA,NA,NA,NA,NA,NA,NA,NA,NA,NA,NA,NA,NA,NA,NA,NA,NA,NA,NA,NA,NA,NA,NA,NA,NA,NA,NA,NA,NA,NA,NA,NA,NA,NA,NA,NA,NA,NA,NA,NA,Fish,4.293145374435325,1.0977705348161204,1.7661613106093617,3.9397703566666666,0.8667891963333334,2.0526918613473044,18.061894321827864,0.928130061699931,8.788622272936983,16.575193623333334,0.7328426886666667,10.2144313227477,0.5954709081862201,-0.06208651036797633,0.31232376039816173
265,FD2,F,LP,1L WP,0.3,1,11.02,11.59,57,15.9,1,1,0.25,from minnow traps set 16h prior so been starved for that long,33.395976,5.83953255,6.146876368,94.33492,22.293693,23.46704526,32.94790698,5.885133925,6.194877816,617.0142231,5.82978668,6.136617558,47.16365983,12.77797805,NA,3.69101118,NA,NA,-19.27,9.817788563,NA,NA,NA,NA,NA,NA,NA,NA,NA,NA,NA,NA,NA,NA,NA,NA,NA,NA,NA,NA,NA,NA,NA,NA,NA,NA,NA,NA,NA,NA,NA,NA,NA,NA,NA,NA,NA,NA,NA,NA,NA,NA,NA,NA,NA,NA,NA,NA,NA,NA,NA,NA,NA,Fish,23.46704526,6.146876368,1.7241310554369031,23.46704526,6.146876368,1.7241310554369031,6.136617558,6.194877816,0.44736567107053954,6.136617558,6.194877816,0.44736567107053954,1.370458410942446,0.7886544782525732,0.23657027453383803
268,FD2,F,BB,4L WP,5,1,13.36,14.09,33,15.9,390,390,97.5,NA,55.0184265,213.8955563,388.9010114,198.40457,942.576675,1713.775773,39.21778331,131.4536573,239.0066496,582.6014046,-321.722436,-584.9498836,NA,NA,NA,NA,NA,NA,NA,NA,NA,NA,NA,NA,NA,NA,NA,NA,NA,NA,NA,NA,NA,NA,NA,NA,NA,NA,NA,NA,NA,NA,NA,NA,NA,NA,NA,NA,NA,NA,NA,NA,NA,NA,NA,NA,NA,NA,NA,NA,NA,NA,NA,NA,NA,NA,NA,NA,NA,NA,NA,NA,NA,Fish,7.006110761251975,3.5970438552060733,0.8796250889827703,4.394296853846154,0.9971820805128205,1.9901291836099881,-2.3913418189527937,2.2106329762480814,-0.4885301328018174,-1.4998714964102564,0.612837563076923,-1.1052868847637012,0.6428893920548143,-0.0012255344245065821,0.2988812683232862
269,FD2,F,BB,4L WP,5,1,13.38,14.11,33,15.9,450,450,112.5,NA,46.9774245,173.6905463,315.8009932,431.73326,2109.220125,3834.945682,38.83779081,129.5536948,235.5521723,1305.731489,3293.927985,5988.959973,NA,NA,NA,NA,NA,NA,NA,NA,NA,NA,NA,NA,NA,NA,NA,NA,NA,NA,NA,NA,NA,NA,NA,NA,NA,NA,NA,NA,NA,NA,NA,NA,NA,NA,NA,NA,NA,NA,NA,NA,NA,NA,NA,NA,NA,NA,NA,NA,NA,NA,NA,NA,NA,NA,NA,NA,NA,NA,NA,NA,NA,Fish,13.740213132642586,2.610575516401555,2.3769691797031265,8.522101515555555,0.7017799848888888,5.48418463036452,21.457823211975647,1.9471969597389494,4.9767075637616,13.30879994,0.5234492717777778,11.482346243298378,0.9305467032255019,-0.15379902223669356,0.7391120673061607
270,FD2,F,YP,1L WP,0.3,1,13.39,14.12,33,15.9,7,7,1.75,NA,19.5203445,2.184308775,3.9714705,99.89273,27.0010485,49.09281545,18.41319365,1.645842538,2.992440979,627.3118803,-5.89020345,-10.70946082,38.52801778,11.6841471,NA,3.297460862,NA,NA,-19.3745405,9.462727626,NA,NA,NA,NA,NA,NA,NA,NA,NA,NA,NA,NA,NA,NA,NA,NA,NA,NA,NA,NA,NA,NA,NA,NA,NA,NA,NA,NA,NA,NA,NA,NA,NA,NA,NA,NA,NA,NA,NA,NA,NA,NA,NA,NA,NA,NA,NA,NA,NA,NA,NA,NA,NA,Fish,8.16574083951117,0.8621434022462531,4.277425214776327,7.01325935,0.5673529285714286,5.582554097507012,-1.7813335981124458,0.6496115850932717,-1.2383911499080282,-1.5299229742857143,0.42749156842857144,-1.616249318480953,0.8459198993852007,-0.246146699047215,0.746832940276381
271,FD3,F,GS,1L WP,0.3,1,19.09,20,51,16.8,8,8,2,NA,434.465466,126.6678452,149.0209944,419.20697,122.7953205,144.4650829,350.2416489,101.1943791,119.0522107,3479.246605,849.6902138,999.6355457,44.83005899,11.90178515,NA,3.766666799,NA,NA,-22.10379118,11.3334365,NA,NA,NA,NA,NA,NA,NA,NA,NA,NA,NA,NA,NA,NA,NA,NA,NA,NA,NA,NA,NA,NA,NA,NA,NA,NA,NA,NA,NA,NA,NA,NA,NA,NA,NA,NA,NA,NA,NA,NA,NA,NA,NA,NA,NA,NA,NA,NA,NA,NA,NA,NA,NA,Fish,21.246275777709076,29.130907504978964,0.32937841998459405,18.0581353625,18.6276243,0.43780606729883553,147.0149883611973,23.27255265023897,2.852882823355723,124.9544432125,14.8815263375,3.7920195543356696,1.2566729041400226,1.270157470076548,-0.3587182240925599
272,FD3,F,GS,1L WP,0.3,1,19.12,20.03,51,16.8,9,9,2.25,NA,196.373358,55.24021283,64.98848568,310.92887,90.3118905,106.2492829,183.0924456,51.04961813,60.05837427,1602.681783,286.7207675,337.31855,48.22642575,10.66434507,NA,4.522211673,NA,NA,-18.24567766,10.69019591,NA,NA,NA,NA,NA,NA,NA,NA,NA,NA,NA,NA,NA,NA,NA,NA,NA,NA,NA,NA,NA,NA,NA,NA,NA,NA,NA,NA,NA,NA,NA,NA,NA,NA,NA,NA,NA,NA,NA,NA,NA,NA,NA,NA,NA,NA,NA,NA,NA,NA,NA,NA,NA,Fish,14.018219997346723,11.582173549492463,0.5465993929384031,11.805475877777777,7.220942853333333,0.7383392090777061,44.504824070544394,10.70353473568601,1.8777864791751084,37.47983888888889,6.6731526966666666,2.536489066330156,1.0720834981430343,0.8585939079942494,-0.13174406800724975
273,FD3,F,GS,1L WP,0.3,1,19.13,20.04,51,16.8,9,9,2.25,NA,281.3432145,80.73116978,94.97784679,532.13564,156.6739215,184.3222606,238.6188505,67.70753958,79.65592892,1919.299366,381.7060424,449.0659322,46.80955727,12.78758758,NA,3.660650574,NA,NA,-22.26662715,11.60883002,NA,NA,NA,NA,NA,NA,NA,NA,NA,NA,NA,NA,NA,NA,NA,NA,NA,NA,NA,NA,NA,NA,NA,NA,NA,NA,NA,NA,NA,NA,NA,NA,NA,NA,NA,NA,NA,NA,NA,NA,NA,NA,NA,NA,NA,NA,NA,NA,NA,NA,NA,NA,NA,Fish,24.318940598695317,16.92684316873416,0.6488361271899258,20.480251177777777,10.553094087777778,0.8764392334852769,59.248447227808896,14.196188499302108,1.8848272735662226,49.89621468888889,8.850658768888888,2.5459996779941534,1.3113352786931454,1.0233798101778973,-0.05727818964078677
274,FD3,F,GS,1L WP,0.3,1,19.14,20.05,51,16.8,6,6,1.5,NA,216.475863,61.27096433,72.08348744,249.57128,71.9046135,84.59366294,176.4900758,49.0689072,57.72812611,1619.665483,291.8158772,343.3127968,44.1399152,12.61703921,NA,3.498436873,NA,NA,-19.47843584,11.45736358,NA,NA,NA,NA,NA,NA,NA,NA,NA,NA,NA,NA,NA,NA,NA,NA,NA,NA,NA,NA,NA,NA,NA,NA,NA,NA,NA,NA,NA,NA,NA,NA,NA,NA,NA,NA,NA,NA,NA,NA,NA,NA,NA,NA,NA,NA,NA,NA,NA,NA,NA,NA,NA,Fish,16.219143021581665,17.66098009296872,0.414743362443812,14.098943823333334,12.013914573333333,0.5299908629786837,65.82336263636918,14.143811880380046,2.101744575769697,57.21879946666667,9.621354351666666,2.6857703397817665,1.149186580110804,1.079684539508969,-0.27573161755419956
275,FD3,F,BB,1L WP,0.3,1,19.15,20.06,51,16.8,12,12,3,NA,91.350027,23.73321353,27.92142768,421.149,123.3779295,145.1505053,78.40451042,19.64323757,23.10969126,1162.114896,154.5507012,181.8243544,44.04375031,12.26263845,NA,3.591702592,NA,NA,-15.22671882,9.214873453,NA,NA,NA,NA,NA,NA,NA,NA,NA,NA,NA,NA,NA,NA,NA,NA,NA,NA,NA,NA,NA,NA,NA,NA,NA,NA,NA,NA,NA,NA,NA,NA,NA,NA,NA,NA,NA,NA,NA,NA,NA,NA,NA,NA,NA,NA,NA,NA,NA,NA,NA,NA,NA,Fish,14.689779134356362,3.970258806453437,1.6709474434838343,12.095875441666665,2.32678564,2.347725261562477,18.401311120912347,3.2860588753187647,2.5289472446443626,15.152029533333334,1.9258076050000001,3.553237628486688,1.082637305994816,0.3667563748409578,0.3706472729978236
276,FD3,F,GS,1L WP,0.3,1,19.16,20.07,51,16.8,10,10,2.5,NA,267.6146745,76.61260778,90.13247974,551.26379,162.4123665,191.0733724,220.8542008,62.37814469,73.38605258,1913.31086,379.9094906,446.9523419,49.66945443,12.9585743,NA,3.832941286,NA,NA,-26.52134115,13.48839083,NA,NA,NA,NA,NA,NA,NA,NA,NA,NA,NA,NA,NA,NA,NA,NA,NA,NA,NA,NA,NA,NA,NA,NA,NA,NA,NA,NA,NA,NA,NA,NA,NA,NA,NA,NA,NA,NA,NA,NA,NA,NA,NA,NA,NA,NA,NA,NA,NA,NA,NA,NA,NA,Fish,22.876373767805074,14.788256394377814,0.6986128247333379,19.10733724,9.013247973999999,0.9573818526643111,53.51163640057364,12.040629132304971,2.007083284908098,44.69523419,7.338605257999999,2.7505150860783942,1.281200168868241,0.9548813196139538,-0.01891480890174733
277,FD3,F,GS,1L WP,0.3,1,19.18,20.09,51,16.8,6,6,1.5,NA,294.0911445,84.55554878,99.47711621,330.88601,96.2990325,113.2929794,232.8714638,65.98332359,77.62743951,1934.392814,386.2340766,454.3930313,47.73912412,13.00332995,NA,3.671299915,NA,NA,-20.86603804,11.19180554,NA,NA,NA,NA,NA,NA,NA,NA,NA,NA,NA,NA,NA,NA,NA,NA,NA,NA,NA,NA,NA,NA,NA,NA,NA,NA,NA,NA,NA,NA,NA,NA,NA,NA,NA,NA,NA,NA,NA,NA,NA,NA,NA,NA,NA,NA,NA,NA,NA,NA,NA,NA,NA,Fish,21.721662975310633,24.372618910164455,0.4024919650748501,18.882163233333333,16.579519368333333,0.5143350882219495,87.12077603132022,19.019288779491987,2.068682328290548,75.73217188333334,12.937906585,2.6435208653833357,1.2760517477206277,1.2195719364249784,-0.2887538468603855
278,FD3,F,GS,1L WP,0.3,1,19.19,20.1,51,16.8,9,9,2.25,NA,408.6263925,118.9161232,139.9013214,557.5785,164.3067795,193.3020935,320.6022335,92.30255448,108.5912406,2307.603566,498.1973022,586.1144731,44.20551965,11.69570902,NA,3.779635725,NA,NA,-21.95693911,7.493663924,NA,NA,NA,NA,NA,NA,NA,NA,NA,NA,NA,NA,NA,NA,NA,NA,NA,NA,NA,NA,NA,NA,NA,NA,NA,NA,NA,NA,NA,NA,NA,NA,NA,NA,NA,NA,NA,NA,NA,NA,NA,NA,NA,NA,NA,NA,NA,NA,NA,NA,NA,NA,NA,Fish,25.503713518528475,24.933053406363413,0.4619492814386832,21.47801038888889,15.544591266666666,0.6239949613882725,77.33023135109327,19.35300663531159,1.8045428777908459,65.12383034444446,12.0656934,2.437552581191847,1.3319940481100478,1.1915793070826541,-0.20481891712864084
279,FD3,F,GS,1L WP,0.3,1,19.2,20.12,52,16.8,14,14,3.5,NA,239.4711675,68.16955568,78.65717963,422.7477,123.8575395,142.9125456,244.1287418,69.36050698,80.0313542,2109.853379,438.8722461,506.3910531,52.17013435,11.13530936,NA,4.685108664,NA,NA,-26.1976672,5.007253815,NA,NA,NA,NA,NA,NA,NA,NA,NA,NA,NA,NA,NA,NA,NA,NA,NA,NA,NA,NA,NA,NA,NA,NA,NA,NA,NA,NA,NA,NA,NA,NA,NA,NA,NA,NA,NA,NA,NA,NA,NA,NA,NA,NA,NA,NA,NA,NA,NA,NA,NA,NA,NA,Fish,12.54742617498655,9.90988749040248,0.5718106858816626,10.20803897142857,5.618369973571428,0.8205372977953855,44.460088005359445,10.083017463342397,1.991343315111087,36.17078950714286,5.7165253,2.8575392225221714,1.0089423193947273,0.7496103344009889,-0.08590167316229612
280,FD3,F,GS,1L WP,0.3,1,19.21,20.13,52,16.8,7,7,1.75,NA,186.9104715,52.40134688,60.46309255,309.0471,89.7473595,103.5546456,166.7052688,46.13346509,53.23092126,1603.667855,287.0165889,331.1729871,43.89316388,12.24556131,NA,3.584414203,NA,NA,-23.49838633,12.00126579,NA,NA,NA,NA,NA,NA,NA,NA,NA,NA,NA,NA,NA,NA,NA,NA,NA,NA,NA,NA,NA,NA,NA,NA,NA,NA,NA,NA,NA,NA,NA,NA,NA,NA,NA,NA,NA,NA,NA,NA,NA,NA,NA,NA,NA,NA,NA,NA,NA,NA,NA,NA,NA,Fish,17.22452442268771,13.125580643589592,0.5926455897410455,14.7935208,8.637584649999999,0.7734737369455887,55.08489910218371,11.55559069614109,2.152815192367909,47.31042672857143,7.6044173228571434,2.809682617433504,1.1700715466839666,0.9363923165730218,-0.11155442804508993
281,FD3,F,GS,1L WP,0.3,1,19.23,20.14,51,16.8,5,5,1.25,NA,170.681376,47.53261823,55.92072732,246.41115,70.9565745,83.47832294,146.9456586,40.20558201,47.30068472,1453.301508,241.9066848,284.5960998,43.38763956,13.05696786,NA,3.322949096,NA,NA,-21.17872305,12.22354771,NA,NA,NA,NA,NA,NA,NA,NA,NA,NA,NA,NA,NA,NA,NA,NA,NA,NA,NA,NA,NA,NA,NA,NA,NA,NA,NA,NA,NA,NA,NA,NA,NA,NA,NA,NA,NA,NA,NA,NA,NA,NA,NA,NA,NA,NA,NA,NA,NA,NA,NA,NA,NA,Fish,18.934510816383472,15.809068368025349,0.5408964780139954,16.695664588,11.184145464,0.6741666209672402,64.55194282995798,13.372139355659797,2.1800917216709026,56.91921996,9.460136944,2.7172391190158516,1.2226037112703847,1.0486028069890243,-0.17123275387467427
282,FD3,F,GS,1L WP,0.3,1,19.24,20.15,51,16.8,10,10,2.5,NA,222.163401,62.97722573,74.09085379,348.54045,101.5953645,119.5239582,205.2745081,57.70423688,67.8873375,1611.45172,289.3517484,340.4138217,NA,NA,NA,NA,NA,NA,NA,NA,NA,NA,NA,NA,NA,NA,NA,NA,NA,NA,NA,NA,NA,NA,NA,NA,NA,NA,NA,NA,NA,NA,NA,NA,NA,NA,NA,NA,NA,NA,NA,NA,NA,NA,NA,NA,NA,NA,NA,NA,NA,NA,NA,NA,NA,NA,NA,NA,NA,NA,NA,NA,NA,Fish,14.310077367905972,12.156267590612273,0.5316282763055251,11.95239582,7.4090853789999995,0.7285455492352201,40.75624836219279,11.138441500529606,1.6524796262176125,34.041382170000006,6.7887337500000005,2.2645647918675413,1.0774549669675921,0.8697645994274266,-0.137543290615869
283,FD3,F,GS,1L WP,0.3,1,19.26,20.16,50,16.8,8,8,2,NA,266.8301865,76.37726138,91.65271365,355.08075,103.5574545,124.2689454,264.55333890000003,75.48788612,90.58546335,1834.651681,356.3117368,427.5740842,44.00341778,12.32,NA,3.572392975,NA,NA,-24.23,9.73,NA,NA,NA,NA,NA,NA,NA,NA,NA,NA,NA,NA,NA,NA,NA,NA,NA,NA,NA,NA,NA,NA,NA,NA,NA,NA,NA,NA,NA,NA,NA,NA,NA,NA,NA,NA,NA,NA,NA,NA,NA,NA,NA,NA,NA,NA,NA,NA,NA,NA,NA,NA,NA,Fish,18.276058349691862,17.916446838033398,0.46067749065665475,15.533618175,11.45658920625,0.6123273057382435,62.882716888778404,17.707818718893957,1.6037348691946325,53.446760525,11.32318291875,2.1316662339474295,1.191272625749083,1.0590553410708725,-0.21301637347782398
284,FD3,F,GS,1L WP,0.3,1,19.27,20.18,51,16.8,11,11,2.75,NA,260.30913,74.42094443,87.55405226,347.53425,101.2935045,119.1688288,225.5566081,63.78886687,75.04572573,1878.326301,369.4141228,434.6048504,NA,NA,NA,NA,NA,NA,NA,NA,NA,NA,NA,NA,NA,NA,NA,NA,NA,NA,NA,NA,NA,NA,NA,NA,NA,NA,NA,NA,NA,NA,NA,NA,NA,NA,NA,NA,NA,NA,NA,NA,NA,NA,NA,NA,NA,NA,NA,NA,NA,NA,NA,NA,NA,NA,NA,NA,NA,NA,NA,NA,NA,Fish,13.067525951031909,13.329692203578887,0.4427306529358273,10.833529890909091,7.959459296363637,0.6146852071286082,47.65684297004974,11.425358385520607,1.8837435541239556,39.50953185454545,6.822338702727273,2.615380907252654,1.0347699859296235,0.9008835661570769,-0.21134723838348804
285,FD3,F,GS,1L WP,0.3,1,19.28,20.19,51,16.8,13,13,3.25,NA,270.2623215,77.40690188,91.06694338,586.2552,172.9097895,203.4232818,273.7681572,78.2523316,92.06156659,2435.198068,536.4756528,631.1478269,NA,NA,NA,NA,NA,NA,NA,NA,NA,NA,NA,NA,NA,NA,NA,NA,NA,NA,NA,NA,NA,NA,NA,NA,NA,NA,NA,NA,NA,NA,NA,NA,NA,NA,NA,NA,NA,NA,NA,NA,NA,NA,NA,NA,NA,NA,NA,NA,NA,NA,NA,NA,NA,NA,NA,NA,NA,NA,NA,NA,NA,Fish,19.122876027681272,12.160598299919348,0.710173738815597,15.647944753846154,7.005149490769231,1.0088027056543922,59.33126996159365,12.293415026468695,2.179603228373738,48.54983283846154,7.0816589684615385,3.0961291777749196,1.1944573041394544,0.8454174076194286,0.0038062383639910187
286,FD3,F,GS,1L WP,0.3,1,19.29,20.2,51,16.8,9,9,2.25,NA,280.117452,80.36344103,94.54522474,305.5254,88.6908495,104.3421759,189.409821,52.94483075,62.28803618,1674.224868,308.1836928,362.5690504,48.05408611,12.83437461,NA,3.744170447,NA,NA,-22.14,11.57,NA,NA,NA,NA,NA,NA,NA,NA,NA,NA,NA,NA,NA,NA,NA,NA,NA,NA,NA,NA,NA,NA,NA,NA,NA,NA,NA,NA,NA,NA,NA,NA,NA,NA,NA,NA,NA,NA,NA,NA,NA,NA,NA,NA,NA,NA,NA,NA,NA,NA,NA,NA,NA,Fish,13.766601871042363,16.84974176204637,0.3689774672119483,11.5935751,10.50502497111111,0.4984098680465708,47.836301328451526,11.100902529812965,1.9461022078616959,40.285450044444445,6.920892908888889,2.628769046399044,1.0642173796032515,1.0213970890887465,-0.3024133676415297
287,FD3,F,GS,1L WP,0.3,1,19.38,20.23,45,16.8,7,7,1.75,NA,303.9953055,87.52679708,116.7023961,345.7734,100.7652495,134.353666,219.476728,61.96490284,82.61987046,1654.315563,302.2109015,402.9478686,50.11416914,14.07007609,NA,3.561755374,NA,NA,-19.3,10.26,NA,NA,NA,NA,NA,NA,NA,NA,NA,NA,NA,NA,NA,NA,NA,NA,NA,NA,NA,NA,NA,NA,NA,NA,NA,NA,NA,NA,NA,NA,NA,NA,NA,NA,NA,NA,NA,NA,NA,NA,NA,NA,NA,NA,NA,NA,NA,NA,NA,NA,NA,NA,NA,Fish,22.34740882831651,25.334243531191746,0.3983690362849876,19.19338085714286,16.67177087142857,0.5199194805674631,67.0234093657181,17.935466525945262,1.6876414362546608,57.56398122857143,11.802838637142857,2.202574946848891,1.283151481159463,1.2219817329319294,-0.2840639099285009
288,FD3,F,GS,1L WP,0.3,1,19.39,20.25,46,16.8,4,4,1,NA,164.993838,45.82635683,59.7735089,214.4643,61.3725195,80.05111239,141.245771,38.49561574,50.2116727,1276.203997,188.7774316,246.2314325,43.11997022,12.90482821,NA,3.341382738,NA,NA,-24.18,13.59,NA,NA,NA,NA,NA,NA,NA,NA,NA,NA,NA,NA,NA,NA,NA,NA,NA,NA,NA,NA,NA,NA,NA,NA,NA,NA,NA,NA,NA,NA,NA,NA,NA,NA,NA,NA,NA,NA,NA,NA,NA,NA,NA,NA,NA,NA,NA,NA,NA,NA,NA,NA,NA,Fish,22.303891995463832,20.13321459262556,0.5003038819740047,20.0127780975,14.943377225,0.6048183541204692,68.6051587842069,16.912548721458418,1.8319518509645047,61.557858125,12.552918175,2.2146502220941584,1.3013073799240094,1.1744487597571471,-0.21837503798917235
289,FD3,F,LB,4L WP,6,1,19.46,20.3,44,16.8,887,887,221.75,NA,163.915167,910.0551105,1240.984242,704.39992,4167.06411,5682.36015,127.8985342,689.8288943,940.6757649,1714.180521,6403.407775,8731.919693,NA,NA,NA,NA,NA,NA,NA,NA,NA,NA,NA,NA,NA,NA,NA,NA,NA,NA,NA,NA,NA,NA,NA,NA,NA,NA,NA,NA,NA,NA,NA,NA,NA,NA,NA,NA,NA,NA,NA,NA,NA,NA,NA,NA,NA,NA,NA,NA,NA,NA,NA,NA,NA,NA,NA,NA,NA,NA,NA,NA,NA,Fish,10.891670237976758,6.0221466165039255,0.8167882867000582,6.406268489289741,1.399080317925592,2.067896656270458,16.73691693770083,4.564834252601072,1.6558339757850578,9.844328853438556,1.060513827395716,4.192143297865802,0.8066051361656897,0.14584264703695052,0.3155288309727045
291,FD3,F,BB,4L WP,2,1,19.47,20.32,45,16.8,113,113,28.25,NA,82.328415,140.1781995,186.904266,416.02232,812.26617,1083.02156,64.91477648,103.9754493,138.6339323,1200.511058,1107.130333,1476.173777,42.59,12.4182614,NA,3.43,NA,NA,-14.28,8.77,NA,NA,NA,NA,NA,NA,NA,NA,NA,NA,NA,NA,NA,NA,NA,NA,NA,NA,NA,NA,NA,NA,NA,NA,NA,NA,NA,NA,NA,NA,NA,NA,NA,NA,NA,NA,NA,NA,NA,NA,NA,NA,NA,NA,NA,NA,NA,NA,NA,NA,NA,NA,NA,Fish,13.870200324435418,4.571153785334466,1.3703239337382027,9.584261592920353,1.6540200530973452,2.6168825433216263,18.905280150349416,3.390596897392096,2.518101889836411,13.06348475221239,1.2268489584070796,4.808773105087593,0.9815586588444208,0.21854077057126117,0.41778423011712496
292,FD3,F,BB,1L WP,0.3,1,19.52,20.34,42,16.8,6,6,1.5,NA,59.0389275,14.03988368,20.056976679999998,580.2178,171.0985695,244.4265279,56.07995073,12.94586966,18.49409952,936.4868869,86.86229853,124.0889979,46.89,11.79598679,NA,3.97,NA,NA,-13.5,9.05,NA,NA,NA,NA,NA,NA,NA,NA,NA,NA,NA,NA,NA,NA,NA,NA,NA,NA,NA,NA,NA,NA,NA,NA,NA,NA,NA,NA,NA,NA,NA,NA,NA,NA,NA,NA,NA,NA,NA,NA,NA,NA,NA,NA,NA,NA,NA,NA,NA,NA,NA,NA,NA,Fish,46.86389826966773,4.914105552474332,4.306855220760754,40.73775465,3.3428294466666664,5.503629766912736,23.79158360564599,4.531189250963664,2.3712508018066547,20.68149965,3.08234992,3.030166055903218,1.6099970882383225,0.5241142191707725,0.7406492109115155
293,FD3,F,BB,1L WP,0.3,1,19.53,20.36,43,16.8,13,13,3.25,NA,92.330637,24.02739653,33.5265998,483.96152,142.2216855,198.4488635,76.07705632,18.94500134,26.43488559,1363.812655,215.0600289,300.0837613,42.38,13.02823489,NA,3.25,NA,NA,-16.52,9.54,NA,NA,NA,NA,NA,NA,NA,NA,NA,NA,NA,NA,NA,NA,NA,NA,NA,NA,NA,NA,NA,NA,NA,NA,NA,NA,NA,NA,NA,NA,NA,NA,NA,NA,NA,NA,NA,NA,NA,NA,NA,NA,NA,NA,NA,NA,NA,NA,NA,NA,NA,NA,NA,Fish,18.655254113321174,4.476964938075386,1.881844862996396,15.265297192307692,2.5789692153846153,2.6731630383554963,28.20947786547901,3.52997490453727,3.6090240134392975,23.083366253846155,2.0334527376923077,5.1266232339162885,1.183705263775388,0.41144615808660606,0.42702544753274724
294,FD3,F,LB,4L WP,6,1,20.59,21.46,47,16.8,693,693,173.25,NA,31.140573,113.4075465,144.7755913,479.84955,2819.76189,3599.69603,34.51537606,129.5299452,165.3573769,1597.849119,5705.419361,7283.514078,NA,NA,NA,NA,NA,NA,NA,NA,NA,NA,NA,NA,NA,NA,NA,NA,NA,NA,NA,NA,NA,NA,NA,NA,NA,NA,NA,NA,NA,NA,NA,NA,NA,NA,NA,NA,NA,NA,NA,NA,NA,NA,NA,NA,NA,NA,NA,NA,NA,NA,NA,NA,NA,NA,NA,NA,NA,NA,NA,NA,NA,Fish,8.662456086313957,0.8527486412527107,4.587608531934284,5.194366565656566,0.20891138715728716,11.228889899472367,17.52734684509583,0.9739782597771878,8.127056138162894,10.510121324675325,0.23861093347763346,19.89224188311137,0.7155325944701225,-0.6800378872346615,1.0503368235487494
295,FD3,F,LB,4L WP,5,1,21.01,21.48,47,16.8,562,562,140.5,NA,447.6546705,2177.076776,2779.246948,464.75655,2274.336575,2903.408394,321.9322072,1545.025777,1972.373332,1831.63818,5923.461443,7561.865672,NA,NA,NA,NA,NA,NA,NA,NA,NA,NA,NA,NA,NA,NA,NA,NA,NA,NA,NA,NA,NA,NA,NA,NA,NA,NA,NA,NA,NA,NA,NA,NA,NA,NA,NA,NA,NA,NA,NA,NA,NA,NA,NA,NA,NA,NA,NA,NA,NA,NA,NA,NA,NA,NA,NA,NA,NA,NA,NA,NA,NA,Fish,8.475503090631447,19.29666082402119,0.19835797457218965,5.166207106761566,4.945279266903914,0.4717884803320889,22.07426830011977,13.694435909460083,0.7279616670238968,13.455276996441281,3.5095610889679714,1.731434944150565,0.7131718125072154,0.6941908218484141,-0.3262526674972333
296,FD3,F,LB,4L WP,5,1,21.04,21.49,45,16.8,501,501,125.25,NA,30.258024,90.09354375,120.124725,638.9648,3145.377825,4193.8371,37.03282641,120.5288728,160.70516370000001,1287.787157,3204.206325,4272.275099,NA,NA,NA,NA,NA,NA,NA,NA,NA,NA,NA,NA,NA,NA,NA,NA,NA,NA,NA,NA,NA,NA,NA,NA,NA,NA,NA,NA,NA,NA,NA,NA,NA,NA,NA,NA,NA,NA,NA,NA,NA,NA,NA,NA,NA,NA,NA,NA,NA,NA,NA,NA,NA,NA,NA,NA,NA,NA,NA,NA,NA,Fish,13.610249407582872,0.9127588369862889,6.734050659953396,8.370932335329341,0.23976991017964072,15.76687021249869,13.86480405621759,1.2211062986117402,5.127747207269349,8.527495207584831,0.32076878982035933,12.005927603175762,0.922773831414898,-0.6202053194143212,1.1977454926731845
297,FD3,F,LB,4L WP,2,1,21.07,21.5,43,16.8,307,307,76.75,NA,139.7431305,255.0076305,355.8246007,785.44172,1551.10497,2164.332516,104.7664905,183.6788772,256.2961078,1934.161595,2574.431407,3592.22987,NA,NA,NA,NA,NA,NA,NA,NA,NA,NA,NA,NA,NA,NA,NA,NA,NA,NA,NA,NA,NA,NA,NA,NA,NA,NA,NA,NA,NA,NA,NA,NA,NA,NA,NA,NA,NA,NA,NA,NA,NA,NA,NA,NA,NA,NA,NA,NA,NA,NA,NA,NA,NA,NA,NA,NA,NA,NA,NA,NA,NA,Fish,11.031829312798385,3.9711932115759847,1.254564106657318,7.049943048859935,1.159037787296417,2.7469727758392564,18.309971543289393,2.8604018987063444,2.8908592916214317,11.701074495114007,0.8348407420195441,6.3297775942470285,0.8481856086700129,0.06409759519293329,0.4388543553210449
298,FD3,F,LB,4L WP,5,1,21.15,21.52,37,16.8,472,472,118,NA,65.2167705,264.8872763,429.5469345,497.24896,2436.798625,3951.565338,60.06987204,235.7141009,382.2390826,1124.852396,2389.532521,3874.917602,NA,NA,NA,NA,NA,NA,NA,NA,NA,NA,NA,NA,NA,NA,NA,NA,NA,NA,NA,NA,NA,NA,NA,NA,NA,NA,NA,NA,NA,NA,NA,NA,NA,NA,NA,NA,NA,NA,NA,NA,NA,NA,NA,NA,NA,NA,NA,NA,NA,NA,NA,NA,NA,NA,NA,NA,NA,NA,NA,NA,NA,Fish,13.548609052964565,3.4202786267880216,1.788955619334106,8.371960461864406,0.9100570646186441,4.15455856216952,13.285809346763974,3.0435886268438526,1.9713711892196717,8.209571190677966,0.8098285648305085,4.578189064542298,0.9228271686352753,-0.04093137463277951,0.6185248851120201
299,FD3,F,LB,4L WP,5,1,21.15,21.53,38,16.8,575,575,143.75,NA,74.777718,312.6920138,493.7242322,464.16988,2271.403225,3586.426145,71.04215563,290.5755189,458.8034509,1314.602038,3338.280729,5270.969572,NA,NA,NA,NA,NA,NA,NA,NA,NA,NA,NA,NA,NA,NA,NA,NA,NA,NA,NA,NA,NA,NA,NA,NA,NA,NA,NA,NA,NA,NA,NA,NA,NA,NA,NA,NA,NA,NA,NA,NA,NA,NA,NA,NA,NA,NA,NA,NA,NA,NA,NA,NA,NA,NA,NA,NA,NA,NA,NA,NA,NA,Fish,10.250952895183184,3.367003538148533,1.3749503216650432,6.237262860869565,0.8586508386086957,3.280528315029677,15.065822802414315,3.1288576532117323,2.1745699962731595,9.16690360347826,0.7979190450434782,5.188360869030697,0.7949940471807755,-0.06618340158498467,0.5159437906097255
301,FD3,F,LB,4L WP,5,1,21.21,21.55,34,16.8,552,552,138,NA,31.630878,96.95781375,171.1020243,444.12945,2171.201075,3831.531309,42.82771211,149.5033013,263.8293552,1360.629542,3568.418252,6297.208681,NA,NA,NA,NA,NA,NA,NA,NA,NA,NA,NA,NA,NA,NA,NA,NA,NA,NA,NA,NA,NA,NA,NA,NA,NA,NA,NA,NA,NA,NA,NA,NA,NA,NA,NA,NA,NA,NA,NA,NA,NA,NA,NA,NA,NA,NA,NA,NA,NA,NA,NA,NA,NA,NA,NA,NA,NA,NA,NA,NA,NA,Fish,11.37148891381461,1.2048437450036678,4.262387669491743,6.941179907608696,0.30996743532608695,10.11308302948035,18.689300159381425,1.8577988756213146,4.543187755678893,11.407986740942029,0.4779517304347826,10.779318671681919,0.8414333009747756,-0.5086839300401199,1.004883572858861
302,FD3,F,GS,4L WP,6,1,21.25,21.57,32,16.8,359,359,89.75,NA,155.187738,857.6905365,1608.169756,210.69105,1204.81089,2259.020419,206.69948,1162.634569,2179.939817,1659.647469,6076.209464,11392.89275,NA,NA,NA,NA,NA,NA,NA,NA,NA,NA,NA,NA,NA,NA,NA,NA,NA,NA,NA,NA,NA,NA,NA,NA,NA,NA,NA,NA,NA,NA,NA,NA,NA,NA,NA,NA,NA,NA,NA,NA,NA,NA,NA,NA,NA,NA,NA,NA,NA,NA,NA,NA,NA,NA,NA,NA,NA,NA,NA,NA,NA,Fish,9.967836722147005,15.873541891182773,0.2835916339169462,6.292535986072423,4.4795814930362114,0.6343874868089284,50.27068094196469,21.51723465529892,1.0551025041569635,31.735077298050143,6.072255757660167,2.360238264764785,0.798825707892707,0.6512374417313959,-0.19764539199472353
303,FD3,F,LB,4L WP,5,1,21.29,21.58,29,16.8,513,513,128.25,NA,40.848612,143.0464838,295.9582422,282.3828,1362.467825,2818.898948,42.78021305,149.265806,308.8258055,1118.138168,2355.961382,4874.402858,NA,NA,NA,NA,NA,NA,NA,NA,NA,NA,NA,NA,NA,NA,NA,NA,NA,NA,NA,NA,NA,NA,NA,NA,NA,NA,NA,NA,NA,NA,NA,NA,NA,NA,NA,NA,NA,NA,NA,NA,NA,NA,NA,NA,NA,NA,NA,NA,NA,NA,NA,NA,NA,NA,NA,NA,NA,NA,NA,NA,NA,Fish,8.950723245467769,2.2074197747517412,1.831215864373158,5.494929723196881,0.5769166514619882,4.301455260523411,15.477472507423537,2.303393157584902,3.034578040078902,9.501759957115011,0.6019996208576998,7.128106482648027,0.739962142433218,-0.23888692588204968,0.6336154101592331
304,FD3,F,LB,4L WP,5,1,21.3,22,30,16.8,380,380,95,NA,40.260246,140.1046538,280.2093075,378.44345,1842.771075,3685.54215,43.20770462,151.4032638,302.8065276,1256.386074,3047.200908,6094.401817,NA,NA,NA,NA,NA,NA,NA,NA,NA,NA,NA,NA,NA,NA,NA,NA,NA,NA,NA,NA,NA,NA,NA,NA,NA,NA,NA,NA,NA,NA,NA,NA,NA,NA,NA,NA,NA,NA,NA,NA,NA,NA,NA,NA,NA,NA,NA,NA,NA,NA,NA,NA,NA,NA,NA,NA,NA,NA,NA,NA,NA,Fish,15.43204084480675,2.6451140842404324,2.634785701737965,9.698795131578947,0.7373929144736843,5.939982526535384,25.518378012474624,2.858426859909709,4.0317382058854845,16.037899518421053,0.7968592831578947,9.089336745196373,0.9867177857912178,-0.13230103979711752,0.7737851674323006
305,FD3,F,LB,4L WP,5,1,21.32,22.02,30,16.8,405,405,101.25,NA,32.611488,101.8608638,203.7217275,435.79056,2129.506625,4259.01325,40.2627627,136.6785542,273.3571085,1173.239833,2631.469708,5262.939416,NA,NA,NA,NA,NA,NA,NA,NA,NA,NA,NA,NA,NA,NA,NA,NA,NA,NA,NA,NA,NA,NA,NA,NA,NA,NA,NA,NA,NA,NA,NA,NA,NA,NA,NA,NA,NA,NA,NA,NA,NA,NA,NA,NA,NA,NA,NA,NA,NA,NA,NA,NA,NA,NA,NA,NA,NA,NA,NA,NA,NA,Fish,16.81601524985922,1.8292712889374632,4.151559975606212,10.516082098765432,0.5030166111111111,9.441434462162007,20.779853051300364,2.4545457980470586,3.823293813694598,12.994912138271605,0.6749558234567901,8.694894975307694,1.0218539679727066,-0.29841767300614674,0.9750379828228186
306,FD3,F,LB,4L WP,2,1,21.34,22.03,29,16.8,243,243,60.75,NA,87.5746785,150.6707265,311.7325376,580.77488,1141.77129,2362.285428,71.61214439,117.3701851,242.8348657,1341.566172,1389.240561,2874.290816,NA,NA,NA,NA,NA,NA,NA,NA,NA,NA,NA,NA,NA,NA,NA,NA,NA,NA,NA,NA,NA,NA,NA,NA,NA,NA,NA,NA,NA,NA,NA,NA,NA,NA,NA,NA,NA,NA,NA,NA,NA,NA,NA,NA,NA,NA,NA,NA,NA,NA,NA,NA,NA,NA,NA,NA,NA,NA,NA,NA,NA,Fish,14.936523636164928,4.179903560394746,1.6137996262268504,9.721339209876543,1.2828499489711933,3.422288185251974,18.173888811879756,3.2560807657166744,2.520687685530892,11.828357267489713,0.9993204349794238,5.345471361318739,0.9877260973744546,0.10817586125036163,0.5343165779680583
307,FD3,F,LB,4L WP,5,1,21.38,22.04,26,16.8,376,376,94,NA,34.376586,110.6863538,255.4300471,309.29865,1497.047075,3454.724019,35.7503517,114.1164992,263.3457675,1086.53717,2197.95639,5072.207054,NA,NA,NA,NA,NA,NA,NA,NA,NA,NA,NA,NA,NA,NA,NA,NA,NA,NA,NA,NA,NA,NA,NA,NA,NA,NA,NA,NA,NA,NA,NA,NA,NA,NA,NA,NA,NA,NA,NA,NA,NA,NA,NA,NA,NA,NA,NA,NA,NA,NA,NA,NA,NA,NA,NA,NA,NA,NA,NA,NA,NA,Fish,14.607361079168607,2.4313155954919288,2.7132934768578396,9.188095795212767,0.6793352316489362,6.108122211063541,21.446448254216993,2.5066615255286524,3.863901313092642,13.489912377659575,0.7003876795212767,8.698351886059283,0.9632255145068171,-0.1679158614670576,0.7859077178178401
308,FD3,F,LB,4L WP,5,1,21.4,22.05,25,16.8,380,380,95,NA,24.3253335,60.43009125,145.032219,405.60364,1978.572025,4748.57286,26.82052783,69.46737987,166.7217117,1075.998698,2145.264031,5148.633675,NA,NA,NA,NA,NA,NA,NA,NA,NA,NA,NA,NA,NA,NA,NA,NA,NA,NA,NA,NA,NA,NA,NA,NA,NA,NA,NA,NA,NA,NA,NA,NA,NA,NA,NA,NA,NA,NA,NA,NA,NA,NA,NA,NA,NA,NA,NA,NA,NA,NA,NA,NA,NA,NA,NA,NA,NA,NA,NA,NA,NA,Fish,19.883145368466565,1.369072171685599,6.558810551278979,12.496244368421053,0.3816637342105263,14.786485308370487,21.558273364896255,1.5738162008281713,6.186233448183538,13.549035986842105,0.4387413465789473,13.946530286330448,1.0967795093964712,-0.4183191048675445,1.169864956107981
309,FD3,F,LB,4L WP,5,1,21.41,22.06,25,16.8,260,260,65,NA,25.4040045,65.82344625,157.976271,437.59816,2138.544625,5132.5071,45.01266902,160.4280858,385.027406,1185.774884,2694.14496,6465.947904,NA,NA,NA,NA,NA,NA,NA,NA,NA,NA,NA,NA,NA,NA,NA,NA,NA,NA,NA,NA,NA,NA,NA,NA,NA,NA,NA,NA,NA,NA,NA,NA,NA,NA,NA,NA,NA,NA,NA,NA,NA,NA,NA,NA,NA,NA,NA,NA,NA,NA,NA,NA,NA,NA,NA,NA,NA,NA,NA,NA,NA,Fish,30.49128784383824,2.008740698149215,6.855170027140375,19.740411923076923,0.6076010423076923,14.672497442720777,38.41301626725982,4.895799954254024,3.543407402306869,24.8690304,1.4808746384615383,7.584149750192738,1.295356210848955,-0.21638148979922667,1.166504042492147
310,FD3,F,LB,4L WP,4,1,21.43,22.08,25,16.8,312,312,78,NA,25.2078825,51.874269,124.4982456,305.62112,1182.92754,2839.026096,30.8579482,71.72358537,172.1366049,1137.464303,1962.073646,4708.976751,NA,NA,NA,NA,NA,NA,NA,NA,NA,NA,NA,NA,NA,NA,NA,NA,NA,NA,NA,NA,NA,NA,NA,NA,NA,NA,NA,NA,NA,NA,NA,NA,NA,NA,NA,NA,NA,NA,NA,NA,NA,NA,NA,NA,NA,NA,NA,NA,NA,NA,NA,NA,NA,NA,NA,NA,NA,NA,NA,NA,NA,Fish,14.256906215045216,1.3719579381058544,4.693003063697306,9.099442615384616,0.3990328384615385,10.298464941166905,23.64734864622228,1.8969277871586818,5.6298652210211575,15.092874201923077,0.5517198875,12.354343011338987,0.9590147905104832,-0.39899136251927775,1.0127724948737262
