"stream","date","year","TP_mt","SRP_mt","TKN_mt","water_year"
"Maumee",2010-10-01,2010,0.144146799786748,0.0391668364676688,1.19394643297754,2011
"Maumee",2010-10-02,2010,0.108929298963086,0.0246435481073453,0.874324188876888,2011
"Maumee",2010-10-03,2010,0.0991872308640024,0.026101902858948,0.77122422313905,2011
"Maumee",2010-10-04,2010,0.110719213632716,0.0287151391313979,0.894694621532437,2011
"Maumee",2010-10-05,2010,0.0983260118059705,0.0329822849388614,0.897273361089685,2011
"Maumee",2010-10-06,2010,0.104770854507142,0.0335197975863704,0.92695132556155,2011
"Maumee",2010-10-07,2010,0.0767402182820714,0.0269297750922847,0.654412816204398,2011
"Maumee",2010-10-08,2010,0.0498018801753749,0.0170806448472972,0.403255224134903,2011
"Maumee",2010-10-09,2010,0.0404926846876871,0.0111833946848849,0.30016105678111,2011
"Maumee",2010-10-10,2010,0.0252391179925665,0.00667680252871081,0.189383883773704,2011
"Maumee",2010-10-11,2010,0.0539706763642969,0.0142946939333692,0.465905556759415,2011
"Maumee",2010-10-12,2010,0.0388277410969599,0.0103352158745144,0.318569678369151,2011
"Maumee",2010-10-13,2010,0.038709277909011,0.00947617426871862,0.301956207122408,2011
"Maumee",2010-10-14,2010,0.113064965800695,0.0277547359007214,0.866534879515791,2011
"Maumee",2010-10-15,2010,0.133536344163282,0.0303923400656118,1.00000296422133,2011
"Maumee",2010-10-16,2010,0.111596531157842,0.0277827247249703,0.794989475091051,2011
"Maumee",2010-10-17,2010,0.075966170710752,0.0195261194345414,0.55168321307275,2011
"Maumee",2010-10-18,2010,0.0751356534574081,0.0213426120698546,0.552251696648257,2011
"Maumee",2010-10-19,2010,0.0678653144195967,0.021416955345453,0.551230351939141,2011
"Maumee",2010-10-20,2010,0.05871781310976,0.0174744211814646,0.47317162516369,2011
"Maumee",2010-10-21,2010,0.0544431563153695,0.0179441636863427,0.442591388096127,2011
"Maumee",2010-10-22,2010,0.0500973041725834,0.014154051178885,0.411985584314106,2011
"Maumee",2010-10-23,2010,0.0383580230578373,0.0124442618583951,0.324894222950714,2011
"Maumee",2010-10-24,2010,0.0661749753746995,0.0192447632467238,0.533338789627043,2011
"Maumee",2010-10-25,2010,0.086256442992482,0.023632892214949,0.691207893406031,2011
"Maumee",2010-10-26,2010,0.0767319427402863,0.0221220094863685,0.600376831224312,2011
"Maumee",2010-10-27,2010,0.0935492198464696,0.0256146673389143,0.735864845399462,2011
"Maumee",2010-10-28,2010,0.132696385846747,0.0352073475351449,1.06617265499285,2011
"Maumee",2010-10-29,2010,0.0614310653905402,0.0154868232076992,0.50182469467348,2011
"Maumee",2010-10-30,2010,0.0423098542089014,0.010040746041769,0.345745163043544,2011
"Maumee",2010-10-31,2010,0.048505317464645,0.0117665604320867,0.410263562115885,2011
"Maumee",2010-11-01,2010,0.0598454125948493,0.0132264728367872,0.481182583395607,2011
"Maumee",2010-11-02,2010,0.0652356126937207,0.0166463287563287,0.584421109580298,2011
"Maumee",2010-11-03,2010,0.0703205019117595,0.0200915719747884,0.670610418539791,2011
"Maumee",2010-11-04,2010,0.0546944685554792,0.0144398112026858,0.520186831326142,2011
"Maumee",2010-11-05,2010,0.0647214403769229,0.0182531172463218,0.584806738817896,2011
"Maumee",2010-11-06,2010,0.0487318703602268,0.0148673502793912,0.46956047965744,2011
"Maumee",2010-11-07,2010,0.0554017246143863,0.015795385315591,0.503566313941826,2011
"Maumee",2010-11-08,2010,0.0508715556251983,0.0122178231363388,0.474747124670864,2011
"Maumee",2010-11-09,2010,0.0706077298808881,0.00978370881488099,0.579124836235064,2011
"Maumee",2010-11-10,2010,0.0602867041445419,0.00764831321236725,0.631789234265295,2011
"Maumee",2010-11-11,2010,0.0625151430150791,0.0136593780691907,0.647483429216293,2011
"Maumee",2010-11-12,2010,0.0735725635250881,0.0130857539666193,0.669252789303427,2011
"Maumee",2010-11-13,2010,0.0623440295213751,0.0118281162728301,0.598613571995259,2011
"Maumee",2010-11-14,2010,0.0962048797388913,0.0196904314482269,0.94674590773078,2011
"Maumee",2010-11-15,2010,0.0490108125935055,0.0108948944964723,0.470344917019579,2011
"Maumee",2010-11-16,2010,0.0529852664131205,0.0133789271143252,0.594920221550655,2011
"Maumee",2010-11-17,2010,0.140779626793969,0.0326015977838665,1.60357050917715,2011
"Maumee",2010-11-18,2010,0.0671805179242042,0.0106991195212621,0.840254107518657,2011
"Maumee",2010-11-19,2010,0.0688392961445549,0.0120261420975427,0.839092962764412,2011
"Maumee",2010-11-20,2010,0.109830495065544,0.0113296020395282,1.37927908123574,2011
"Maumee",2010-11-21,2010,0.126351485756639,0.0139115710764971,1.58434150187694,2011
"Maumee",2010-11-22,2010,0.107778209634336,0.00689529803549368,1.31414194320775,2011
"Maumee",2010-11-23,2010,0.180401917765326,0.0115538306883411,2.31056343888421,2011
"Maumee",2010-11-24,2010,0.0428896926133603,0.00152825341495882,0.527000935674508,2011
"Maumee",2010-11-25,2010,0.139711843362568,0.00472531601000794,1.75356477131394,2011
"Maumee",2010-11-26,2010,0.459614660746865,0.0128210344925161,4.82614819594045,2011
"Maumee",2010-11-27,2010,1.47761468361785,0.0606408214891047,18.5008408494204,2011
"Maumee",2010-11-28,2010,1.32753024070642,0.07767877359312,15.7509249214769,2011
"Maumee",2010-11-29,2010,1.32352859455882,0.164314895207788,13.2215572859364,2011
"Maumee",2010-11-30,2010,1.23125382309856,0.379375790502159,8.82334962256431,2011
"Maumee",2010-12-01,2010,0.96183594531639,0.279134207906505,6.01259567914273,2011
"Maumee",2010-12-02,2010,1.88828168604131,0.551601497449506,11.8878029298561,2011
"Maumee",2010-12-03,2010,2.0825207011235,0.653770247602934,12.0770930119234,2011
"Maumee",2010-12-04,2010,1.49043718605569,0.543650616239335,8.22777778008267,2011
"Maumee",2010-12-05,2010,1.20952089252131,0.446536735821994,6.44200222696261,2011
"Maumee",2010-12-06,2010,0.983245601711464,0.391783136253979,5.4242167959512,2011
"Maumee",2010-12-07,2010,0.782243110084206,0.387928039981596,4.16434363890122,2011
"Maumee",2010-12-09,2010,0.76180246071048,0.41010722593848,4.36040926728624,2011
"Maumee",2010-12-10,2010,0.467650193470936,0.254287275974001,2.60346464971819,2011
"Maumee",2010-12-11,2010,0.377441381080769,0.212858384687789,2.0049748010483,2011
"Maumee",2010-12-13,2010,0.677106908450744,0.396085901482979,3.52537346075016,2011
"Maumee",2010-12-14,2010,0.395652025775608,0.264226146610024,2.01811738896486,2011
"Maumee",2010-12-15,2010,0.754095258424715,0.480352813707014,3.9937067381136,2011
"Maumee",2010-12-16,2010,0.781570791124099,0.486422767637235,4.21745683674966,2011
"Maumee",2010-12-17,2010,0.467493367978422,0.296556884015166,2.74720854744398,2011
"Maumee",2010-12-18,2010,0.474239677718401,0.294566961794632,2.84456268157996,2011
"Maumee",2010-12-19,2010,0.465704676596566,0.248171571081065,2.89905538105014,2011
"Maumee",2010-12-20,2010,0.43762667466892,0.25540046784754,2.58217980945223,2011
"Maumee",2010-12-21,2010,0.485205229316649,0.261351762863769,3.27712384390917,2011
"Maumee",2010-12-22,2010,0.376495094590995,0.201489294918945,2.43952358581703,2011
"Maumee",2010-12-23,2010,0.343469358470432,0.18638893278453,2.30631606140716,2011
"Maumee",2010-12-24,2010,0.306200477448514,0.172159013297956,1.92840146368424,2011
"Maumee",2010-12-25,2010,0.262168576575636,0.152166772290345,1.80649638432534,2011
"Maumee",2010-12-26,2010,0.243112884687126,0.141862530062246,1.90779195166631,2011
"Maumee",2010-12-27,2010,0.179886791284065,0.103201107170919,1.47980265612885,2011
"Maumee",2010-12-28,2010,0.192733001038952,0.110680728999373,1.47490456295377,2011
"Maumee",2010-12-29,2010,0.296951149664443,0.175213954319524,2.31665700226845,2011
"Maumee",2010-12-30,2010,0.301319999617364,0.186967058586106,2.21482587954041,2011
"Maumee",2010-12-31,2010,0.214838496140383,0.132975735842616,1.49416620757176,2011
"Maumee",2011-01-01,2011,1.56549029477259,0.774267763118573,9.5083956686626,2011
"Maumee",2011-01-02,2011,3.16953323768772,1.52384615376982,22.0031367416731,2011
"Maumee",2011-01-03,2011,4.38610442696063,1.933303691572,32.5950217557845,2011
"Maumee",2011-01-04,2011,2.78745985298828,1.26928975448573,19.9064978317025,2011
"Maumee",2011-01-05,2011,3.51389119239655,1.33198521011857,22.9837168808794,2011
"Maumee",2011-01-06,2011,2.63449040819272,1.15127331123153,16.5199697351194,2011
"Maumee",2011-01-07,2011,1.40351818593953,0.660281319104142,8.36449755941521,2011
"Maumee",2011-01-08,2011,0.89730115418789,0.434864123890883,5.50749110529196,2011
"Maumee",2011-01-09,2011,0.694242723576609,0.342456965509398,4.10827987094402,2011
"Maumee",2011-01-10,2011,0.597850001204111,0.29857218266095,3.76650793027707,2011
"Maumee",2011-01-11,2011,0.66642515961586,0.324041591372849,4.25271835146739,2011
"Maumee",2011-01-12,2011,0.56503461621218,0.261039384098025,3.42372269957138,2011
"Maumee",2011-01-13,2011,0.418367647886761,0.188784374901853,2.55637306146718,2011
"Maumee",2011-01-14,2011,0.438295690752039,0.224791972832418,2.4152973011691,2011
"Maumee",2011-01-15,2011,0.53681434591652,0.282230202465739,3.44590095582956,2011
"Maumee",2011-01-16,2011,0.372117094445531,0.194806327019858,2.12957970098824,2011
"Maumee",2011-01-17,2011,0.330967846744255,0.174258419774184,1.91314809271516,2011
"Maumee",2011-01-18,2011,0.30787168427264,0.166664579566354,1.95620596293157,2011
"Maumee",2011-01-19,2011,0.505777186399942,0.289383989362945,3.50484762161591,2011
"Maumee",2011-01-20,2011,0.471074763126029,0.260384166700986,3.40578433426908,2011
"Maumee",2011-01-21,2011,0.212910349952391,0.123043324166035,1.59863194964253,2011
"Maumee",2011-01-22,2011,0.264344365140418,0.15818559279165,1.75838623774292,2011
"Maumee",2011-01-23,2011,1.67222117434709,1.07734415932058,11.4996292536897,2011
"Maumee",2011-01-24,2011,1.3148157953552,0.768479165376169,10.1505222554784,2011
"Maumee",2011-01-25,2011,1.48074581100193,0.885705364728931,NA,2011
"Maumee",2011-01-26,2011,1.69258255467312,0.987164607973949,NA,2011
"Maumee",2011-01-27,2011,1.37364451988973,0.81958323538603,12.4836419383874,2011
"Maumee",2011-01-28,2011,1.36005134615482,0.789629810973414,12.1516587627915,2011
"Maumee",2011-01-29,2011,0.808599334471186,0.489044762650141,6.61643083053179,2011
"Maumee",2011-01-30,2011,0.433153967584061,0.257991391351008,3.26454159518997,2011
"Maumee",2011-01-31,2011,0.948108699241547,0.556396296205027,5.76481849603972,2011
"Maumee",2011-02-01,2011,1.11022173082606,0.595178433133805,8.28114933630878,2011
"Maumee",2011-02-02,2011,1.5006071112863,0.857647057734432,12.1116499128838,2011
"Maumee",2011-02-03,2011,0.938083121968165,0.576219919225991,8.77772588177802,2011
"Maumee",2011-02-04,2011,0.60535863398171,0.357018983160618,5.55051413627259,2011
"Maumee",2011-02-05,2011,0.917708040819078,0.578818182456098,8.74350073646167,2011
"Maumee",2011-02-06,2011,1.04287239918917,0.655819254622909,8.40886057982251,2011
"Maumee",2011-02-07,2011,1.00392944069449,0.627598277538759,7.98587485205035,2011
"Maumee",2011-02-08,2011,0.700112058312038,0.458429539552266,5.70974950569962,2011
"Maumee",2011-02-09,2011,0.405270346083563,0.260281386062289,3.46197534862044,2011
"Maumee",2011-02-10,2011,0.505848088159272,0.333735413002161,4.41898322175388,2011
"Maumee",2011-02-11,2011,0.696018937423179,0.462943471435079,5.93861319188486,2011
"Maumee",2011-02-12,2011,0.795702700794291,0.586602696529124,7.10285115159348,2011
"Maumee",2011-02-13,2011,1.36873375345331,1.15304952507811,7.84787157200208,2011
"Maumee",2011-02-14,2011,0.929482430292912,0.684284780524994,9.30418903296329,2011
"Maumee",2011-02-15,2011,1.43393548107572,0.917646876430422,11.2048095606411,2011
"Maumee",2011-02-16,2011,1.57375580559801,1.08733939905719,11.3295276636316,2011
"Maumee",2011-02-17,2011,2.11420923691351,1.44047517751082,13.1230691368505,2011
"Maumee",2011-02-18,2011,29.9386348634393,17.2975949338601,144.251329726961,2011
"Maumee",2011-02-19,2011,72.7445444972186,9.54399334286039,271.038049040398,2011
"Maumee",2011-02-20,2011,56.252398931814,10.3627398494096,210.329408477152,2011
"Maumee",2011-02-21,2011,NA,NA,NA,2011
"Maumee",2011-02-28,2011,40.746519958829,5.93180192556413,173.036651936122,2011
"Maumee",2011-03-01,2011,65.0255382999679,11.0896266868162,217.989408709062,2011
"Maumee",2011-03-02,2011,100.068103807081,15.0290893111272,331.71180687319,2011
"Maumee",2011-03-03,2011,92.5365384613628,14.358724077515,282.412613157948,2011
"Maumee",2011-03-04,2011,62.1879271278559,15.8312493946816,195.47434272542,2011
"Maumee",2011-03-05,2011,49.7917975657071,10.8356764945842,178.460946084637,2011
"Maumee",2011-03-06,2011,64.0303659686787,11.4631263465398,217.291608936483,2011
"Maumee",2011-03-07,2011,57.590450670657,11.8630631579325,192.056082516818,2011
"Maumee",2011-03-08,2011,49.2835046417886,14.2839300883327,160.108914332664,2011
"Maumee",2011-03-09,2011,41.5298614590047,9.66154640470613,140.716808520244,2011
"Maumee",2011-03-10,2011,51.9311044269941,9.99729703480156,185.337658301231,2011
"Maumee",2011-03-11,2011,41.3584176776019,8.33085274181842,153.672719052761,2011
"Maumee",2011-03-12,2011,28.0918422055111,6.88394429390876,98.7754501803903,2011
"Maumee",2011-03-13,2011,20.4205678816424,5.70148497350442,77.2682186438566,2011
"Maumee",2011-03-14,2011,14.0439797450596,4.04631789865995,62.3252153554245,2011
"Maumee",2011-03-15,2011,7.975444828655,2.54903813011653,39.038489114513,2011
"Maumee",2011-03-16,2011,7.60421368814628,2.13549346553558,37.3928000733347,2011
"Maumee",2011-03-17,2011,8.79991632198242,1.56286022606038,42.5687508332046,2011
"Maumee",2011-03-18,2011,5.67868533598901,1.8299528784434,32.0588861633218,2011
"Maumee",2011-03-19,2011,4.63300377875765,1.4245641181034,24.7967154801025,2011
"Maumee",2011-03-20,2011,2.975547198517,0.88854290304746,16.9828738166882,2011
"Maumee",2011-03-21,2011,2.41390914138833,0.849402641827058,14.112274814066,2011
"Maumee",2011-03-22,2011,1.66735151037985,0.619211878697184,9.24822902699343,2011
"Maumee",2011-03-23,2011,1.71309219747725,0.6330514225896,9.85578493047322,2011
"Maumee",2011-03-24,2011,2.24859865303826,0.824992613918767,13.6374469659942,2011
"Maumee",2011-03-25,2011,2.13351173934313,0.754303706661255,14.1250470257843,2011
"Maumee",2011-03-26,2011,1.47075595373152,0.521917196346976,7.97851577028064,2011
"Maumee",2011-03-27,2011,1.1683217836104,0.43824602526845,7.58657020859457,2011
"Maumee",2011-03-28,2011,1.05221701293552,0.328606085816951,7.51762644367419,2011
"Maumee",2011-03-29,2011,0.884508255314156,0.286388059743552,7.32528279066766,2011
"Maumee",2011-03-30,2011,0.849279769366291,0.219641319663696,6.25322690439028,2011
"Maumee",2011-03-31,2011,0.802731223023529,0.235928173075016,6.13772896600338,2011
"Maumee",2011-04-01,2011,0.695293283116164,0.149511210260945,6.1220209723663,2011
"Maumee",2011-04-02,2011,0.630999235021414,0.0304021263677967,6.14122952629494,2011
"Maumee",2011-04-03,2011,0.508251603975898,0.0194649550458854,6.69270037661028,2011
"Maumee",2011-04-04,2011,0.616477232472461,0.0169634674707187,6.84393163821692,2011
"Maumee",2011-04-05,2011,0.531535663449464,0.0193842180528595,5.97135938228351,2011
"Maumee",2011-04-06,2011,1.42286325878365,0.0618636199471154,14.0685149832675,2011
"Maumee",2011-04-07,2011,2.12437426899303,0.0654997205239373,25.1780925694015,2011
"Maumee",2011-04-08,2011,8.06475853691582,0.628944111562572,39.7461454331794,2011
"Maumee",2011-04-09,2011,8.45963028450772,1.47330060977299,50.8072351540876,2011
"Maumee",2011-04-10,2011,7.77801705574253,1.54584429313628,45.6824314152205,2011
"Maumee",2011-04-11,2011,6.52396142039474,1.61010754156332,38.9784107335578,2011
"Maumee",2011-04-12,2011,4.40907287818873,1.25017808494872,27.9471248153755,2011
"Maumee",2011-04-13,2011,2.94880857437215,0.986212645428907,18.2842513880931,2011
"Maumee",2011-04-14,2011,2.43775074824471,0.844230037438852,18.3174548434613,2011
"Maumee",2011-04-15,2011,1.86873305811174,0.534469107529405,11.1818572568116,2011
"Maumee",2011-04-16,2011,1.55154970731011,0.563802569698605,10.4762384462601,2011
"Maumee",2011-04-17,2011,1.16540179569596,0.407662118337568,8.95028579094499,2011
"Maumee",2011-04-18,2011,0.882132059591129,0.290116450586812,7.08088373034221,2011
"Maumee",2011-04-19,2011,1.14499735564032,0.320379067780128,9.08511363340762,2011
"Maumee",2011-04-20,2011,NA,3.12379255059032,97.4888095567882,2011
"Maumee",2011-04-21,2011,43.1936372176712,4.66296476037028,160.849413372727,2011
"Maumee",2011-04-22,2011,NA,NA,NA,2011
"Maumee",2011-04-23,2011,40.3451659685511,6.67014131902358,149.913318000372,2011
"Maumee",2011-04-24,2011,31.9270777212933,6.30694881023462,127.407274987345,2011
"Maumee",2011-04-25,2011,25.6405692342223,4.35928058043424,NA,2011
"Maumee",2011-04-26,2011,43.8585476751822,5.57361035311255,146.135036860415,2011
"Maumee",2011-04-27,2011,46.6318321238239,5.68044496749021,153.896991604013,2011
"Maumee",2011-04-28,2011,66.0044610201626,7.84453400801025,242.459172477732,2011
"Maumee",2011-04-29,2011,73.778454002815,7.94405308966292,244.420470036217,2011
"Maumee",2011-04-30,2011,51.8907284548336,6.9719121409616,150.294723633053,2011
"Maumee",2011-05-01,2011,29.7787389186148,4.08394133741003,97.2984843286073,2011
"Maumee",2011-05-02,2011,22.5605320562262,5.30857962023155,81.4075341411298,2011
"Maumee",2011-05-03,2011,15.5817503388933,4.76935436984026,62.1503586011347,2011
"Maumee",2011-05-04,2011,12.621344996432,3.64363602950431,51.9612277524863,2011
"Maumee",2011-05-05,2011,10.6206284845877,3.54020949486256,49.0338854319569,2011
"Maumee",2011-05-06,2011,9.3220033106723,2.86517238932393,41.6432235369397,2011
"Maumee",2011-05-07,2011,6.53143924263096,2.02851694977624,31.6553235269695,2011
"Maumee",2011-05-08,2011,4.59076414126692,1.68871696531006,21.6768403862768,2011
"Maumee",2011-05-09,2011,3.65634911564689,1.46471856644024,19.1381822606778,2011
"Maumee",2011-05-10,2011,2.81045472723227,1.1543506139536,13.8347412646185,2011
"Maumee",2011-05-11,2011,2.1154413323586,0.689862130061066,11.3057907430244,2011
"Maumee",2011-05-12,2011,2.92767016165263,1.67527792583456,13.0910229117156,2011
"Maumee",2011-05-13,2011,5.32205266710714,3.50673887344467,21.0490366235764,2011
"Maumee",2011-05-14,2011,4.6818061104936,2.58826652242494,20.7121654346966,2011
"Maumee",2011-05-15,2011,22.0962079006578,6.54423238616225,93.1197332956294,2011
"Maumee",2011-05-16,2011,32.0440548694495,5.42704418437924,143.925811627246,2011
"Maumee",2011-05-17,2011,33.0614341043579,4.93369023763731,136.679004704485,2011
"Maumee",2011-05-18,2011,21.5639945357821,4.16253635354521,89.0582429587194,2011
"Maumee",2011-05-19,2011,NA,4.40904718914549,96.1787503120575,2011
"Maumee",2011-05-20,2011,21.6180277683646,4.08317494762017,100.196198007628,2011
"Maumee",2011-05-21,2011,13.8881818142751,3.00561805855584,64.8189364124405,2011
"Maumee",2011-05-22,2011,9.81392891602814,2.14792696246158,47.6413093104903,2011
"Maumee",2011-05-23,2011,7.24123362366724,1.74403220347889,34.8925588924879,2011
"Maumee",2011-05-24,2011,3.4917565341146,1.26399291842812,20.1856418259111,2011
"Maumee",2011-05-25,2011,25.0349267974773,3.78333549319461,108.604980908677,2011
"Maumee",2011-05-26,2011,108.064787086211,9.79309795630227,431.126519244115,2011
"Maumee",2011-05-27,2011,138.641466561088,15.1216440795667,596.883663668527,2011
"Maumee",2011-05-28,2011,124.089061505189,24.2239432751363,525.619078000509,2011
"Maumee",2011-05-29,2011,79.8801158239575,14.667379698961,302.952957223083,2011
"Maumee",2011-05-30,2011,65.3282987617144,11.710776878582,257.536605577969,2011
"Maumee",2011-05-31,2011,40.054845527932,9.46109792651923,155.312530196189,2011
"Maumee",2011-06-01,2011,25.842590316802,7.08254261729925,114.200568306238,2011
"Maumee",2011-06-02,2011,23.1209291558694,5.83487594214874,92.0065842371622,2011
"Maumee",2011-06-03,2011,12.4519441056103,4.5223285300875,53.0285756934401,2011
"Maumee",2011-06-04,2011,7.33456436431743,2.98027153589679,34.8619889310376,2011
"Maumee",2011-06-05,2011,4.24816038122475,2.22008381504683,24.3009174349721,2011
"Maumee",2011-06-06,2011,3.27998003057019,1.67704881158328,19.061496089968,2011
"Maumee",2011-06-07,2011,2.20117423264994,1.03661210168145,12.2441672094006,2011
"Maumee",2011-06-08,2011,1.38771477585615,0.48063465920994,9.45483768337986,2011
"Maumee",2011-06-09,2011,0.842703374297998,0.139770414381145,7.45884306233979,2011
"Maumee",2011-06-10,2011,0.87103325117813,0.109860049698142,7.68123531154768,2011
"Maumee",2011-06-11,2011,0.70671536571134,0.116151174057744,7.00004408988004,2011
"Maumee",2011-06-12,2011,1.37853400111889,0.0928769008863629,12.8823701414603,2011
"Maumee",2011-06-13,2011,1.61086448485316,0.0493816808253082,15.3733686492085,2011
"Maumee",2011-06-14,2011,1.79350673184617,0.0220771637566059,18.7855637698472,2011
"Maumee",2011-06-15,2011,0.881999292091486,0.0124643237778743,10.6759900853631,2011
"Maumee",2011-06-16,2011,0.678447631850083,0.0112224420306029,8.64638147357813,2011
"Maumee",2011-06-17,2011,0.590176654087072,0.00615754133477683,7.77081716448836,2011
"Maumee",2011-06-18,2011,0.598469566558607,0.0102188567415352,9.40667977964278,2011
"Maumee",2011-06-19,2011,0.458680068888201,0.00623583175225651,6.12427965091059,2011
"Maumee",2011-06-20,2011,1.15879506309089,0.0517924276318821,11.9538859139903,2011
"Maumee",2011-06-21,2011,1.40071343173332,0.407619058607954,NA,2011
"Maumee",2011-06-22,2011,1.29155701716228,0.140453008958546,10.7935084058361,2011
"Maumee",2011-06-23,2011,1.94433909290209,0.271152989159561,13.4134649319964,2011
"Maumee",2011-06-24,2011,1.25044720825881,0.0512019330317107,12.1164574338322,2011
"Maumee",2011-06-25,2011,1.09146872926413,0.0573379445016806,9.84915715731845,2011
"Maumee",2011-06-26,2011,1.05187824377488,0.0275386543484774,8.42731999231889,2011
"Maumee",2011-06-27,2011,0.774146847918243,0.0133950554840095,7.03546169611763,2011
"Maumee",2011-06-28,2011,0.56177533720099,0.00819113492881152,6.56553594273113,2011
"Maumee",2011-06-29,2011,0.444562104698623,0.0082755417851568,6.22320742243791,2011
"Maumee",2011-06-30,2011,0.298669037149991,0.0049004418876078,4.04853875314629,2011
"Maumee",2011-07-01,2011,0.230356635515074,0.00330429600124082,3.34984808182935,2011
"Maumee",2011-07-02,2011,0.198274641445718,0.00175076946088934,2.89008268756308,2011
"Maumee",2011-07-03,2011,0.231279312550828,0.0038512768961137,2.74069025854491,2011
"Maumee",2011-07-04,2011,0.16733647037574,0.00781411763713594,2.18909646780837,2011
"Maumee",2011-07-05,2011,0.160025613328466,0.00850547095499244,2.18722131444671,2011
"Maumee",2011-07-18,2011,0.118316393416166,0.0026423015899392,1.8343444815489,2011
"Maumee",2011-07-21,2011,0.450019191454512,0.0827979882660726,4.30272390905699,2011
"Maumee",2011-07-22,2011,0.679110653823114,0.147609242431298,6.95493657653401,2011
"Maumee",2011-07-23,2011,0.466219436091494,0.0508956217733215,4.27756332613946,2011
"Maumee",2011-07-24,2011,0.319620629360794,0.0329186739746592,2.92694842186649,2011
"Maumee",2011-07-25,2011,0.23268241003451,0.0483169583317573,2.23413882069235,2011
"Maumee",2011-08-01,2011,0.125292069613606,0.0311897279676423,1.36381750668768,2011
"Maumee",2011-08-02,2011,0.138788310025373,0.0684167725477192,1.4356996577706,2011
"Maumee",2011-08-03,2011,0.159762557525734,0.0724280310188016,1.6782960214284,2011
"Maumee",2011-08-04,2011,0.134342392942746,0.0546662840051866,1.30461086778378,2011
"Maumee",2011-08-05,2011,0.12253673623343,0.0263278930421542,1.48430499124358,2011
"Maumee",2011-08-06,2011,0.134330208996526,0.0135109687965558,1.68562327053184,2011
"Maumee",2011-08-07,2011,0.421053204932358,0.0848741522746118,3.18264247877958,2011
"Maumee",2011-08-08,2011,0.341240881542053,0.0835818574790015,2.81244530187296,2011
"Maumee",2011-08-09,2011,0.342383568243011,0.130140693031144,2.85290525953509,2011
"Maumee",2011-08-10,2011,0.341728864626837,0.131269542988179,3.61776006789706,2011
"Maumee",2011-08-15,2011,0.196437569032435,0.036218829146788,2.01416353327253,2011
"Maumee",2011-08-16,2011,0.130799017579127,0.0447809444421148,1.39964613761703,2011
"Maumee",2011-08-17,2011,0.205574415505768,0.069626237169003,2.40175115061618,2011
"Maumee",2011-08-18,2011,0.216270232150043,0.067023839226223,2.38644733125934,2011
"Maumee",2011-08-19,2011,0.170103547318538,0.0397881687933919,1.95089787262645,2011
"Maumee",2011-08-20,2011,0.15938558916557,0.0148189080835757,1.8088947134018,2011
"Maumee",2011-08-21,2011,0.133092143907106,0.00846167725271474,1.47419627933313,2011
"Maumee",2011-08-22,2011,0.117516803596144,0.0150662568713005,1.21148157816406,2011
"Maumee",2011-08-23,2011,0.12901243025224,0.0409997130038899,1.35996048033903,2011
"Maumee",2011-08-24,2011,0.171746178140283,0.0461761775446245,2.00912000953054,2011
"Maumee",2011-08-25,2011,0.576524762539053,0.222655011421554,4.42480705018415,2011
"Maumee",2011-08-26,2011,0.691473200058265,0.224357828001737,6.91354492212761,2011
"Maumee",2011-08-27,2011,0.810672807246624,0.202840685387666,8.39650048016291,2011
"Maumee",2011-08-28,2011,0.631396558890123,0.0841475193373786,6.4329327714127,2011
"Maumee",2011-08-29,2011,0.322244581634136,0.0534454428076128,3.11031518143127,2011
"Maumee",2011-08-30,2011,0.178151900098471,0.0561876625428605,1.3956073307053,2011
"Maumee",2011-08-31,2011,0.226791192040028,0.0634425174758814,1.96903653906872,2011
"Maumee",2011-09-01,2011,0.202976470330482,0.0579388234558372,1.83822352707747,2011
"Maumee",2011-09-02,2011,0.124492332999051,0.0262580188445536,1.36954895242532,2011
"Maumee",2011-09-03,2011,0.106979011266401,0.00395787419266337,1.39643114162323,2011
"Maumee",2011-09-04,2011,0.128614029890291,0.00168887109956947,1.65626289603163,2011
"Maumee",2011-09-05,2011,0.119636076265808,0.0132617116799048,1.25986260959096,2011
"Maumee",2011-09-06,2011,0.0834720687605726,0.0241647288071906,0.763632205630002,2011
"Maumee",2011-09-07,2011,0.18638893278453,0.0469265422646563,1.95230881274397,2011
"Maumee",2011-09-08,2011,1.79256382163065,0.45398264383942,18.3762827524707,2011
"Maumee",2011-09-09,2011,2.1906637441033,0.565428074491526,17.337327320731,2011
"Maumee",2011-09-10,2011,2.29081235682819,0.618702257010902,12.1523883316194,2011
"Maumee",2011-09-11,2011,1.87989727164435,0.520282639224533,13.0913431684547,2011
"Maumee",2011-09-12,2011,1.4675220701745,0.478151385030507,10.1211821060027,2011
"Maumee",2011-09-13,2011,0.644592408756324,0.250128097545393,4.51132676917116,2011
"Maumee",2011-09-14,2011,0.764055756788567,0.270141085513636,4.49260753035177,2011
"Maumee",2011-09-15,2011,0.342447056878436,0.115046545198617,2.34034046519994,2011
"Maumee",2011-09-16,2011,0.239961940041123,0.0681771060072096,1.72625863950538,2011
"Maumee",2011-09-17,2011,0.29487425168324,0.0499257992267919,2.60996030779345,2011
"Maumee",2011-09-18,2011,0.229462974865299,0.0323077640607631,2.23682609849608,2011
"Maumee",2011-09-19,2011,0.18823430316654,0.0369834798291969,1.78775598534589,2011
"Maumee",2011-09-20,2011,0.264730239035571,0.0819904960070361,2.11784191228457,2011
"Maumee",2011-09-21,2011,0.387461233367373,0.126373945320153,3.65425979449875,2011
"Maumee",2011-09-22,2011,0.478192976814793,0.118957396209281,5.2211267773312,2011
"Maumee",2011-09-23,2011,0.425031826085653,0.0897068729510997,5.01729547350487,2011
"Maumee",2011-09-24,2011,0.43595554124206,0.0542875541106286,4.42476668168764,2011
"Maumee",2011-09-25,2011,0.37187948302848,0.05688288145008,3.7952503161048,2011
"Maumee",2011-09-26,2011,1.15673683553933,0.32783363055855,8.11762664905891,2011
"Maumee",2011-09-27,2011,5.67160690361863,1.45477867367932,31.1586526252367,2011
"Maumee",2011-09-28,2011,6.9629784703545,2.09879483234198,41.8336527445813,2011
"Maumee",2011-09-29,2011,9.58415388045192,3.12079060239509,40.8427529497209,2011
"Maumee",2011-09-30,2011,12.7850710552741,3.60431222074959,55.50756714238,2011
"Maumee",2011-10-01,2011,11.4094582653575,3.38214603512218,55.0197652401073,2012
"Maumee",2011-10-02,2011,8.22471417818367,2.86705625249454,37.5718037731753,2012
"Maumee",2011-10-03,2011,5.08913084606334,2.07568708941278,25.455854166874,2012
"Maumee",2011-10-04,2011,2.71932076676505,1.30140693031144,16.1015023158819,2012
"Maumee",2011-10-05,2011,1.96321956104998,0.9563179388294,10.8898080659116,2012
"Maumee",2011-10-06,2011,0.987026865770696,0.488351158482782,5.53447438699144,2012
"Maumee",2011-10-07,2011,1.00618844544885,0.386692030015636,5.52636398905565,2012
"Maumee",2011-10-08,2011,0.597355396054849,0.2638851918419,3.95155468802743,2012
"Maumee",2011-10-09,2011,0.390614991575254,0.16025835606018,2.77277638732694,2012
"Maumee",2011-10-10,2011,0.43681051065878,0.147970520086959,3.64514148899043,2012
"Maumee",2011-10-11,2011,0.356184749830861,0.137212372853018,3.03414728241148,2012
"Maumee",2011-10-12,2011,0.246029594190331,0.0772036486220402,2.06113665221915,2012
"Maumee",2011-10-13,2011,0.182263223509394,0.0400240186760494,1.87774223004019,2012
"Maumee",2011-10-14,2011,0.253778877575492,0.0340533957130053,2.73136611448063,2012
"Maumee",2011-10-15,2011,0.211965433544923,0.0136263492993165,2.72341936798314,2012
"Maumee",2011-10-16,2011,0.0673004001259699,0.00348881672893824,0.986097167063125,2012
"Maumee",2011-10-17,2011,0.0694646408541738,0.00418155643960428,0.969183174786785,2012
"Maumee",2011-10-18,2011,0.155446602536123,0.00840251905600665,2.25187510700978,2012
"Maumee",2011-10-19,2011,0.41798079536139,0.0356233632410275,3.67989342279814,2012
"Maumee",2011-10-20,2011,2.99460846859776,1.11549165455267,14.2618228316968,2012
"Maumee",2011-10-24,2011,21.5288589925208,10.4684346314244,85.1470270005358,2012
"Maumee",2011-10-25,2011,14.7748819566211,8.08364463218747,68.0339813377545,2012
"Maumee",2011-10-26,2011,9.2918125684317,4.96897046865798,42.7147624618042,2012
"Maumee",2011-10-27,2011,5.93211973572759,3.45795073184688,27.1906338701759,2012
"Maumee",2011-10-28,2011,5.68713140408974,3.16180695211269,29.5506461483842,2012
"Maumee",2011-10-29,2011,6.5925424668983,3.21303873336607,33.4541804302202,2012
"Maumee",2011-10-30,2011,3.96252023962568,2.08189878161965,20.9897685756262,2012
"Maumee",2011-10-31,2011,2.33913869369954,1.21738744842765,13.9041001046724,2012
"Maumee",2011-11-01,2011,2.07771758401113,1.05487774539457,11.7140079893534,2012
"Maumee",2011-11-02,2011,1.65520157155967,0.835301504640404,8.94189354750627,2012
"Maumee",2011-11-03,2011,1.04250834874789,0.525856182976422,5.95009032242983,2012
"Maumee",2011-11-04,2011,1.15357015635435,0.610591859075117,6.05900305807647,2012
"Maumee",2011-11-05,2011,0.785835172301195,0.415538623651133,4.04621514248701,2012
"Maumee",2011-11-06,2011,0.70948733580523,0.355585289890522,4.36675568425319,2012
"Maumee",2011-11-07,2011,0.650632079518117,0.316297636085545,3.88915390882706,2012
"Maumee",2011-11-08,2011,0.588484602439292,0.288727719938421,4.6554882973427,2012
"Maumee",2011-11-09,2011,0.509344733929958,0.265356562375409,3.55647726498462,2012
"Maumee",2011-11-10,2011,0.373535814673284,0.178761488861572,2.80311989374465,2012
"Maumee",2011-11-11,2011,0.711653533793871,0.327633653589839,5.76979483070077,2012
"Maumee",2011-11-12,2011,0.60126551309285,0.305420704890417,5.31361467270571,2012
"Maumee",2011-11-13,2011,0.901193166566848,0.250819010479651,5.62010110590407,2012
"Maumee",2011-11-14,2011,0.621718884659416,0.31477677676557,4.58012214928466,2012
"Maumee",2011-11-15,2011,9.61297731317225,2.92812718196467,43.9798008835157,2012
"Maumee",2011-11-16,2011,18.5077372565701,5.60115091035312,81.3046768430652,2012
"Maumee",2011-11-17,2011,20.0675346418884,5.1062358615215,90.1930814530875,2012
"Maumee",2011-11-18,2011,13.4017885278732,4.48137652530676,59.650068488777,2012
"Maumee",2011-11-19,2011,9.23140612887993,4.01336546194275,36.5285032232656,2012
"Maumee",2011-11-20,2011,5.88669563550588,3.08509995832654,23.5650988298504,2012
"Maumee",2011-11-21,2011,4.12119827914328,2.15895563570892,16.4505821613949,2012
"Maumee",2011-11-22,2011,4.54025232603242,1.54020200061154,16.9131005403289,2012
"Maumee",2011-11-23,2011,37.4746445495579,9.36583806105083,119.178990711756,2012
"Maumee",2011-11-24,2011,48.518270451112,12.0815545870895,160.629424095652,2012
"Maumee",2011-11-25,2011,32.2933904294289,9.88189641575305,116.296646624198,2012
"Maumee",2011-11-26,2011,23.1933551317648,8.10726631908641,78.1666464460835,2012
"Maumee",2011-11-27,2011,13.7871443606542,5.31585206604275,53.5844082986392,2012
"Maumee",2011-11-28,2011,22.1886346316437,8.87741282569735,85.2022674142692,2012
"Maumee",2011-11-29,2011,40.3397900265508,11.6939351962052,145.223244095583,2012
"Maumee",2011-11-30,2011,85.7602448506972,21.4612261299622,284.293216130717,2012
"Maumee",2011-12-01,2011,86.2814225288091,24.5851483490565,245.793132663787,2012
"Maumee",2011-12-02,2011,65.1681241791194,21.6581175591466,201.184645700877,2012
"Maumee",2011-12-03,2011,47.7266330210216,18.0490557197366,141.245125101918,2012
"Maumee",2011-12-04,2011,29.8564372648123,12.4299885366584,93.1637520828573,2012
"Maumee",2011-12-05,2011,33.0335394732674,9.96923049779876,110.308262644036,2012
"Maumee",2011-12-06,2011,45.8281342316179,11.1081268755717,168.08200174986,2012
"Maumee",2011-12-07,2011,42.8781447767821,10.8615721375325,134.739194875339,2012
"Maumee",2011-12-08,2011,34.6698280915927,9.87862643161464,110.992593984252,2012
"Maumee",2011-12-09,2011,28.0911449314804,8.21196140314889,92.2858143508302,2012
"Maumee",2011-12-10,2011,17.4627265503536,6.19551218725448,61.7454992797429,2012
"Maumee",2011-12-11,2011,11.6744028244109,4.3249730670745,41.3788881751973,2012
"Maumee",2011-12-12,2011,8.27338336184156,3.33717253974774,30.6135539896682,2012
"Maumee",2011-12-13,2011,5.50107618420971,2.45029434107028,20.9661738010583,2012
"Maumee",2011-12-14,2011,3.48367402714004,1.84077408208442,13.6515000959318,2012
"Maumee",2011-12-15,2011,11.5602064642146,3.41650574209357,54.4571409411918,2012
"Maumee",2011-12-16,2011,41.3343360345003,8.59442844185372,148.724151800871,2012
"Maumee",2011-12-17,2011,37.7274084244917,9.06850627859974,130.569837061408,2012
"Maumee",2011-12-18,2011,26.6633992865367,7.25570878788657,89.5343820353632,2012
"Maumee",2011-12-19,2011,18.6952868447938,6.01449006258818,64.8134316174615,2012
"Maumee",2011-12-20,2011,12.2028093177367,4.46350796080479,41.1772976899138,2012
"Maumee",2011-12-21,2011,11.5069053693642,3.16919609957745,37.9344107348836,2012
"Maumee",2011-12-22,2011,33.8511960304108,6.78058137023122,117.784321952672,2012
"Maumee",2011-12-23,2011,34.8955755201364,5.87673807303268,115.319583029577,2012
"Maumee",2011-12-24,2011,23.5551400440895,4.74208973195296,81.7906939684768,2012
"Maumee",2011-12-25,2011,16.2458610380424,4.04756565218853,52.177272606097,2012
"Maumee",2011-12-26,2011,9.66886411216493,2.75051851950049,30.2260218599784,2012
"Maumee",2011-12-27,2011,5.95251536811126,1.82868408436512,20.3775619766906,2012
"Maumee",2012-01-02,2012,6.40281420315071,1.73948585447009,28.9468910000155,2012
"Maumee",2012-01-03,2012,5.70680554134483,1.69630037087318,26.621578258122,2012
"Maumee",2012-01-04,2012,4.45853896587038,1.46178362723079,19.6974849255267,2012
"Maumee",2012-01-05,2012,3.34144578296515,1.22842362450667,15.9361260418338,2012
"Maumee",2012-01-06,2012,2.38343383522753,0.904787675359384,11.0284941580107,2012
"Maumee",2012-01-07,2012,1.60955018446972,0.68042789009721,8.53817628757946,2012
"Maumee",2012-01-08,2012,1.62529976989108,0.70436665318695,8.05290830360005,2012
"Maumee",2012-01-09,2012,1.3012955023874,0.627039778709897,6.85052235934424,2012
"Maumee",2012-01-10,2012,0.925862477114696,0.47209121740247,4.75825670316251,2012
"Maumee",2012-01-11,2012,0.933569190085352,0.478388702858492,4.9485904943578,2012
"Maumee",2012-01-12,2012,0.90158266139381,0.453932733698277,5.12834039974005,2012
"Maumee",2012-01-13,2012,1.13031790236288,0.563691005853696,6.98448386940595,2012
"Maumee",2012-01-14,2012,1.69556493026398,0.703072414722989,9.17680149857851,2012
"Maumee",2012-01-15,2012,1.29288501836878,0.641766614000416,7.23711677099559,2012
"Maumee",2012-01-16,2012,1.24237106238067,0.6156638820242,7.06874624187314,2012
"Maumee",2012-01-17,2012,8.39755764545644,1.26454168532314,33.9501534055022,2012
"Maumee",2012-01-18,2012,42.6043691673736,6.04850262767373,141.421700099806,2012
"Maumee",2012-01-19,2012,57.6979716853962,7.47406918933095,124.542768882095,2012
"Maumee",2012-01-20,2012,33.1915095553744,6.15991614410705,92.2728511702984,2012
"Maumee",2012-01-21,2012,23.1990715555286,5.31067755876245,62.7916366339986,2012
"Maumee",2012-01-22,2012,11.1637976147595,3.01882467335444,30.0774449969185,2012
"Maumee",2012-01-23,2012,11.5135857744754,2.55701427221922,39.3007827477977,2012
"Maumee",2012-01-24,2012,25.0330739242636,4.88701834311076,72.2561835524337,2012
"Maumee",2012-01-25,2012,24.1050078981069,4.06795174292758,73.9551773583257,2012
"Maumee",2012-01-26,2012,17.2581634757813,4.68971833581014,53.236720554612,2012
"Maumee",2012-01-27,2012,17.3625478447494,4.47387532468199,58.9133593301566,2012
"Maumee",2012-01-28,2012,24.0012877743996,4.6118634087777,83.5382633085517,2012
"Maumee",2012-01-29,2012,21.4072962651965,5.71605188430673,77.2472955297851,2012
"Maumee",2012-01-30,2012,18.1165249335753,5.31947014351305,61.0072875159745,2012
"Maumee",2012-01-31,2012,12.4765566556055,4.64886052418794,44.7126360528637,2012
"Maumee",2012-02-01,2012,8.73916785116928,3.45542097273206,31.8519670364986,2012
"Maumee",2012-02-02,2012,6.67660680266711,2.88030445907743,25.2637305425616,2012
"Maumee",2012-02-03,2012,5.55734252862214,2.3720088167417,22.2633530488258,2012
"Maumee",2012-02-04,2012,3.9189442825716,1.79633056934164,19.9635632276883,2012
"Maumee",2012-02-05,2012,3.45238232590363,1.64862003868273,18.8638020752677,2012
"Maumee",2012-02-06,2012,4.87844309582119,2.20893422659916,22.7095219827907,2012
"Maumee",2012-02-07,2012,5.08655288941027,1.82789775498456,18.9575352775953,2012
"Maumee",2012-02-08,2012,5.0308345779202,1.52085007735589,17.4876277962632,2012
"Maumee",2012-02-09,2012,3.71903655194877,1.14046140457759,14.2064284468091,2012
"Maumee",2012-02-10,2012,2.5744125437368,0.843934491112866,12.1037249653744,2012
"Maumee",2012-02-11,2012,1.87592354364214,0.774072037074874,9.067853532244,2012
"Maumee",2012-02-12,2012,1.34384376179119,0.570851643162431,6.00348536578119,2012
"Maumee",2012-02-13,2012,1.13720256595,0.497604107198661,5.84647393352569,2012
"Maumee",2012-02-14,2012,0.802946521671598,0.397082147045407,4.46199891300787,2012
"Maumee",2012-02-15,2012,0.706970788198368,0.346283654321272,3.88413832022057,2012
"Maumee",2012-02-16,2012,0.817968495525512,0.437499085754183,6.11276655570509,2012
"Maumee",2012-02-17,2012,0.841404242682945,0.405213585530891,5.83038720999406,2012
"Maumee",2012-02-18,2012,0.89691386127892,0.349293186900702,7.51769714970747,2012
"Maumee",2012-02-19,2012,1.12407424156888,0.431302399210666,7.42622091332133,2012
"Maumee",2012-02-20,2012,1.03302835782132,0.436727435826899,7.89048896075715,2012
"Maumee",2012-02-27,2012,4.89697264348323,1.19680473456721,21.5250085175578,2012
"Maumee",2012-02-28,2012,3.7226310607413,1.05212228968562,15.8143389363477,2012
"Maumee",2012-02-29,2012,7.55294569757482,1.33619723457898,30.2299486137301,2012
"Maumee",2012-03-01,2012,16.7224017608383,2.84105513495601,58.2317614604489,2012
"Maumee",2012-03-02,2012,18.6532987152692,2.73889239250476,57.8014408991892,2012
"Maumee",2012-03-03,2012,44.3567816396631,5.38743003166959,129.207775717521,2012
"Maumee",2012-03-04,2012,60.7643947578445,5.86466585376235,182.273814734934,2012
"Maumee",2012-03-05,2012,38.1873407730733,3.89491768741975,111.657981490015,2012
"Maumee",2012-03-06,2012,23.3698646837569,2.37983568375585,68.0462582538455,2012
"Maumee",2012-03-07,2012,17.8611269123033,1.773767271024,55.936105645196,2012
"Maumee",2012-03-08,2012,9.12369123662073,0.93420774630292,30.9562475934013,2012
"Maumee",2012-03-09,2012,6.63484865124389,1.33562473590116,25.2726165049456,2012
"Maumee",2012-03-10,2012,4.44982671035022,0.937165656138325,18.5688771794707,2012
"Maumee",2012-03-11,2012,3.60418157361542,0.828249984601031,14.7887917172317,2012
"Maumee",2012-03-12,2012,2.4799609045001,0.575067857383461,11.6865849968639,2012
"Maumee",2012-03-13,2012,6.86316460353268,1.06303294284702,24.4546256096617,2012
"Maumee",2012-03-14,2012,4.01771755285318,0.845313748077059,15.8223830320862,2012
"Maumee",2012-03-15,2012,2.41285341685596,0.625369664689516,13.0978121588565,2012
"Maumee",2012-03-19,2012,3.52150175494823,0.951533171033619,17.415912550564,2012
"Maumee",2012-03-20,2012,2.55138928921647,0.840344875471423,14.595799966363,2012
"Maumee",2012-03-21,2012,1.39195224470224,0.487081385774283,8.45157534228431,2012
"Maumee",2012-03-22,2012,1.17803591181675,0.45164029241145,7.56205674490901,2012
"Maumee",2012-03-23,2012,1.18683379748102,0.416162500415424,7.01927417367349,2012
"Maumee",2012-03-24,2012,8.0897641292725,1.89117781984417,42.4848406316952,2012
"Maumee",2012-03-25,2012,26.2362981468541,3.87160195838495,114.055215621985,2012
"Maumee",2012-03-26,2012,17.416877724617,3.32225386575022,88.4713033687376,2012
"Maumee",2012-03-27,2012,9.56292983758829,3.12715169881531,43.1147163992257,2012
"Maumee",2012-03-28,2012,7.29828042567892,2.74913742760464,32.5067208074711,2012
"Maumee",2012-03-29,2012,4.29534161200377,1.73724381263951,19.8161443288345,2012
"Maumee",2012-03-30,2012,3.36248339677215,1.43781134605607,13.4206568854721,2012
"Maumee",2012-03-31,2012,2.71275856183493,1.37577744445094,12.2099004722999,2012
"Maumee",2012-04-01,2012,2.07995375406039,1.00698113592583,9.55491485609881,2012
"Maumee",2012-04-02,2012,1.24349681334202,0.615888205817617,6.88800446758027,2012
"Maumee",2012-04-03,2012,1.00839281001601,0.477432091819912,4.89435480764875,2012
"Maumee",2012-04-04,2012,1.51886688321811,0.715808308386496,7.69404900631355,2012
"Maumee",2012-04-05,2012,0.971374898713625,0.336899813813668,5.82766245880821,2012
"Maumee",2012-04-06,2012,0.718588596837243,0.149705957674426,5.52518229306682,2012
"Maumee",2012-04-07,2012,0.600497288371331,0.0143075737944115,5.42762020000941,2012
"Maumee",2012-04-08,2012,0.653646695537848,0.0203672521073388,7.71208369329511,2012
"Maumee",2012-04-09,2012,0.461146461696366,0.0261335860122718,5.16800452715325,2012
"Maumee",2012-04-10,2012,0.438351961989602,0.0400029781263518,4.73715939291217,2012
"Maumee",2012-04-11,2012,0.434403189057971,0.0277001283345293,4.54575400162764,2012
"Maumee",2012-04-12,2012,0.389420206407248,0.0180887563011254,5.10375965522698,2012
"Maumee",2012-04-13,2012,0.34404968619,0.0183493165968,4.220342817264,2012
"Maumee",2012-04-16,2012,0.397118356363492,0.0400455485408563,3.36640476805767,2012
"Maumee",2012-04-17,2012,0.199706622112932,0.0448616325036298,2.16845006143121,2012
"Maumee",2012-04-18,2012,0.23831622653419,0.0428143870180471,2.86727434023873,2012
"Maumee",2012-04-19,2012,0.317118761207209,0.0238335603412516,4.3118882917381,2012
"Maumee",2012-04-20,2012,0.332151989308635,0.0213145661588429,3.94793130964345,2012
"Maumee",2012-04-21,2012,0.275477066779985,0.0146672203997088,3.1681196063371,2012
"Maumee",2012-04-22,2012,0.265182635319827,0.00839351565799649,3.44134141977856,2012
"Maumee",2012-04-23,2012,0.269284482328134,0.0195989702990566,3.64003889472069,2012
"Maumee",2012-04-24,2012,0.264780638491824,0.0157437136400544,3.98230080291703,2012
"Maumee",2012-04-25,2012,0.262648814889608,0.011015094753059,3.94854429914656,2012
"Maumee",2012-04-26,2012,0.28294401534711,0.00960036244344576,4.17775772330615,2012
"Maumee",2012-04-27,2012,0.273145480284419,0.0082938911017536,4.63573219980681,2012
"Maumee",2012-04-28,2012,0.251598538380194,0.00802471886015628,3.37817061898285,2012
"Maumee",2012-04-29,2012,0.296554315110843,0.00651767725518336,4.31090036453253,2012
"Maumee",2012-04-30,2012,0.268626176809073,0.0278139348736885,3.772375769883,2012
"Maumee",2012-05-01,2012,0.418518552666453,0.10252864141628,5.41452074521973,2012
"Maumee",2012-05-02,2012,0.396232940673308,0.0585908358389102,5.30627739264254,2012
"Maumee",2012-05-03,2012,0.79768149109609,0.0746083212825888,10.4172740183353,2012
"Maumee",2012-05-04,2012,1.60878685289929,0.125182952344244,19.2075268562252,2012
"Maumee",2012-05-05,2012,1.23405270552346,0.017615343932928,16.6699871418609,2012
"Maumee",2012-05-06,2012,1.08779911060233,0.00875140072890048,13.499035624329,2012
"Maumee",2012-05-07,2012,0.969083952556299,0.0901408139004845,11.0890049847858,2012
"Maumee",2012-05-08,2012,1.73682593753621,0.471682639286248,18.8957357579275,2012
"Maumee",2012-05-09,2012,1.90054294404885,0.340026048046654,18.7768688850134,2012
"Maumee",2012-05-10,2012,1.46876688781243,0.192548920694853,14.8634744144109,2012
"Maumee",2012-05-11,2012,1.6781898400497,0.399900602074676,14.1457377151788,2012
"Maumee",2012-05-12,2012,1.32380557409483,0.0726530181060338,13.9916196031643,2012
"Maumee",2012-05-13,2012,0.864307125686407,0.0302675647127535,9.53316186360208,2012
"Maumee",2012-05-14,2012,0.68052118617804,0.0582741674107085,7.3849263064116,2012
"Maumee",2012-05-15,2012,0.643204711106496,0.139867788087885,6.58922295319717,2012
"Maumee",2012-05-16,2012,0.42386921338608,0.072663293723328,4.9910141143296,2012
"Maumee",2012-05-17,2012,0.356006100884475,0.0369261647194003,4.24745576746743,2012
"Maumee",2012-05-18,2012,0.407754109578106,0.030832723663935,4.87884547594603,2012
"Maumee",2012-05-19,2012,0.301068246993656,0.015097817695847,4.37215038333265,2012
"Maumee",2012-05-20,2012,0.233444654238027,0.010754191936808,3.45183331435106,2012
"Maumee",2012-05-21,2012,0.207975460281093,0.0333559504220387,2.65434967781939,2012
"Maumee",2012-05-22,2012,0.167042587721126,0.0653995087895633,1.508537930577,2012
"Maumee",2012-05-23,2012,0.173244705662355,0.069374117558963,1.47934588047437,2012
"Maumee",2012-05-24,2012,0.15719565939413,0.0676886227336473,1.47231344372426,2012
"Maumee",2012-05-25,2012,0.222106587047109,0.0527958280685751,1.53401989565828,2012
"Maumee",2012-05-26,2012,0.184604400581102,0.016657509606575,1.35004216093759,2012
"Maumee",2012-05-27,2012,0.179719518913968,0.0124433321596876,1.87689551917515,2012
"Maumee",2012-05-28,2012,0.200765989324454,0.00857818318022669,2.45737570933132,2012
"Maumee",2012-05-29,2012,0.204309805071672,0.0128419160148033,2.16622082742362,2012
"Maumee",2012-05-30,2012,0.145418187235107,0.00646835429217116,1.73124304786574,2012
"Maumee",2012-05-31,2012,0.233150820514924,0.00625687230195418,2.40494412743007,2012
"Maumee",2012-06-01,2012,0.705545413285128,0.0235478003174508,6.04156582484331,2012
"Maumee",2012-06-02,2012,0.275896556623144,0.0165901553817871,2.70669521365868,2012
"Maumee",2012-06-03,2012,0.28668849922063,0.00984807821750256,2.4946276355847,2012
"Maumee",2012-06-04,2012,0.254003002924448,0.0546234662147101,2.14111555478315,2012
"Maumee",2012-06-05,2012,0.333766729169153,0.129098451848446,2.78377482090053,2012
"Maumee",2012-06-06,2012,0.273816184504665,0.0742837585706246,2.22538755044748,2012
"Maumee",2012-06-07,2012,0.19241435903981,0.0170080549508403,1.74255253905428,2012
"Maumee",2012-06-08,2012,0.14281566696355,0.0125732453211929,1.56700903100867,2012
"Maumee",2012-06-09,2012,0.150009626631225,0.00369481838993165,1.64049936512965,2012
"Maumee",2012-06-10,2012,0.0956408951439721,0.00199449731680577,1.13733835089282,2012
"Maumee",2012-06-11,2012,0.142844552865499,0.0167661212503245,1.39886855066642,2012
"Maumee",2012-06-12,2012,0.161833045479006,0.0504958513290659,1.29121586666811,2012
"Maumee",2012-06-13,2012,0.110045622453325,0.0263803231561101,0.850156377384509,2012
"Maumee",2012-06-14,2012,0.121338012078795,0.0273099484664149,1.06971377950697,2012
"Maumee",2012-06-15,2012,0.137968217902274,0.0259653105462014,1.19055349754426,2012
"Maumee",2012-06-16,2012,0.141585088395302,0.011978433874391,1.37141089427903,2012
"Maumee",2012-06-17,2012,0.149610639091144,0.0069474916471468,1.32960616005741,2012
"Maumee",2012-06-18,2012,0.158892848850557,0.0247250924703014,1.24205667742298,2012
"Maumee",2012-06-19,2012,0.166143666933926,0.0544369909449929,1.41560808579581,2012
"Maumee",2012-06-20,2012,0.108617091457631,0.0351382073102081,1.05850513616245,2012
"Maumee",2012-06-21,2012,0.0979307430607199,0.0162660085876657,0.951126403383301,2012
"Maumee",2012-06-22,2012,0.0864791547644562,0.0170110642387622,0.877830865607314,2012
"Maumee",2012-06-23,2012,0.078920263888304,0.00495343471393935,0.895969238460517,2012
"Maumee",2012-06-24,2012,0.0947211295331186,0.00345170217790178,1.02627935684824,2012
"Maumee",2012-06-25,2012,0.183337294639949,0.0377306313800113,1.5774921179092,2012
"Maumee",2012-06-26,2012,0.174055598661401,0.070634446485853,1.21365822303029,2012
"Maumee",2012-06-27,2012,0.107488828678727,0.0399765551104523,1.11212785783414,2012
"Maumee",2012-06-28,2012,0.0828460145440453,0.0330355713542586,0.871779163130667,2012
"Maumee",2012-06-29,2012,0.101180578290301,0.0362081926596007,0.925440932148078,2012
"Maumee",2012-06-30,2012,0.0808054971412147,0.0250407007157664,0.681838585557172,2012
"Maumee",2012-07-01,2012,0.0720192327107803,0.0131630657538804,0.690629376152367,2012
"Maumee",2012-07-02,2012,0.0786648930512048,0.0225314085646072,0.653392273428378,2012
"Maumee",2012-07-03,2012,0.0278739330613342,0.0101241253363848,0.197072834605894,2012
"Maumee",2012-07-04,2012,0.0758854337177261,0.0221977799310355,0.543897231054396,2012
"Maumee",2012-07-05,2012,0.0787925037132794,0.0212536464277415,0.677652494797555,2012
"Maumee",2012-07-06,2012,0.086638035380429,0.0304647097702696,0.781927550770252,2012
"Maumee",2012-07-07,2012,0.0933222754988004,0.0264798743150866,0.678578915093894,2012
"Maumee",2012-07-08,2012,0.0855322810965504,0.00996000904874304,0.702827757168365,2012
"Maumee",2012-07-09,2012,0.061042059878688,0.017370686378304,0.450496110580992,2012
"Maumee",2012-07-10,2012,0.0499184595001532,0.025242053883222,0.417660538622387,2012
"Maumee",2012-07-11,2012,0.0417413189834662,0.0192500478499037,0.333254122660705,2012
"Maumee",2012-07-12,2012,0.0405011987705881,0.0184890649920012,0.330463852181729,2012
"Maumee",2012-07-13,2012,0.0369217608834171,0.0159242709153669,0.33624168499173,2012
"Maumee",2012-07-14,2012,0.0391639005770133,0.0150916523254705,0.32120243831446,2012
"Maumee",2012-07-15,2012,0.0414351055880988,0.0122200576753377,0.352025620333764,2012
"Maumee",2012-07-16,2012,0.0817177979782349,0.0259563452060331,0.606389838390277,2012
"Maumee",2012-07-17,2012,0.0364402748159171,0.0176232708376978,0.300757923351371,2012
"Maumee",2012-07-18,2012,0.0779160424895944,0.0340661668373567,0.540343629004993,2012
"Maumee",2012-07-19,2012,0.0570421535181402,0.0220008305995632,0.396254959853224,2012
"Maumee",2012-07-20,2012,0.310184676794055,0.115782230465371,2.2194100281414,2012
"Maumee",2012-07-21,2012,0.176845428756779,0.0597229152756663,1.33344733259651,2012
"Maumee",2012-07-22,2012,0.20735520444861,0.048644576544737,1.58064086063721,2012
"Maumee",2012-07-23,2012,0.211027421917329,0.0455562751063873,1.5871785563172,2012
"Maumee",2012-07-24,2012,0.22546588206663,0.0508870587589096,1.94781176223242,2012
"Maumee",2012-07-25,2012,0.248149307243594,0.0836517452686885,1.97765352493711,2012
"Maumee",2012-07-26,2012,0.243765043864732,0.0934724952373395,2.01097392661646,2012
"Maumee",2012-07-27,2012,0.169015701967658,0.0603713067269308,1.41213756945196,2012
"Maumee",2012-07-28,2012,0.204778373220288,0.024955070571648,1.52269968846885,2012
"Maumee",2012-07-29,2012,0.200960247422826,0.00924277096160732,1.53710081931215,2012
"Maumee",2012-07-30,2012,0.170056328410495,0.034123857088737,1.37833533918453,2012
"Maumee",2012-07-31,2012,0.19119532830814,0.0989459740493877,1.35080387776816,2012
"Maumee",2012-08-01,2012,0.180799779880655,0.0871977140023869,1.1945347854649,2012
"Maumee",2012-08-02,2012,0.138943227188961,0.0607509173886854,0.915967057660373,2012
"Maumee",2012-08-03,2012,0.142705424269436,0.0600918099365284,0.98510170440487,2012
"Maumee",2012-08-04,2012,0.144877469573633,0.056370128147099,0.957564151015389,2012
"Maumee",2012-08-05,2012,0.307037646668927,0.103108235163184,1.9323741151932,2012
"Maumee",2012-08-06,2012,0.233923563245952,0.0922946648378687,1.65924628287372,2012
"Maumee",2012-08-07,2012,0.418288574565107,0.21812933597612,2.90728529420136,2012
"Maumee",2012-08-08,2012,0.608822984955185,0.24911472595414,4.26250563228257,2012
"Maumee",2012-08-09,2012,0.413118348792015,0.146624226650626,3.12868296151819,2012
"Maumee",2012-08-10,2012,0.356959971758443,0.104238797723101,2.81884873220538,2012
"Maumee",2012-08-11,2012,0.950778402477604,0.198407490497879,6.66758383205258,2012
"Maumee",2012-08-12,2012,1.36391448894233,0.0894370156683495,10.5810869306093,2012
"Maumee",2012-08-13,2012,0.660495822615159,0.0584877738440248,6.32328698056802,2012
"Maumee",2012-08-15,2012,0.630903329260001,0.127069262090395,4.76287583779381,2012
"Maumee",2012-08-16,2012,0.61427933773841,0.092667963334714,4.7394200287169,2012
"Maumee",2012-08-17,2012,0.503452401384393,0.0147660620517769,4.23821138176596,2012
"Maumee",2012-08-18,2012,0.464333126345343,0.00782414859687552,3.82330030474244,2012
"Maumee",2012-08-19,2012,0.316818199401353,0.00243238540807181,3.08608898649111,2012
"Maumee",2012-08-20,2012,0.222708167352922,0.029778412708542,2.21946527181723,2012
"Maumee",2012-08-21,2012,0.172198794616338,0.0466030071144215,1.6453184828461,2012
"Maumee",2012-08-22,2012,0.0924117090120008,0.0295375555012664,1.12347184573788,2012
"Maumee",2012-08-23,2012,0.0852490165798067,0.0225564723718698,0.904988147759643,2012
"Maumee",2012-08-24,2012,0.0897894204100298,0.0161419182759604,0.98124237827521,2012
"Maumee",2012-08-25,2012,0.0754519005309324,0.0117632575550992,0.878972878140788,2012
"Maumee",2012-08-26,2012,0.0755215056052229,0.0039674892345601,0.833033529109039,2012
"Maumee",2012-08-27,2012,0.10619456574901,0.0243997957856734,0.989454850061202,2012
"Maumee",2012-08-28,2012,0.0993608153990081,0.0455334621486273,0.747528405001052,2012
"Maumee",2012-08-29,2012,0.0711971099299773,0.0286438703857359,0.603053666228086,2012
"Maumee",2012-08-30,2012,0.083672883681408,0.0311263127294838,0.751918001914605,2012
"Maumee",2012-08-31,2012,0.175888768786688,0.0560329411053162,1.70886803800213,2012
"Maumee",2012-09-01,2012,0.119954767196461,0.0272581299963456,1.1671608345822,2012
"Maumee",2012-09-02,2012,0.103551065337053,0.00794694222354131,0.937979998808891,2012
"Maumee",2012-09-03,2012,0.110024214917295,0.0163159268840608,0.973844251878201,2012
"Maumee",2012-09-04,2012,0.15296548134317,0.042490411484214,1.28444203295324,2012
"Maumee",2012-09-05,2012,0.105355977514781,0.0173686557206006,1.23057445800088,2012
"Maumee",2012-09-06,2012,0.130332993869079,0.0150578895829324,1.58955637765376,2012
"Maumee",2012-09-07,2012,0.0983952009624181,0.00332416219467629,1.15481394643054,2012
"Maumee",2012-09-08,2012,0.118249601903754,0.00631377964915972,1.32418151489326,2012
"Maumee",2012-09-10,2012,0.495855417326986,0.087239256855162,4.46621962281147,2012
"Maumee",2012-09-11,2012,0.435836637670513,0.103071781187545,4.4071718889893,2012
"Maumee",2012-09-12,2012,0.373501562615637,0.062204183263152,4.02309011042395,2012
"Maumee",2012-09-13,2012,0.209161657968932,0.023179346040187,2.67493303594473,2012
"Maumee",2012-09-14,2012,0.182398078753503,0.0129913161505344,1.87646570478319,2012
"Maumee",2012-09-15,2012,0.132472377389733,0.00512195483756437,1.68279498026887,2012
"Maumee",2012-09-16,2012,0.147214952316266,0.0022759024361343,1.6877613329017,2012
"Maumee",2012-09-17,2012,0.134024484916268,0.0137361516098317,1.51124829589863,2012
"Maumee",2012-09-18,2012,0.147234916372723,0.0283313448254592,1.71925756785377,2012
"Maumee",2012-09-19,2012,0.119854800119642,0.0190483521618717,1.45826907252711,2012
"Maumee",2012-09-20,2012,0.107660284693007,0.00636266222857359,1.25920115342628,2012
"Maumee",2012-09-21,2012,0.0973194906262473,0.00498161926423204,1.30642965204485,2012
"Maumee",2012-09-22,2012,0.108060079603018,0.00509619239706246,1.45751102555986,2012
"Maumee",2012-09-23,2012,0.112332974863015,0.00539110261340623,1.57970308823034,2012
"Maumee",2012-09-24,2012,0.0950077213926052,0.00383070119576982,1.25127796745129,2012
"Maumee",2012-09-25,2012,0.0701619148848522,0.00605564146327594,0.930967868635812,2012
"Maumee",2012-09-26,2012,0.0816629729386609,0.017079837477367,1.03768908423691,2012
"Maumee",2012-09-27,2012,0.0751220042842773,0.00861419677226734,0.854202377228348,2012
"Maumee",2012-09-28,2012,0.101841643002895,0.0118683379748102,1.26019142934438,2012
"Maumee",2012-10-01,2012,0.235210751494714,0.0157253276248244,2.51962128865272,2013
"Maumee",2012-10-02,2012,0.214952212971772,0.0131116876674094,1.96873976945496,2013
"Maumee",2012-10-03,2012,0.129615951507987,0.00676649398823597,1.51764941829479,2013
"Maumee",2012-10-04,2012,0.195468419294181,0.00846955522597363,2.16307982810721,2013
"Maumee",2012-10-05,2012,0.174425545349748,0.003731027708016,1.96158781748941,2013
"Maumee",2012-10-06,2012,0.237819229177726,0.00862031321113294,2.59724966278958,2013
"Maumee",2012-10-07,2012,0.429591264273626,0.0109450003636593,4.84544286932832,2013
"Maumee",2012-10-08,2012,0.892227690477652,0.0544828995759095,10.5949580896947,2013
"Maumee",2012-10-09,2012,0.848354963809813,0.104400271709153,9.99940870133969,2013
"Maumee",2012-10-10,2012,0.702539061253909,0.0256401117245952,7.70485357324086,2013
"Maumee",2012-10-11,2012,0.341372153912195,0.0370979143227464,3.72834038943601,2013
"Maumee",2012-10-12,2012,0.270383296492714,0.0320746054112064,2.6168939028915,2013
"Maumee",2012-10-13,2012,0.196439954443593,0.0233957456472519,2.09592157402048,2013
"Maumee",2012-10-14,2012,0.252830584893769,0.0208365052971076,2.32595545728949,2013
"Maumee",2012-10-15,2012,0.195459856279769,0.0314610042642094,1.88384477235669,2013
"Maumee",2012-10-16,2012,0.0998437694118359,0.0294331111911975,0.672489388559303,2013
"Maumee",2012-10-17,2012,0.22487121741436,0.0467139348496881,1.28543862103624,2013
"Maumee",2012-10-18,2012,0.151425606694367,0.0259664849024636,0.961443269941219,2013
"Maumee",2012-10-19,2012,0.105726193326438,0.0176373631128442,0.772908445745082,2013
"Maumee",2012-10-20,2012,0.143418258520589,0.0147720806276206,1.15767218277819,2013
"Maumee",2012-10-21,2012,0.201557334184886,0.00853500112183555,1.72013099532378,2013
"Maumee",2012-10-22,2012,0.273558951551733,0.0147895491770208,2.49275465967528,2013
"Maumee",2012-10-23,2012,0.332676779763303,0.0165510835703136,4.12883330745043,2013
"Maumee",2012-10-24,2012,0.301831578564083,0.0126390092718758,3.55246439177367,2013
"Maumee",2012-10-25,2012,0.281918900193235,0.0101288227614336,3.50851166208547,2013
"Maumee",2012-10-26,2012,0.461968266422348,0.0116789730275313,6.06830787419393,2013
"Maumee",2012-10-27,2012,0.32325379404696,0.01253869967448,3.56924790002088,2013
"Maumee",2012-10-28,2012,0.355992889376525,0.00773166804122765,3.64127948793817,2013
"Maumee",2012-10-29,2012,0.38685094868945,0.0250080253401377,3.7972237239404,2013
"Maumee",2012-10-30,2012,0.230408698642698,0.0125338065233875,2.44942580675137,2013
"Maumee",2012-10-31,2012,0.262597803789469,0.0845301637528105,2.99215993579108,2013
"Maumee",2012-11-01,2012,0.571441757184184,0.148673502793912,6.04276758275162,2013
"Maumee",2012-11-02,2012,1.04040625103856,0.219090840165792,9.09061842838666,2013
"Maumee",2012-11-03,2012,1.13425786762254,0.39527168114119,8.55849118297011,2013
"Maumee",2012-11-04,2012,1.00603431118943,0.440581770942445,7.65245771134258,2013
"Maumee",2012-11-05,2012,0.927142036125379,0.553868005035542,6.34449640514276,2013
"Maumee",2012-11-06,2012,0.425184272207939,0.292837110554663,3.03409671169494,2013
"Maumee",2012-11-07,2012,0.36153389367365,0.241168493237507,2.61061611236862,2013
"Maumee",2012-11-08,2012,0.441447858685814,0.283044324944506,3.72571863908066,2013
"Maumee",2012-11-09,2012,0.42602953959341,0.278674741018921,3.44998223529277,2013
"Maumee",2012-11-10,2012,0.368665025281297,0.230120614372129,2.88913481079921,2013
"Maumee",2012-11-11,2012,0.305670842774264,0.162217745017897,1.94170256523044,2013
"Maumee",2012-11-12,2012,0.304600436070194,0.164169867646242,2.34805602661883,2013
"Maumee",2012-11-13,2012,0.357956364115405,0.207706043381941,3.30935346434699,2013
"Maumee",2012-11-14,2012,0.779859411529504,0.473765898363872,5.65228311598176,2013
"Maumee",2012-11-15,2012,1.17934727630953,0.697685055370168,9.34699507987715,2013
"Maumee",2012-11-16,2012,0.54743400066404,0.285450776651787,4.84114276814825,2013
"Maumee",2012-11-17,2012,0.380674922117213,0.153925077203916,3.2986309555635,2013
"Maumee",2012-11-18,2012,0.396925810868003,0.176489598809333,3.35681810643728,2013
"Maumee",2012-11-19,2012,0.364725696131274,0.159492259859386,4.10336470067163,2013
"Maumee",2012-11-20,2012,0.279028882829239,0.127587324462311,4.49641366792906,2013
"Maumee",2012-11-21,2012,0.204482043990127,0.0976813880810471,4.08876402712678,2013
"Maumee",2012-11-22,2012,0.252489532262623,0.112346259768232,4.38080920564288,2013
"Maumee",2012-11-23,2012,0.26749633734815,0.109714233795587,4.31714647190208,2013
"Maumee",2012-11-24,2012,0.114713321609219,0.0471584776264399,1.64158270878153,2013
"Maumee",2012-11-25,2012,0.102241658104706,0.0289706350156917,1.05554443723092,2013
"Maumee",2012-11-26,2012,0.0870251407186069,0.03730163251323,1.04286147115173,2013
"Maumee",2012-11-27,2012,0.121295148075225,0.0576675471592701,1.8414955282815,2013
"Maumee",2012-11-28,2012,0.136789017420497,0.0580476471361339,1.73511607481846,2013
"Maumee",2012-11-29,2012,0.106571950027018,0.0445333509968353,1.28334474382075,2013
"Maumee",2012-11-30,2012,0.126229597362925,0.0557257490797303,1.29292974176977,2013
"Maumee",2012-12-01,2012,0.131363785078221,0.0532385603794227,1.39869353896235,2013
"Maumee",2012-12-02,2012,0.14143046482078,0.0578286296932345,1.31556105488759,2013
"Maumee",2012-12-03,2012,0.115445646912223,0.0425696560661567,1.05531251817964,2013
"Maumee",2012-12-04,2012,0.121848269874719,0.0461169704164055,1.15202000608825,2013
"Maumee",2012-12-05,2012,0.130266642740265,0.0572117012034947,1.18098153984291,2013
"Maumee",2012-12-06,2012,0.126499087659343,0.048992675313456,1.03599911217834,2013
"Maumee",2012-12-07,2012,0.130984174416466,0.0463367218319688,1.23621665266259,2013
"Maumee",2012-12-08,2012,0.139540974526419,0.0311596350884236,1.21399416231854,2013
"Maumee",2012-12-09,2012,0.128236841338327,0.0275610405147255,1.12771457472139,2013
"Maumee",2012-12-10,2012,0.27102115679546,0.058116760176898,3.00914876065813,2013
"Maumee",2012-12-11,2012,1.60829509121449,0.449280814954656,17.2670802650172,2013
"Maumee",2012-12-12,2012,2.34081987167823,1.19222849656048,22.5401316937964,2013
"Maumee",2012-12-13,2012,1.3755636137482,0.456856880791143,17.4866339972763,2013
"Maumee",2012-12-14,2012,1.64850260305651,0.725164991905536,12.2553862262254,2013
"Maumee",2012-12-15,2012,1.51091453406261,0.63677543678105,8.68393754994817,2013
"Maumee",2012-12-16,2012,1.2394325620446,0.507637024198682,6.96271880713653,2013
"Maumee",2012-12-17,2012,1.21696168991426,0.511957785350033,5.90391757009097,2013
"Maumee",2012-12-18,2012,1.25359399372638,0.563647946124082,5.15432792519221,2013
"Maumee",2012-12-19,2012,1.07772435716047,0.524318754903165,4.70526974861226,2013
"Maumee",2012-12-20,2012,0.82184142461521,0.397093890608029,3.53593777395882,2013
"Maumee",2012-12-21,2012,1.85595263677329,0.92233940832811,8.93309321526645,2013
"Maumee",2012-12-22,2012,11.3874023868081,5.03678954279975,44.2273822590225,2013
"Maumee",2012-12-23,2012,6.03689090828955,2.5392058323113,27.0688511685258,2013
"Maumee",2012-12-24,2012,7.47661351916235,2.48713389701535,26.9173298517961,2013
"Maumee",2012-12-25,2012,5.5471129069482,1.99257430842643,19.8521916836177,2013
"Maumee",2012-12-26,2012,4.45526887299528,1.46473175076401,16.5664784022808,2013
"Maumee",2012-12-27,2012,2.65075695502701,0.948982616026664,11.2330185766893,2013
"Maumee",2012-12-28,2012,2.48215071194277,0.830250304767637,10.811777474755,2013
"Maumee",2012-12-29,2012,2.39316973795624,0.89468527561385,10.4738427594852,2013
"Maumee",2012-12-30,2012,1.80829334513254,0.732876598027285,8.30112195578051,2013
"Maumee",2012-12-31,2012,1.61943337104631,0.668330063336162,6.49004856685478,2013
"Maumee",2013-01-01,2013,1.11586744855657,0.497480799791131,5.11927143350525,2013
"Maumee",2013-01-02,2013,1.65932625327308,0.774067143923781,7.5835058727229,2013
"Maumee",2013-01-03,2013,1.32054012971326,0.643171437679067,6.23091511403879,2013
"Maumee",2013-01-04,2013,0.73754385679958,0.373715931564999,3.59467060904244,2013
"Maumee",2013-01-05,2013,0.914447000273495,0.455780142893243,4.28997847374886,2013
"Maumee",2013-01-06,2013,0.98630855119032,0.511852963179963,4.82350589435051,2013
"Maumee",2013-01-07,2013,1.13151280985966,0.614723635857607,5.52847880895782,2013
"Maumee",2013-01-08,2013,0.665170066360639,0.361890115073182,3.48813413436084,2013
"Maumee",2013-01-09,2013,0.59147921090789,0.327241712187331,3.27866322924286,2013
"Maumee",2013-01-10,2013,0.731704199025526,0.465767308930549,4.49221803552481,2013
"Maumee",2013-01-11,2013,2.67620231933812,0.955786542620757,14.3683853868738,2013
"Maumee",2013-01-12,2013,22.4094989672388,4.35706996350735,98.0213517142332,2013
"Maumee",2013-01-13,2013,91.2671765057143,8.92718174506328,313.022635108053,2013
"Maumee",2013-01-14,2013,151.04529386543,15.3011623757972,397.615483388459,2013
"Maumee",2013-01-15,2013,127.953306610906,17.3152980826709,294.949831295014,2013
"Maumee",2013-01-16,2013,77.8421795583282,13.4926863530239,191.229135089038,2013
"Maumee",2013-01-17,2013,51.309705228206,10.6532402492521,127.589163743438,2013
"Maumee",2013-01-18,2013,35.4713623954907,7.98196250591019,147.059702418404,2013
"Maumee",2013-01-19,2013,25.2468748603358,6.02939827067919,71.2288664805675,2013
"Maumee",2013-01-20,2013,14.5281629174418,3.59524080793924,100.751493956481,2013
"Maumee",2013-01-21,2013,8.78911294776069,2.61050522133199,26.3507286443301,2013
"Maumee",2013-01-22,2013,3.92627835490239,1.28364914131338,10.9504467670353,2013
"Maumee",2013-01-23,2013,1.87455835448734,0.711067334292992,5.73029462384917,2013
"Maumee",2013-01-24,2013,2.16563772284081,0.85350989848574,6.57892115754461,2013
"Maumee",2013-01-25,2013,2.0669147296867,0.873881309771508,6.45251393879703,2013
"Maumee",2013-01-26,2013,1.8770005261976,0.8095498290709,5.67282334098022,2013
"Maumee",2013-01-27,2013,1.96414607920934,0.93332942568182,5.85532662248221,2013
"Maumee",2013-01-28,2013,1.05464064503997,0.55154033306085,3.57183197311282,2013
"Maumee",2013-01-29,2013,1.23616654679541,0.656797884841406,5.31065431629476,2013
"Maumee",2013-01-30,2013,1.63963755889349,0.696047195370738,7.47138433091859,2013
"Maumee",2013-01-31,2013,6.30179974734,2.16029146595716,33.21997562496,2013
"Maumee",2013-02-01,2013,10.5417786168331,3.11267041815712,55.2624916311002,2013
"Maumee",2013-02-02,2013,11.6113863780664,3.23688061206418,47.0943773471284,2013
"Maumee",2013-02-03,2013,7.82341957173109,2.61163941977501,34.8999541835757,2013
"Maumee",2013-02-04,2013,5.52095651341501,2.03377464062511,26.3519654426371,2013
"Maumee",2013-02-05,2013,3.16898080092938,1.27818501385675,12.4234640089917,2013
"Maumee",2013-02-06,2013,3.1296750968337,1.32170274241283,14.6420167570617,2013
"Maumee",2013-02-07,2013,3.21158669077937,1.36671386068234,12.2651116086793,2013
"Maumee",2013-02-08,2013,2.22274813581669,1.01741822720609,10.4886161612637,2013
"Maumee",2013-02-09,2013,1.68556235080074,0.829588750739933,8.67693381968447,2013
"Maumee",2013-02-10,2013,1.34725820262353,0.699020885618415,6.14232241159145,2013
"Maumee",2013-02-11,2013,1.63146318300717,0.762077646091086,7.8848305208338,2013
"Maumee",2013-02-12,2013,1.96998262983245,0.880033223982528,10.883346659894,2013
"Maumee",2013-02-13,2013,2.33825096735468,1.19097829645635,11.3416098323091,2013
"Maumee",2013-02-14,2013,2.05216310243065,1.06490625855861,11.9801954087843,2013
"Maumee",2013-02-15,2013,1.52934825751576,0.711021583330277,8.19229240370245,2013
"Maumee",2013-02-16,2013,1.03014531319763,0.511329396013068,6.26022900360362,2013
"Maumee",2013-02-17,2013,0.982459109225866,0.53620372959169,6.02723672118409,2013
"Maumee",2013-02-18,2013,0.838458565725272,0.551115335704295,5.27072788879884,2013
"Maumee",2013-02-19,2013,0.93031720186929,0.50014267398544,5.52618783561632,2013
"Maumee",2013-02-20,2013,0.6645119375387,0.419037226682256,4.19091296001828,2013
"Maumee",2013-02-21,2013,0.419303903416796,0.28482445331195,2.98045747563831,2013
"Maumee",2013-02-22,2013,0.498404626717391,0.322415597264818,3.82371964779107,2013
"Maumee",2013-02-23,2013,0.377399936091016,0.247913946676045,2.40351679525639,2013
"Maumee",2013-02-24,2013,0.407666032858442,0.247155018941602,3.00219481005154,2013
"Maumee",2013-02-25,2013,0.41439281077031,0.245358906280589,3.01224012303433,2013
"Maumee",2013-02-26,2013,0.345917646619554,0.167165944060167,2.48001436217579,2013
"Maumee",2013-02-27,2013,16.4319179433412,3.69084841334528,53.8908761378634,2013
"Maumee",2013-02-28,2013,34.6069720318674,6.72953982381865,129.775622639703,2013
"Maumee",2013-03-01,2013,36.5596611783721,8.03152360227555,134.056694898859,2013
"Maumee",2013-03-02,2013,25.5256685321105,6.29227044432409,107.705914957995,2013
"Maumee",2013-03-03,2013,16.454782007346,4.94392134084866,72.4983684347056,2013
"Maumee",2013-03-04,2013,10.0196122163786,3.24125386585308,46.0809751736815,2013
"Maumee",2013-03-05,2013,5.83902362167228,2.07967761723374,28.1450938795355,2013
"Maumee",2013-03-06,2013,4.4271322755833,1.59996499079466,21.8188897857793,2013
"Maumee",2013-03-07,2013,2.65689296649698,1.15259152613585,14.496380922466,2013
"Maumee",2013-03-08,2013,2.19048269751287,0.97387676686721,12.6830921593831,2013
"Maumee",2013-03-09,2013,2.81262875426266,1.19526273955293,16.0705722185112,2013
"Maumee",2013-03-10,2013,3.41125245508068,1.54780351083371,21.0664804625635,2013
"Maumee",2013-03-11,2013,4.15447828514195,1.50563074640792,30.4503619638995,2013
"Maumee",2013-03-12,2013,13.7006860507134,3.02774488779603,71.3514203428297,2013
"Maumee",2013-03-13,2013,30.5670502972105,4.06581275629584,102.921841174143,2013
"Maumee",2013-03-14,2013,24.8067738414882,3.67454062812096,63.3177638703613,2013
"Maumee",2013-03-15,2013,16.2564963019419,3.22823196750822,45.6946425456135,2013
"Maumee",2013-03-16,2013,12.6302138327871,2.61672264260326,48.1460378456797,2013
"Maumee",2013-03-17,2013,8.95542433356476,1.86681176233528,40.0417942706806,2013
"Maumee",2013-03-18,2013,6.51440080121184,1.82111731551571,29.8084462175275,2013
"Maumee",2013-03-19,2013,5.19985576021708,1.72832946997923,22.7674885341027,2013
"Maumee",2013-03-20,2013,3.43499206692096,1.11780366844386,14.299585725253,2013
"Maumee",2013-03-21,2013,3.00772211352561,1.15897953488708,19.2349157801502,2013
"Maumee",2013-03-22,2013,2.10867997617901,0.891766021672077,11.9420141508097,2013
"Maumee",2013-03-23,2013,1.19844524502348,0.420948002183869,6.90558914776635,2013
"Maumee",2013-03-24,2013,1.09949105048026,0.3853356485328,6.06334817624659,2013
"Maumee",2013-03-25,2013,1.17978219588913,0.438173769737318,6.86789165932974,2013
"Maumee",2013-03-26,2013,0.740999228840801,0.29678429321219,5.76582012406835,2013
"Maumee",2013-03-27,2013,0.632334575954552,0.246128435842399,5.698383694342,2013
"Maumee",2013-03-28,2013,0.756424887659845,0.244875299847615,6.89574657434383,2013
"Maumee",2013-03-29,2013,1.24371765756132,0.181081821109626,9.91070565833521,2013
"Maumee",2013-03-30,2013,1.94985220623799,0.233410646837935,17.7900196406274,2013
"Maumee",2013-03-31,2013,1.99082280499288,0.149698862605341,17.2773135565544,2013
"Maumee",2013-04-01,2013,1.46877961000527,0.19020167611579,14.2922973767008,2013
"Maumee",2013-04-02,2013,1.25657269945393,0.0752138487302832,8.62251561843967,2013
"Maumee",2013-04-03,2013,1.02361295648917,0.0453595106272896,8.17680778241274,2013
"Maumee",2013-04-04,2013,0.820587309990207,0.0470828784420611,5.88984388891878,2013
"Maumee",2013-04-05,2013,0.663198126470369,0.0648048930688051,4.69877555848232,2013
"Maumee",2013-04-06,2013,0.692503208363232,0.11743562621952,5.61525786495274,2013
"Maumee",2013-04-07,2013,0.720428421648015,0.142234115956209,4.95462864280592,2013
"Maumee",2013-04-08,2013,0.513943915378471,0.107516610903263,3.55654995546251,2013
"Maumee",2013-04-09,2013,0.514676311360324,0.0576792417903811,4.85358874260953,2013
"Maumee",2013-04-10,2013,0.574559673060313,0.0457079029850742,5.4275301660293,2013
"Maumee",2013-04-11,2013,7.31890261095818,0.88529764291415,37.9086440128744,2013
"Maumee",2013-04-12,2013,50.5686981159552,6.37345951014261,246.36736759472,2013
"Maumee",2013-04-13,2013,85.1969616074346,13.3981898191259,371.930673544159,2013
"Maumee",2013-04-14,2013,81.456352565896,14.333359613302,286.721978160405,2013
"Maumee",2013-04-15,2013,56.5218935097395,12.9674449129297,201.130831997479,2013
"Maumee",2013-04-16,2013,30.7789990396734,8.71219245287989,116.003276934923,2013
"Maumee",2013-04-17,2013,24.5199128586916,7.2856980954072,88.9055003930295,2013
"Maumee",2013-04-18,2013,21.4826730830423,6.51775608928429,75.2033257370171,2013
"Maumee",2013-04-19,2013,22.4628604109526,5.85885360578967,102.092680954702,2013
"Maumee",2013-04-20,2013,48.0858656793285,7.59142815618335,162.793675153842,2013
"Maumee",2013-04-21,2013,42.0542849273412,7.9535822295738,137.459790144858,2013
"Maumee",2013-04-22,2013,33.9205497190639,7.74754937474218,112.150781440306,2013
"Maumee",2013-04-23,2013,25.9660873339374,7.34630181050052,90.9870374892309,2013
"Maumee",2013-04-24,2013,16.9738518247039,5.10580743895918,71.5177091895566,2013
"Maumee",2013-04-25,2013,21.854708875064,4.57644127637534,115.438529416196,2013
"Maumee",2013-04-26,2013,24.7800632170413,5.25876978868565,116.703629845006,2013
"Maumee",2013-04-27,2013,22.6203738669181,5.18118643153884,101.308164146818,2013
"Maumee",2013-04-28,2013,13.9776530820011,3.59311424447445,65.1227032322617,2013
"Maumee",2013-04-29,2013,12.2339379139367,2.91179895424245,59.1075710795135,2013
"Maumee",2013-04-30,2013,9.41075283861216,2.91925394177357,48.8975035247073,2013
"Maumee",2013-05-01,2013,7.98635655559123,3.00341614056422,41.9113070524189,2013
"Maumee",2013-05-02,2013,5.73966623147904,2.16644264619552,36.688846891415,2013
"Maumee",2013-05-03,2013,4.50948400846974,1.66258753847622,27.4440819707375,2013
"Maumee",2013-05-04,2013,2.24801147490716,0.979902437780045,15.5775666947092,2013
"Maumee",2013-05-05,2013,2.43091746274406,0.972366985097626,16.666977853939,2013
"Maumee",2013-05-06,2013,1.86935432519545,0.655971920936995,14.1241024845184,2013
"Maumee",2013-05-07,2013,1.57265876112307,0.403195650020352,11.4675889003361,2013
"Maumee",2013-05-08,2013,1.06535838571955,0.264604485052495,11.0179572464481,2013
"Maumee",2013-05-09,2013,0.8807671966464,0.155015026609766,7.5893947800627,2013
"Maumee",2013-05-10,2013,0.890125348110768,0.0670484028447072,12.6351559153905,2013
"Maumee",2013-05-11,2013,0.689339296866834,0.0205081748588022,9.61965711683363,2013
"Maumee",2013-05-12,2013,0.652296185836324,0.0283607037320141,9.57173750955475,2013
"Maumee",2013-05-13,2013,0.414342248209021,0.0406914444850637,7.51742142064341,2013
"Maumee",2013-05-14,2013,0.628681838664015,0.060929517403561,7.22236343113665,2013
"Maumee",2013-05-15,2013,0.500763614859075,0.0567116211618432,7.50521594455833,2013
"Maumee",2013-05-16,2013,0.312241757513334,0.0803748998450765,5.53029808253401,2013
"Maumee",2013-05-17,2013,0.322572178099778,0.0277343803921766,5.48287366214569,2013
"Maumee",2013-05-18,2013,0.305508781610081,0.0122035188246451,5.12631952833886,2013
"Maumee",2013-05-19,2013,0.274435804227506,0.0026065815869641,4.41108078273953,2013
"Maumee",2013-05-20,2013,0.375621357221418,0.0600193913003597,5.79737303802058,2013
"Maumee",2013-05-21,2013,0.23481253462593,0.102389186610144,3.9126321176623,2013
"Maumee",2013-05-22,2013,0.262116317721969,0.104095673053646,4.14778594957693,2013
"Maumee",2013-05-23,2013,0.300898699308301,0.0801072444803178,4.91633386372595,2013
"Maumee",2013-05-24,2013,0.230239884930008,0.0348000905697178,4.58273692689971,2013
"Maumee",2013-05-25,2013,0.286426226322073,0.00833939740691366,5.5248507820803,2013
"Maumee",2013-05-26,2013,0.322349784382624,0.00416969870345683,4.82241692357488,2013
"Maumee",2013-05-27,2013,0.285756761700104,0.0361465226453318,4.63159340950776,2013
"Maumee",2013-05-28,2013,0.730266101919446,0.202114052450433,8.75680032113103,2013
"Maumee",2013-05-29,2013,0.761065062840843,0.20162131213542,11.3727713757265,2013
"Maumee",2013-05-30,2013,1.18991648266929,0.256633541922845,17.0433957346057,2013
"Maumee",2013-05-31,2013,1.15289490150358,0.0824618287860192,15.9096355004493,2013
"Maumee",2013-06-01,2013,1.94694175996818,0.0666363995227204,25.6303873207716,2013
"Maumee",2013-06-02,2013,28.1155840464536,1.36956580661242,173.758867105484,2013
"Maumee",2013-06-03,2013,27.0097536468913,5.18638662786237,137.312905088789,2013
"Maumee",2013-06-04,2013,12.0066184246837,3.76480676105775,62.0469336975433,2013
"Maumee",2013-06-05,2013,6.38526785264819,2.56572671123254,37.5194350682656,2013
"Maumee",2013-06-06,2013,4.05298530633856,1.64977286508012,30.6450181065202,2013
"Maumee",2013-06-07,2013,2.63238708719562,1.25426826994693,19.1529241831842,2013
"Maumee",2013-06-08,2013,1.76165182891902,0.842600618125056,13.6682151000637,2013
"Maumee",2013-06-09,2013,1.75052724991027,0.776537206595265,13.8548839210907,2013
"Maumee",2013-06-10,2013,1.06290985291288,0.487240413184788,8.07064597631029,2013
"Maumee",2013-06-11,2013,1.07270594140002,0.475055488334295,7.49416451815841,2013
"Maumee",2013-06-12,2013,0.865371386049021,0.316876550228131,6.69703668710843,2013
"Maumee",2013-06-13,2013,3.6817383446413,0.951282723250202,27.900953530982,2013
"Maumee",2013-06-14,2013,7.22003853194758,0.856168238737594,55.8296959194383,2013
"Maumee",2013-06-15,2013,4.74463332781169,0.529890287026272,37.9004207054772,2013
"Maumee",2013-06-16,2013,3.22194970518893,0.497238208233635,27.1451667102246,2013
"Maumee",2013-06-17,2013,1.93078074209245,0.542922107594183,16.0643517186324,2013
"Maumee",2013-06-18,2013,1.51822147658901,0.378412818367159,12.653978399698,2013
"Maumee",2013-06-19,2013,0.996591018896057,0.0855557682217943,8.58699183082337,2013
"Maumee",2013-06-20,2013,0.742115845920105,0.0885606523076863,7.12352740619231,2013
"Maumee",2013-06-21,2013,0.76573900076438,0.110976666777446,8.300526214635,2013
"Maumee",2013-06-22,2013,0.691836761184436,0.0517343078705726,7.22745818005414,2013
"Maumee",2013-06-23,2013,0.605279364934011,0.0191097122765714,6.32199133532312,2013
"Maumee",2013-06-24,2013,0.572195628662499,0.0854988445640851,6.33079427724353,2013
"Maumee",2013-06-25,2013,0.594976835308795,0.157867733696682,5.73244394046654,2013
"Maumee",2013-06-26,2013,0.447117063541562,0.130648602114544,4.73170157218362,2013
"Maumee",2013-06-27,2013,0.675532537086738,0.203971003290029,6.57466533938193,2013
"Maumee",2013-06-28,2013,0.951111136751893,0.132819693254277,12.6178708591563,2013
"Maumee",2013-06-29,2013,1.1660653069841,0.0392097983342607,13.8453207465956,2013
"Maumee",2013-06-30,2013,3.50532132757318,0.259429977772197,34.352350118727,2013
"Maumee",2013-07-01,2013,3.47190586284177,0.463345090403081,27.5893996961439,2013
"Maumee",2013-07-02,2013,3.79967666058306,0.674401485211712,24.6999543958789,2013
"Maumee",2013-07-03,2013,5.58611915019702,1.66494359072724,31.6131812631855,2013
"Maumee",2013-07-04,2013,6.60917918061274,2.64303556260307,37.0979143227464,2013
"Maumee",2013-07-05,2013,5.74995408165098,1.81523672653277,31.2859884825091,2013
"Maumee",2013-07-06,2013,3.9836111887796,1.50583886843438,24.7908828440003,2013
"Maumee",2013-07-07,2013,4.29380418393051,1.49466731517514,23.3530553505456,2013
"Maumee",2013-07-08,2013,3.99820158670716,1.50640302157117,22.1708553127808,2013
"Maumee",2013-07-09,2013,8.15531706281457,2.7489478179998,47.9061755791263,2013
"Maumee",2013-07-10,2013,11.2711924949373,3.65219904391615,57.2925164869381,2013
"Maumee",2013-07-11,2013,23.0005992307787,5.6788541497017,104.742621025339,2013
"Maumee",2013-07-12,2013,14.4173076008115,4.67880660887391,70.356084906504,2013
"Maumee",2013-07-13,2013,9.74529594775465,3.5088835415685,44.4602832026216,2013
"Maumee",2013-07-14,2013,7.74826397868298,3.09176470195622,37.6478909134548,2013
"Maumee",2013-07-15,2013,5.62578088540302,2.72119400092412,25.5354172114004,2013
"Maumee",2013-07-16,2013,4.27301269562345,2.13153001315068,18.2830535447056,2013
"Maumee",2013-07-17,2013,2.18465935839771,1.26720380417501,10.2947637051178,2013
"Maumee",2013-07-18,2013,1.12502351288082,0.593619475195741,6.09991958751179,2013
"Maumee",2013-07-19,2013,1.10111557664296,0.53345133210217,6.61614702776843,2013
"Maumee",2013-07-20,2013,1.10979602668102,0.397651709832572,8.26651881454227,2013
"Maumee",2013-07-21,2013,2.72390149016028,0.921984410216351,15.1806783164471,2013
"Maumee",2013-07-22,2013,3.36264128244741,1.48429802122169,NA,2013
"Maumee",2013-07-23,2013,4.74974849204291,1.84986359955381,24.4828443032754,2013
"Maumee",2013-07-24,2013,3.28445427356081,1.18930239220718,21.8678665583517,2013
"Maumee",2013-07-25,2013,2.27252029009918,0.952263473834171,13.5823975482585,2013
"Maumee",2013-07-26,2013,0.672558969167838,0.182466338211243,4.11516086466782,2013
"Maumee",2013-07-27,2013,0.862338121686793,0.117352442650948,5.60985142231065,2013
"Maumee",2013-07-28,2013,0.628285493425524,0.106267008850934,4.39071989172861,2013
"Maumee",2013-07-29,2013,0.645384881759923,0.160817216438538,4.34925929826015,2013
"Maumee",2013-07-30,2013,0.595868367437845,0.231025235680351,3.7541600798057,2013
"Maumee",2013-07-31,2013,1.20997962543623,0.330463852181729,8.041860791721,2013
"Maumee",2013-08-01,2013,0.530752759274667,0.0043671373500384,5.19834915899571,2013
"Maumee",2013-08-02,2013,0.429349542609658,0.0053457675685344,4.74760431323418,2013
"Maumee",2013-08-03,2013,0.380573511560821,0.00919153966966906,3.71053702617235,2013
"Maumee",2013-08-04,2013,5.85814746292263,0.0307638525623083,54.459118385877,2013
"Maumee",2013-08-05,2013,6.70465271367884,0.116364569813722,50.7426530353144,2013
"Maumee",2013-08-06,2013,3.24784861023797,1.16886859324498,15.4922888574695,2013
"Maumee",2013-08-07,2013,2.14579012337949,0.860660260177181,8.83181428463919,2013
"Maumee",2013-08-08,2013,1.18643133580367,0.492444279371641,5.28139204947396,2013
"Maumee",2013-08-09,2013,0.901132491493302,0.38353986208186,4.801695651986,2013
"Maumee",2013-08-10,2013,0.535555778524023,0.141301481357982,3.03334901374225,2013
"Maumee",2013-08-11,2013,0.393945881852682,0.0447882352372426,2.68977176129023,2013
"Maumee",2013-08-12,2013,0.486481746418403,0.0566406106658222,3.62954023944443,2013
"Maumee",2013-08-13,2013,0.413617572532225,0.0445434308880858,3.04349809414921,2013
"Maumee",2013-08-14,2013,0.223637360434881,0.00586943259845161,1.82575289113468,2013
"Maumee",2013-08-15,2013,0.143629422455985,0.000936035338235962,1.65584651333942,2013
"Maumee",2013-08-16,2013,0.246817146858666,0.000987927205571712,2.48825932176662,2013
"Maumee",2013-08-17,2013,0.235635758365729,-0.000315021067333862,2.40376825429104,2013
"Maumee",2013-08-18,2013,0.211146124325998,-0.0010522232109269,2.42888191188959,2013
"Maumee",2013-08-19,2013,0.163518996998424,0.0210457690588293,1.58087697148793,2013
"Maumee",2013-08-20,2013,0.123005157587514,0.0564415436872938,1.06875858748221,2013
"Maumee",2013-08-21,2013,0.111003897163276,0.0466271548150629,1.09090988247786,2013
"Maumee",2013-08-22,2013,0.129263595697817,0.0332577693453681,1.42722599229771,2013
"Maumee",2013-08-23,2013,0.149024341727243,0.0302975107974395,1.5460351749604,2013
"Maumee",2013-08-24,2013,0.127508813853032,0.01726465179413,1.4098772272363,2013
"Maumee",2013-08-25,2013,0.132247194576457,0.00395611265827008,1.48501166012435,2013
"Maumee",2013-08-26,2013,0.121442725512174,0.0218128357345901,1.14059919571236,2013
"Maumee",2013-08-27,2013,0.147373563808929,0.0684345836176959,1.07872872535371,2013
"Maumee",2013-08-28,2013,0.29440230726037,0.124643482436298,1.88562372636787,2013
"Maumee",2013-08-29,2013,0.222993226025067,0.0794405037124565,1.81140343196692,2013
"Maumee",2013-08-30,2013,0.167045572543292,0.0356208677339704,1.47011744644546,2013
"Maumee",2013-08-31,2013,0.145267576044481,0.0475032979839269,1.31043273895361,2013
"Maumee",2013-09-01,2013,0.124742911266497,0.0353197432157391,0.971854843438531,2013
"Maumee",2013-09-02,2013,0.15987451282273,0.021814841926538,1.32121186149523,2013
"Maumee",2013-09-03,2013,0.137928583378425,0.0297118006116697,1.12055298324819,2013
"Maumee",2013-09-04,2013,0.132457697936455,0.0411873164167756,0.931295929950807,2013
"Maumee",2013-09-05,2013,0.102815771522386,0.0194840383351461,0.894392298192188,2013
"Maumee",2013-09-06,2013,0.0986999953439687,0.0108583915893224,0.829274855097351,2013
"Maumee",2013-09-07,2013,0.0805174373364004,0.00819343470982499,0.662436116050737,2013
"Maumee",2013-09-08,2013,0.0858699085219315,0.00613356489442368,0.640929395848493,2013
"Maumee",2013-09-09,2013,0.0996773614984325,0.0160673955848219,0.685641393073297,2013
"Maumee",2013-09-10,2013,0.113986444014431,0.0378081796695753,0.947131023187514,2013
"Maumee",2013-09-11,2013,0.0855190451228453,0.0216891858064832,0.638534345183257,2013
"Maumee",2013-09-12,2013,0.0834887299400425,0.0206954357511114,0.693361369201831,2013
"Maumee",2013-09-13,2013,0.07737295164984,0.0142928943411341,0.631532099175385,2013
"Maumee",2013-09-14,2013,0.0610337415218308,0.0116395831612368,0.498385788085685,2013
"Maumee",2013-09-15,2013,0.0819769175127544,0.0101180578290301,0.634185410355282,2013
"Maumee",2013-09-16,2013,0.108011515078425,0.0215073807776421,0.936782571339294,2013
"Maumee",2013-09-17,2013,0.105083257738642,0.0413394934157517,0.933969009461118,2013
"Maumee",2013-09-18,2013,0.124076610882234,0.0329267476739618,1.12780331201645,2013
"Maumee",2013-09-19,2013,0.0964634827741289,0.0266186440800693,1.02858165783452,2013
"Maumee",2013-09-20,2013,0.103340341785256,0.0150626604052476,1.00177932486244,2013
"Maumee",2013-09-21,2013,0.164009127632854,0.0281449157688357,1.56356875433857,2013
"Maumee",2013-09-22,2013,0.127129325520055,0.0137448002543877,1.24771346590783,2013
"Maumee",2013-09-23,2013,0.199696020285565,0.047710180412117,1.98308991366387,2013
"Maumee",2013-09-24,2013,0.434284285486424,0.165779959013222,4.51543163362265,2013
"Maumee",2013-09-25,2013,0.338289835710264,0.11992954300258,3.37741827253662,2013
"Maumee",2013-09-26,2013,0.23398657072152,0.068040831749284,2.50488781498722,2013
"Maumee",2013-09-27,2013,0.16404355095079,0.0287158731040617,1.55923890279986,2013
"Maumee",2013-09-28,2013,0.143646524019053,0.0127380955814986,1.28448996136819,2013
"Maumee",2013-09-29,2013,0.168224773025069,0.0159449689444881,1.72730029350995,2013
"Maumee",2013-09-30,2013,0.147206658425164,0.0296895612399543,1.24003727396711,2013
"Maumee",2013-10-01,2013,0.102141324041554,0.0369447342277963,0.750734984774976,2014
"Maumee",2013-10-02,2013,0.0915446915699243,0.0282765904647344,0.680239895232237,2014
"Maumee",2013-10-03,2013,0.0754658460115459,0.0170645219144475,0.661820068328194,2014
"Maumee",2013-10-04,2013,0.101092183515816,0.0167113098028369,0.755980687403669,2014
"Maumee",2013-10-05,2013,0.523428323733111,0.0953852524651454,3.35501167738271,2014
"Maumee",2013-10-06,2013,1.76099560298917,0.428650909370342,10.554579100091,2014
"Maumee",2013-10-07,2013,4.10347262183739,1.14120244512637,31.0521847525334,2014
"Maumee",2013-10-08,2013,2.3228869622394,1.16077483202291,16.7202393142655,2014
"Maumee",2013-10-09,2013,1.59033869465042,0.645970320103966,12.4734857139799,2014
"Maumee",2013-10-10,2013,1.33178654818421,0.592685127994632,6.53457917768701,2014
"Maumee",2013-10-11,2013,0.854492932540219,0.459909228442632,3.52275562491568,2014
"Maumee",2013-10-12,2013,0.575933669887081,0.267643131880925,2.23131359680407,2014
"Maumee",2013-10-13,2013,0.468998256596914,0.240863405266891,1.99422171007049,2014
"Maumee",2013-10-14,2013,0.322211085296491,0.15438833356518,1.44000841439127,2014
"Maumee",2013-10-15,2013,0.304832939581188,0.131290094222768,1.62173256488164,2014
"Maumee",2013-10-16,2013,0.261931356610673,0.101102972913975,1.52970442998378,2014
"Maumee",2013-10-17,2013,0.227348032634352,0.100812613328147,1.4999773627407,2014
"Maumee",2013-10-18,2013,0.201153135438891,0.0885865370769655,0.990632628810744,2014
"Maumee",2013-10-19,2013,0.135522180602654,0.0490168964113638,0.608273973402609,2014
"Maumee",2013-10-22,2013,0.191058662598127,0.0442796900442011,1.84088711387466,2014
"Maumee",2013-10-23,2013,0.179852074377064,0.0189965336918023,1.95363632463535,2014
"Maumee",2013-10-24,2013,0.144836880885321,0.0145329523337311,1.70306495653249,2014
"Maumee",2013-10-25,2013,0.107509159721516,0.00312687034262749,1.42493320849031,2014
"Maumee",2013-10-26,2013,0.120474640034282,0.00198040504165943,1.52865264715645,2014
"Maumee",2013-10-27,2013,0.0761745210842698,0.0012286213078108,1.11826220563274,2014
"Maumee",2013-10-28,2013,0.0767456415245323,0.00395068126055743,1.11618939071428,2014
"Maumee",2013-10-29,2013,0.105355977514781,0.00228808638235457,1.4063410937363,2014
"Maumee",2013-10-30,2013,0.115278333765867,0.000985284903981773,1.80922940493653,2014
"Maumee",2013-10-31,2013,0.159947322910986,0.00226592040790564,1.9348294494799,2014
"Maumee",2013-11-01,2013,0.516958544310684,0.0198573918799412,3.45811815101151,2014
"Maumee",2013-11-02,2013,0.95058104538354,0.0122828966090342,7.47260722452121,2014
"Maumee",2013-11-03,2013,1.41803176139494,0.0245698572518925,14.2560328883379,2014
"Maumee",2013-11-04,2013,0.872044339298872,0.187410948942712,7.443096086599,2014
"Maumee",2013-11-05,2013,0.74675846767665,0.301706803211224,5.85120071748103,2014
"Maumee",2013-11-06,2013,0.525348273893023,0.121545873137203,4.27211235582244,2014
"Maumee",2013-11-07,2013,0.503542435364495,0.15978878481559,3.37860730825209,2014
"Maumee",2013-11-08,2013,0.399579611363009,0.0966323943498413,3.01828642673427,2014
"Maumee",2013-11-09,2013,0.420096593893778,0.0634959751515667,2.95662538324238,2014
"Maumee",2013-11-10,2013,0.301482696891189,0.0423570731169439,2.52722230955977,2014
"Maumee",2013-11-11,2013,0.170034260299068,0.0279256699788853,1.36844968972189,2014
"Maumee",2013-11-12,2013,0.174114463269044,0.0368416110685223,1.60471291316271,2014
"Maumee",2013-11-13,2013,0.213735286295073,0.035228730605419,2.09181328436323,2014
"Maumee",2013-11-14,2013,0.237926046666075,0.0244779883401312,2.50703556579624,2014
"Maumee",2013-11-15,2013,0.18323970074141,0.00466207203213763,2.10867545001425,2014
"Maumee",2013-11-16,2013,0.162006018370125,0.00343597069713946,1.95987768564835,2014
"Maumee",2013-11-17,2013,0.19875832943121,0.00273771803624256,2.5579412185293,2014
"Maumee",2013-11-18,2013,0.285763155417531,0.0131470896155635,3.32249279831807,2014
"Maumee",2013-11-19,2013,0.52348887647788,0.055547051201833,5.26224147938577,2014
"Maumee",2013-11-20,2013,1.44989693993939,0.338195030907848,13.1267659125009,2014
"Maumee",2013-11-21,2013,1.483352881904,0.685291682283135,11.1815313729489,2014
"Maumee",2013-11-22,2013,0.723567867388951,0.373515752753805,5.23112299569803,2014
"Maumee",2013-11-23,2013,1.01940191065898,0.437418348761157,6.400578277759,2014
"Maumee",2013-11-24,2013,0.663671538838567,0.376893739610499,3.85755970211644,2014
"Maumee",2013-11-25,2013,0.677555719142615,0.389009317636343,3.87107349806696,2014
"Maumee",2013-11-26,2013,0.902281892684925,0.402652510249087,4.57776206018398,2014
"Maumee",2013-11-27,2013,0.969902794207453,0.478953372494564,4.04533437529036,2014
"Maumee",2013-11-28,2013,0.650784202148748,0.345591028784131,3.242559113907,2014
"Maumee",2013-11-29,2013,0.66026957554152,0.315997250976812,3.2957550060089,2014
"Maumee",2013-11-30,2013,0.595327674242126,0.277089360064957,2.91210260145191,2014
"Maumee",2013-12-01,2013,0.460933218171755,0.197760126608344,2.5313296205868,2014
"Maumee",2013-12-02,2013,0.406428408152621,0.185119249783801,2.30002603800656,2014
"Maumee",2013-12-03,2013,0.378391900146239,0.179991822772265,2.15058411476508,2014
"Maumee",2013-12-04,2013,0.393559371847887,0.193420880219533,2.20847266109344,2014
"Maumee",2013-12-05,2013,0.445247586235169,0.226485761548835,2.2969991592065,2014
"Maumee",2013-12-06,2013,0.216689868787734,0.107686120530775,1.21928478407426,2014
"Maumee",2013-12-07,2013,0.307249177590655,0.161691633412434,1.92434088225014,2014
"Maumee",2013-12-08,2013,0.313194943346149,0.159152675173568,1.91183976197605,2014
"Maumee",2013-12-09,2013,0.326380131579802,0.186900875999163,1.90794091549607,2014
"Maumee",2013-12-10,2013,0.391118594685692,0.217717381585644,1.94968415096371,2014
"Maumee",2013-12-11,2013,0.0937114278051854,0.0527495143934848,0.519656389281962,2014
"Maumee",2013-12-12,2013,0.495820553625452,0.275841606536375,2.70602509661657,2014
"Maumee",2013-12-13,2013,0.421283183033704,0.247762258992179,2.84533555479502,2014
"Maumee",2013-12-14,2013,0.197917196758413,0.105986093046715,1.29348927359719,2014
"Maumee",2013-12-15,2013,0.239345427469226,0.124056671291532,1.66347870361893,2014
"Maumee",2013-12-16,2013,0.257034861864946,0.141297811494663,1.78321990108071,2014
"Maumee",2013-12-17,2013,0.300895420897069,0.159083681743164,1.78764605798818,2014
"Maumee",2013-12-18,2013,0.360960416365611,0.193218303764304,2.38731948651007,2014
"Maumee",2013-12-19,2013,0.320076230659014,0.167646696155004,2.04967429899048,2014
"Maumee",2013-12-20,2013,0.285836210163342,0.15746233612867,1.8763260053195,2014
"Maumee",2013-12-21,2013,1.27033737813463,0.445691688628322,6.39637212507991,2014
"Maumee",2013-12-22,2013,44.6169871818835,10.2062568774721,179.034135240445,2014
"Maumee",2013-12-23,2013,103.52211745519,17.5227019032941,255.002390433562,2014
"Maumee",2013-12-24,2013,107.221280963292,23.3784092129313,305.501539746464,2014
"Maumee",2013-12-25,2013,73.8782142080799,22.163464262424,243.583784422237,2014
"Maumee",2013-12-26,2013,44.3406758328422,16.3989163576397,120.215745856554,2014
"Maumee",2013-12-27,2013,23.9116550326876,9.27144482700925,69.9281690571645,2014
"Maumee",2013-12-28,2013,16.7761293753589,6.12690042263572,48.8209452827143,2014
"Maumee",2013-12-29,2013,11.5713848678854,4.95579565934148,40.2300937343092,2014
"Maumee",2013-12-30,2013,6.62753436899085,2.89712124075206,22.003709729666,2014
"Maumee",2013-12-31,2013,4.44667062789557,1.87255999158117,15.3629041562821,2014
"Maumee",2014-01-01,2014,3.20681464517643,1.41729754407351,11.7058278640146,2014
"Maumee",2014-01-02,2014,2.11084666348276,0.947382555619423,8.02270288190617,2014
"Maumee",2014-01-03,2014,2.09961688172552,1.10555366468384,8.73293886982855,2014
"Maumee",2014-01-04,2014,1.49411512307436,0.74068117401979,6.17489367183854,2014
"Maumee",2014-01-05,2014,0.968632532183845,0.549446064393268,3.67047985639765,2014
"Maumee",2014-01-06,2014,1.04297124084124,0.580225942025404,3.68609683742441,2014
"Maumee",2014-01-11,2014,1.51565355089568,0.871225552016064,6.96393263481754,2014
"Maumee",2014-01-12,2014,3.16347649526545,1.54134993385784,16.8460481006345,2014
"Maumee",2014-01-13,2014,10.9281353028939,3.28473318317308,48.873865255463,2014
"Maumee",2014-01-14,2014,12.8779777228297,4.66670584622221,57.4274793803708,2014
"Maumee",2014-01-15,2014,11.9272735331436,4.53009396087126,56.6409787395211,2014
"Maumee",2014-01-16,2014,12.5462057682559,5.56277881948589,74.4157170692866,2014
"Maumee",2014-01-17,2014,9.05029397023353,4.36590427596309,42.0091113564554,2014
"Maumee",2014-01-18,2014,6.45702664739207,3.43445382030079,29.9184016836719,2014
"Maumee",2014-01-19,2014,4.81835438488035,2.48090834088039,22.0066216438812,2014
"Maumee",2014-01-20,2014,3.53495620784967,1.9366147645875,17.5086646760975,2014
"Maumee",2014-01-21,2014,2.04448085521546,1.23967982927981,9.45723777399072,2014
"Maumee",2014-01-22,2014,1.66289825357059,1.01282355833025,8.46174575683004,2014
"Maumee",2014-01-23,2014,1.70435009373542,1.06746635521019,8.59745730237997,2014
"Maumee",2014-01-24,2014,0.86989461491891,0.561953937215866,5.04700154912976,2014
"Maumee",2014-01-25,2014,1.10102505334775,0.660068956346728,7.00273776955645,2014
"Maumee",2014-01-26,2014,0.82439809606103,0.542200286255524,5.01297457643265,2014
"Maumee",2014-01-27,2014,NA,0.39158393063617,3.59062553346047,2014
"Maumee",2014-01-28,2014,4.41313297030771,2.7046403348574,21.8017282816102,2014
"Maumee",2014-01-29,2014,4.6980122269119,2.7684714908588,29.9591493993945,2014
"Maumee",2014-01-30,2014,4.45759948086062,2.38320923959238,31.3342104865255,2014
"Maumee",2014-01-31,2014,3.48453522173232,2.04167952621501,26.7999475609235,2014
"Maumee",2014-02-01,2014,2.76899946186168,1.71920227524643,16.1507259479269,2014
"Maumee",2014-02-02,2014,3.09130202733626,1.92930586480066,18.5232974770442,2014
"Maumee",2014-02-03,2014,3.77087248445109,2.47087692240789,23.6227343391029,2014
"Maumee",2014-02-04,2014,4.81696320086037,3.00229224492267,24.16926108839,2014
"Maumee",2014-02-05,2014,6.62974998780552,4.24545446867061,38.6366537604964,2014
"Maumee",2014-02-06,2014,9.06304307540499,6.02039854253235,55.6328085678798,2014
"Maumee",2014-02-19,2014,4.37244641897374,3.06897213232573,26.3224371786861,2014
"Maumee",2014-02-20,2014,4.57843584708942,3.41982329853427,29.5166128145906,2014
"Maumee",2014-02-21,2014,11.6008049388289,6.45746703099039,57.8405445161447,2014
"Maumee",2014-02-22,2014,16.7843645486476,7.25672656331381,73.346071793895,2014
"Maumee",2014-02-23,2014,24.3106251748978,9.37330772803523,99.9740316181192,2014
"Maumee",2014-02-24,2014,28.7741089417889,12.8488792406496,112.540079114055,2014
"Maumee",2014-02-25,2014,36.0470611941254,11.387952866306,151.760493955136,2014
"Maumee",2014-02-26,2014,24.4444604688455,11.6093924189962,105.882837772362,2014
"Maumee",2014-02-27,2014,15.9885742604487,7.96512272642541,72.807313839433,2014
"Maumee",2014-02-28,2014,12.8896609365881,7.07961161979486,58.9099084353486,2014
"Maumee",2014-03-01,2014,9.80225385752149,5.44332476844072,43.3374037054445,2014
"Maumee",2014-03-02,2014,6.08218680795264,3.39773072135172,26.4298663109215,2014
"Maumee",2014-03-03,2014,4.84764079124654,2.97201886959299,22.2427615109829,2014
"Maumee",2014-03-04,2014,3.37316245437394,2.0228271936859,15.0570408658754,2014
"Maumee",2014-03-05,2014,2.59475239419803,1.42837196828357,10.9873628192424,2014
"Maumee",2014-03-06,2014,1.79800255906994,1.01036768579693,8.08939750992689,2014
"Maumee",2014-03-07,2014,1.34525665916915,0.767446221180547,7.20972099665901,2014
"Maumee",2014-03-08,2014,1.05143786017656,0.501376726690963,6.47647936956023,2014
"Maumee",2014-03-09,2014,0.858316440803883,0.466148974715763,4.97836629738576,2014
"Maumee",2014-03-10,2014,1.0942025327795,0.467698146351642,5.83268699100752,2014
"Maumee",2014-03-11,2014,5.17258463890459,2.18052085353247,23.0585787897174,2014
"Maumee",2014-03-12,2014,20.2221236925113,7.54389581462927,81.8411129973337,2014
"Maumee",2014-03-13,2014,24.4838356556867,9.55998416063062,103.345919977501,2014
"Maumee",2014-03-14,2014,21.6229643461731,8.60880941291452,99.6862637713201,2014
"Maumee",2014-03-15,2014,27.620110634714,8.19157531240984,102.637695074678,2014
"Maumee",2014-03-16,2014,51.5526931309406,12.8781185368444,NA,2014
"Maumee",2014-03-17,2014,40.4395842120316,11.7773579854974,192.143578582553,2014
"Maumee",2014-03-18,2014,20.2984544029785,7.88910517762819,73.12702988524,2014
"Maumee",2014-03-19,2014,14.6236028508704,5.14160573235176,55.9524291972406,2014
"Maumee",2014-03-20,2014,NA,5.565959367696,72.9617759399693,2014
"Maumee",2014-03-21,2014,15.9950258801642,5.3440745382564,79.2311747087202,2014
"Maumee",2014-03-22,2014,12.9462404426705,4.58824906160539,64.7369663453393,2014
"Maumee",2014-03-23,2014,10.9854960821006,4.30386401326154,59.1482782908187,2014
"Maumee",2014-03-24,2014,8.54267630116584,3.09125146477497,47.1372674475043,2014
"Maumee",2014-03-25,2014,6.08191768464255,2.41297183111239,33.1877483532347,2014
"Maumee",2014-03-26,2014,4.90275390149899,1.73221218537111,27.5006345644889,2014
"Maumee",2014-03-27,2014,3.51553724842406,1.27625221917522,28.1967591939756,2014
"Maumee",2014-03-28,2014,2.88503368960831,1.14067425665011,17.6607841805483,2014
"Maumee",2014-03-29,2014,3.20049514054049,1.20661436077237,19.3453908989407,2014
"Maumee",2014-03-30,2014,2.22439639376219,0.750979055151469,14.7716331489532,2014
"Maumee",2014-03-31,2014,2.08196318092486,0.824545461461432,14.7041118774238,2014
"Maumee",2014-04-01,2014,2.24468168558873,0.769863927135341,15.3263302984414,2014
"Maumee",2014-04-02,2014,1.82105957633282,0.684869892658963,14.3223021791999,2014
"Maumee",2014-04-03,2014,7.36834918719985,1.05594793870288,32.1146100407712,2014
"Maumee",2014-04-04,2014,75.0159063609808,8.6415464966153,282.541145091637,2014
"Maumee",2014-04-05,2014,112.863744204636,15.9140148706771,388.025855159301,2014
"Maumee",2014-04-06,2014,84.3747939727465,15.2325628440562,373.79761048961,2014
"Maumee",2014-04-07,2014,59.5939318128685,12.5260307626181,224.144244131285,2014
"Maumee",2014-04-08,2014,39.7235033551292,8.58820680023963,109.452917508068,2014
"Maumee",2014-04-09,2014,40.0504025467401,8.51114701025971,129.474187134535,2014
"Maumee",2014-04-10,2014,31.7660604293434,7.35922584582353,93.5152760573411,2014
"Maumee",2014-04-11,2014,22.2485219078645,5.57704235492047,99.2176711569487,2014
"Maumee",2014-04-12,2014,15.481470100404,3.81942737565274,76.8914460097356,2014
"Maumee",2014-04-13,2014,9.26355462087263,2.49627772846187,43.0723050121317,2014
"Maumee",2014-04-14,2014,6.43601600028442,1.93336554915706,33.6439748874284,2014
"Maumee",2014-04-15,2014,3.79070457873989,1.53086146449111,27.0657802269002,2014
"Maumee",2014-04-16,2014,3.24796849243974,1.26793410697556,23.9740427091167,2014
"Maumee",2014-04-17,2014,1.98338007752366,0.814511484278675,15.2704969979007,2014
"Maumee",2014-04-18,2014,2.55327559896262,0.966203571981538,20.003720340074,2014
"Maumee",2014-04-19,2014,2.39317658836777,0.585666147410024,17.747459012425,2014
"Maumee",2014-04-20,2014,1.36813727833514,0.351230385418214,16.541052610574,2014
"Maumee",2014-04-21,2014,1.1257512875533,0.226335993067563,11.8155060787813,2014
"Maumee",2014-04-22,2014,2.36888943292024,0.257609725565795,14.1685349061187,2014
"Maumee",2014-04-23,2014,0.786511161124622,0.189235768090135,12.3848051794704,2014
"Maumee",2014-04-24,2014,0.479127568673457,0.0459740904045051,8.66306956537903,2014
"Maumee",2014-04-25,2014,0.625667657591048,0.0429961186496218,11.549647044157,2014
"Maumee",2014-05-01,2014,2.41255102011844,0.0752615569534349,27.6586221803873,2014
"Maumee",2014-05-02,2014,1.40946972561332,0.0214305338397347,17.8203131390409,2014
"Maumee",2014-05-03,2014,1.39631911021055,0.0215494917796274,15.1066335230653,2014
"Maumee",2014-05-04,2014,0.87678743375785,0.01091629387725,9.49020782605185,2014
"Maumee",2014-05-05,2014,0.846386082138976,0.0713311333384003,9.16566713326757,2014
"Maumee",2014-05-06,2014,0.855352414529614,0.0356742520123893,10.3953111096567,2014
"Maumee",2014-05-07,2014,0.667812367950578,0.0149510231630726,10.2094129599267,2014
"Maumee",2014-05-08,2014,0.453125853083127,0.00907385938589491,8.40466225618516,2014
"Maumee",2014-05-09,2014,0.412981952205312,0.012905686006416,7.88795528712146,2014
"Maumee",2014-05-10,2014,0.247593445279488,0.00270101940304896,5.42904900012841,2014
"Maumee",2014-05-11,2014,0.266862674281674,0.00149363437097952,6.8358666378496,2014
"Maumee",2014-05-12,2014,0.298842102911121,0.0141543482630584,7.16395376671344,2014
"Maumee",2014-05-13,2014,1.39020098592624,0.0458938427265884,30.041344551446,2014
"Maumee",2014-05-14,2014,3.13993505604442,0.0438915652995456,57.7342897401715,2014
"Maumee",2014-05-15,2014,8.198071582129,2.45047661094848,65.7759511359855,2014
"Maumee",2014-05-16,2014,25.3416662065871,6.16534183314343,109.039753693747,2014
"Maumee",2014-05-17,2014,26.7997200293977,6.36709542346338,109.704692150956,2014
"Maumee",2014-05-18,2014,16.0633098036597,5.29457705285524,71.2328625539597,2014
"Maumee",2014-05-19,2014,10.0637144929971,4.67768933937446,52.6796918458124,2014
"Maumee",2014-05-20,2014,5.42801825785078,3.02136739931965,32.8007049949706,2014
"Maumee",2014-05-21,2014,3.19335358652102,1.80111900700075,19.8866517001865,2014
"Maumee",2014-05-22,2014,7.6476281712143,2.80246054163494,42.3291209913281,2014
"Maumee",2014-05-23,2014,7.71326526695517,2.51836504550699,40.3210262192802,2014
"Maumee",2014-05-24,2014,3.15191348991881,1.27253978544136,20.1976065589625,2014
"Maumee",2014-05-25,2014,1.92237765216882,0.869673444489529,11.481020600085,2014
"Maumee",2014-05-26,2014,1.30912832273538,0.583630596555552,9.13157410303071,2014
"Maumee",2014-05-27,2014,1.08003343516101,0.412577043952409,7.50042995347478,2014
"Maumee",2014-05-28,2014,1.44278229825092,0.507623812690733,14.1922666889172,2014
"Maumee",2014-05-29,2014,0.575405209569093,0.0989615342698618,6.376387517388,2014
"Maumee",2014-05-30,2014,1.45475730691955,0.11444884679267,18.258891164611,2014
"Maumee",2014-05-31,2014,1.7553398814831,0.0581130468189022,24.983179006257,2014
"Maumee",2014-06-01,2014,1.10658844381112,0.0241742459860655,14.5489492679402,2014
"Maumee",2014-06-02,2014,0.995252252757154,0.0714236954465664,10.2776234861559,2014
"Maumee",2014-06-03,2014,0.671816188832,0.168846741460434,5.49899659499541,2014
"Maumee",2014-06-04,2014,0.50827606973136,0.19603186564248,3.5138941282872,2014
"Maumee",2014-06-05,2014,0.49451408228376,0.21652193584224,3.3885071315424,2014
"Maumee",2014-06-06,2014,1.26595605064643,0.561122101530144,12.2155070448217,2014
"Maumee",2014-06-07,2014,1.97401947948374,0.745349240162016,18.1327946609578,2014
"Maumee",2014-06-08,2014,1.20186555763712,0.54297046823748,15.7776818949384,2014
"Maumee",2014-06-09,2014,1.48887749414497,0.458315743207172,15.0350208296578,2014
"Maumee",2014-06-10,2014,5.22371476494402,1.66497001374314,42.4674234603815,2014
"Maumee",2014-06-11,2014,5.41974287917066,1.87132191561808,53.5654337460695,2014
"Maumee",2014-06-12,2014,3.776054484369,1.3776458941956,29.3411713287453,2014
"Maumee",2014-06-13,2014,2.43673395144769,0.850890105390826,17.1213167191779,2014
"Maumee",2014-06-14,2014,1.26703645840765,0.494638857636618,13.1840280131606,2014
"Maumee",2014-06-15,2014,1.06090855411605,0.438475269397133,8.64854669293655,2014
"Maumee",2014-06-16,2014,0.894564795360284,0.420481793621447,8.15525725763455,2014
"Maumee",2014-06-17,2014,0.933848099697623,0.436672632534663,6.12481594027033,2014
"Maumee",2014-06-18,2014,0.555208728434882,0.264357380922324,4.56802566814017,2014
"Maumee",2014-06-19,2014,0.498670220842252,0.191008385470652,3.94653119562273,2014
"Maumee",2014-06-20,2014,0.714493083741183,0.232688798315103,5.92989889755175,2014
"Maumee",2014-06-21,2014,1.48312192517244,0.5010665009117,13.3341303160735,2014
"Maumee",2014-06-22,2014,1.57031665435266,0.28984091181196,15.2166478701279,2014
"Maumee",2014-06-23,2014,1.71557737454877,0.269771380764426,16.8059139860589,2014
"Maumee",2014-06-24,2014,4.60952056803462,1.42158369977297,31.2890100033087,2014
"Maumee",2014-06-25,2014,10.6798307196556,3.56534561202463,61.2996353521962,2014
"Maumee",2014-06-26,2014,23.9619505094794,5.3882914981036,85.1607441340984,2014
"Maumee",2014-06-27,2014,24.6823263297532,5.85777874359969,83.3837800043607,2014
"Maumee",2014-06-28,2014,13.1214250380834,4.20323853577851,54.7441938442479,2014
"Maumee",2014-06-29,2014,7.17289404057801,3.12513541474327,37.7698877040572,2014
"Maumee",2014-06-30,2014,5.15311127035724,2.61555799109073,25.2255237314646,2014
"Maumee",2014-07-01,2014,2.65898380995879,1.49555909196175,13.9248290693822,2014
"Maumee",2014-07-02,2014,2.31167332788076,1.24448490365262,12.7261367202285,2014
"Maumee",2014-07-03,2014,2.01343381153367,1.14068159637675,10.558637153397,2014
"Maumee",2014-07-04,2014,1.88977409712452,0.793324629363345,9.58838400957137,2014
"Maumee",2014-07-05,2014,1.11286109652535,0.43410470684133,6.33849006217674,2014
"Maumee",2014-07-06,2014,0.725830460454113,0.187671917000978,5.08329894393377,2014
"Maumee",2014-07-07,2014,0.699334726892653,0.212030512454453,5.08804611601866,2014
"Maumee",2014-07-08,2014,0.713113283093535,0.275922588186956,5.371844393994,2014
"Maumee",2014-07-09,2014,2.46422718104353,1.22377260284075,17.3535318060989,2014
"Maumee",2014-07-10,2014,4.58997175661188,1.65603181697129,33.0885011812698,2014
"Maumee",2014-07-11,2014,2.24738515156732,0.549141221080207,19.6363865944105,2014
"Maumee",2014-07-12,2014,1.57718981903471,0.700283318600275,9.21062295892973,2014
"Maumee",2014-07-13,2014,1.5494750112469,0.622691643096602,7.91567009490927,2014
"Maumee",2014-07-14,2014,1.00310480881454,0.438849731376571,5.01483424568952,2014
"Maumee",2014-07-15,2014,0.562928970968309,0.260897238058788,3.26803334780956,2014
"Maumee",2014-07-16,2014,0.304011477375782,0.111710639441318,2.63349391797274,2014
"Maumee",2014-07-17,2014,0.371778488389931,0.0961662727767716,3.43427962412189,2014
"Maumee",2014-07-18,2014,0.231238381341939,0.024599827802334,2.11285187680046,2014
"Maumee",2014-07-19,2014,0.246333850325262,0.0299689846330904,2.26167804590846,2014
"Maumee",2014-07-20,2014,0.209247239181539,0.00616698511638532,2.20003608570583,2014
"Maumee",2014-07-21,2014,0.192054957092067,0.00731844143146771,2.39386652267181,2014
"Maumee",2014-07-22,2014,0.188343257330866,0.00160519821588806,2.02147961987504,2014
"Maumee",2014-07-23,2014,0.396162038913978,0.00515835988169242,4.59094029470625,2014
"Maumee",2014-07-25,2014,0.233747393496119,0.0838138064328714,1.65066635446961,2014
"Maumee",2014-07-26,2014,0.228092868093649,0.041237128694897,2.69491079322511,2014
"Maumee",2014-07-27,2014,0.174405997211134,0.0366540076556366,1.97045237233733,2014
"Maumee",2014-07-28,2014,0.207789031224469,0.0327483596956336,2.40629251676612,2014
"Maumee",2014-07-29,2014,0.149329674355414,0.0149917586459175,2.01261910187677,2014
"Maumee",2014-07-30,2014,0.935582232444798,0.285692498315756,16.9675445529457,2014
"Maumee",2014-07-31,2014,0.355211820133388,0.0226580297227942,4.38527283593246,2014
"Maumee",2014-08-01,2014,0.253691290170937,0.0117210541269266,3.35540007125068,2014
"Maumee",2014-08-02,2014,0.264902967269136,0.0029848221664128,3.19002869035368,2014
"Maumee",2014-08-03,2014,0.203054271432853,0.00532643962171911,2.19683156105537,2014
"Maumee",2014-08-04,2014,0.231685550109777,0.0301325137426011,2.41060109940809,2014
"Maumee",2014-08-05,2014,0.831303310882738,0.360151578490024,9.11558817841158,2014
"Maumee",2014-08-06,2014,0.642133600332352,0.210088665443402,5.93059454053206,2014
"Maumee",2014-08-07,2014,0.277111036724297,0.0845248791496306,2.64226146610024,2014
"Maumee",2014-08-08,2014,0.310406042949479,0.0663660039933499,2.10212706823596,2014
"Maumee",2014-08-09,2014,0.337790073723434,0.0272229482399906,2.76739793350911,2014
"Maumee",2014-08-10,2014,0.270561113603414,0.0217065075613505,2.1426423592817,2014
"Maumee",2014-08-11,2014,0.536300168162888,0.110497295638585,3.92681752578444,2014
"Maumee",2014-08-12,2014,0.728337221758791,0.219535627600098,5.49030635865517,2014
"Maumee",2014-08-13,2014,1.350986783756,0.191897152969334,11.7758574191624,2014
"Maumee",2014-08-14,2014,2.19522416092149,0.279555508215567,31.3376968566789,2014
"Maumee",2014-08-15,2014,0.436644741573436,0.0637014874974509,3.53485345167673,2014
"Maumee",2014-08-16,2014,0.403288326302044,0.0222376101809283,3.2128713875987,2014
"Maumee",2014-08-17,2014,0.390289768287892,0.0116558773543748,2.88574026062606,2014
"Maumee",2014-08-18,2014,0.247202580370221,0.0421527514378256,2.14372553982854,2014
"Maumee",2014-08-19,2014,0.257292355785936,0.0943692141065474,2.03223672323674,2014
"Maumee",2014-08-20,2014,0.389906928146417,0.101017049180791,3.57099989276954,2014
"Maumee",2014-08-21,2014,0.26555130978889,0.0504973192743936,2.40743033750016,2014
"Maumee",2014-08-22,2014,0.293430527453404,0.0129986558771731,2.65059548104095,2014
"Maumee",2014-08-23,2014,0.430796349524682,0.0455961434141219,3.85449365364189,2014
"Maumee",2014-08-24,2014,3.20565007521642,0.424304703833311,26.4302577630089,2014
"Maumee",2014-08-25,2014,1.92910145341377,0.529333928951014,15.556302894993,2014
"Maumee",2014-08-26,2014,1.10099569444119,0.446952653664854,6.5822668496041,2014
"Maumee",2014-08-27,2014,0.818437014742617,0.255527689775944,6.0300258173068,2014
"Maumee",2014-08-28,2014,0.290837646689499,0.0954847057611001,2.20319999720223,2014
"Maumee",2014-08-29,2014,0.267558088914937,0.0625000231782033,2.08762964017916,2014
"Maumee",2014-08-30,2014,0.251535563525634,0.0411015884096354,2.12896991649909,2014
"Maumee",2014-09-01,2014,0.198789449872158,0.120083506001705,1.2716957168779,2014
"Maumee",2014-09-02,2014,0.183183337757263,0.0560423910033636,1.25523803132907,2014
"Maumee",2014-09-03,2014,0.202459019602453,0.0870573784290546,1.11605534555852,2014
"Maumee",2014-09-04,2014,0.135258562087546,0.0480830140596085,0.941592245274137,2014
"Maumee",2014-09-05,2014,0.105938923070184,0.0256842724132048,0.812987267713367,2014
"Maumee",2014-09-06,2014,0.295830128749156,0.0609176515121617,2.19147845376019,2014
"Maumee",2014-09-07,2014,0.139519836113699,0.0394625540539428,0.898473553189648,2014
"Maumee",2014-09-08,2014,0.124369153357132,0.0322083515410675,0.812055802034568,2014
"Maumee",2014-09-09,2014,0.170974968596598,0.0667836589048486,1.19594460015767,2014
"Maumee",2014-09-10,2014,0.140267460669119,0.0589604644724361,0.981528431888076,2014
"Maumee",2014-09-11,2014,2.05197911994957,0.692734165094797,10.3691596636429,2014
"Maumee",2014-09-12,2014,10.3716845296067,2.7128363629373,54.6695501835408,2014
"Maumee",2014-09-13,2014,7.23317615331578,2.82387946783291,33.600825993728,2014
"Maumee",2014-09-14,2014,5.08892117453903,2.36050991167437,16.4641567411557,2014
"Maumee",2014-09-15,2014,3.35768299807705,NA,10.70560457751,2014
"Maumee",2014-09-16,2014,1.88679318947898,NA,6.77533101910899,2014
"Maumee",2014-09-17,2014,1.04574223230491,NA,3.9007270810543,2014
"Maumee",2014-09-18,2014,0.798603850077022,NA,3.18218741572798,2014
"Maumee",2014-09-19,2014,0.709107235828366,NA,3.15435615094417,2014
"Maumee",2014-09-20,2014,0.558042352232537,NA,2.77496470235852,2014
"Maumee",2014-09-22,2014,0.435397287070754,NA,1.70553336640628,2014
"Maumee",2014-09-23,2014,0.570655892652977,0.210444984705956,1.30221356626904,2014
"Maumee",2014-09-24,2014,1.00759277981239,0.358841681942567,2.30824616485559,2014
"Maumee",2014-09-25,2014,0.978672299595396,0.400560198841942,2.46707784931749,2014
"Maumee",2014-09-26,2014,0.573250828540341,0.234776765691444,1.19923769084291,2014
"Maumee",2014-09-27,2014,0.373972283750734,0.123562340702414,1.13341526700442,2014
"Maumee",2014-09-28,2014,0.320554242589239,0.0608891978385589,0.836018351275452,2014
"Maumee",2014-09-29,2014,0.339109454828759,0.0319080072085938,1.74135579934425,2014
"Maumee",2014-09-30,2014,0.217485201566306,0.010083022867208,1.67350171198799,2014
"Maumee",2014-10-01,2014,0.147238806427842,0.00542603971220653,1.2856955114686,2015
"Maumee",2014-10-02,2014,0.106327683924481,0.000912328021192896,0.915645577633597,2015
"Maumee",2014-10-03,2014,0.173835553656772,0.00231047254860267,2.04971921811751,2015
"Maumee",2014-10-04,2014,0.429836411143359,0.00285368571713434,4.98324868354584,2015
"Maumee",2014-10-05,2014,0.386903414142831,0.0431223619478078,4.37612117544419,2015
"Maumee",2014-10-06,2014,0.447416470020076,0.104244017084267,4.76564590499561,2015
"Maumee",2014-10-07,2014,0.420225773082619,0.147927786567418,4.13643506233015,2015
"Maumee",2014-10-08,2014,0.44254074398232,0.119048164162047,4.07803285746586,2015
"Maumee",2014-10-09,2014,0.463481718055252,0.0624574038321878,4.58703556013445,2015
"Maumee",2014-10-10,2014,0.653051688365003,0.0118570837272975,6.3344189604678,2015
"Maumee",2014-10-11,2014,0.556022459461561,0.00451050667704806,5.97027065616544,2015
"Maumee",2014-10-12,2014,0.408658363899997,0.00195530317655501,3.97252428703426,2015
"Maumee",2014-10-13,2014,0.403154330077793,0.0357931283997638,3.53976802389732,2015
"Maumee",2014-10-14,2014,0.427688317813761,0.085150615311337,3.29820402813068,2015
"Maumee",2014-10-15,2014,0.402415192421101,0.0224008457013734,3.1681196063371,2015
"Maumee",2014-10-16,2014,0.461705504208682,0.0039389866294464,4.09935965650243,2015
"Maumee",2014-10-17,2014,0.640846212279921,0.0219604621030502,6.14094376627114,2015
"Maumee",2014-10-18,2014,0.46358692080374,0.00528215660433216,4.64519066086858,2015
"Maumee",2014-10-19,2014,0.406253869453152,0.00391207429843776,3.89401857090651,2015
"Maumee",2014-10-20,2014,0.40001102418433,0.0370098919714272,3.98692863648361,2015
"Maumee",2014-10-21,2014,0.375480842232545,0.0370680661010822,3.67747216930881,2015
"Maumee",2014-10-22,2014,0.2333410662294,0.0189679087579113,2.2349922677954,2015
"Maumee",2014-10-23,2014,0.179559659667777,0.00659723989194709,1.76547876238845,2015
"Maumee",2014-10-24,2014,0.161217242414018,0.000369481838993165,1.10351909245959,2015
"Maumee",2014-10-25,2014,NA,NA,NA,2015
"Maumee",2014-10-26,2014,NA,NA,NA,2015
"Maumee",2014-10-27,2014,NA,NA,NA,2015
"Maumee",2014-10-28,2014,0.13823787945898,0.0170678003256795,1.42872182858668,2015
"Maumee",2014-10-29,2014,0.106183238104231,0.0046538270725468,1.15870796500145,2015
"Maumee",2014-10-30,2014,0.132151337746555,0.0139171492687425,1.50748590309211,2015
"Maumee",2014-10-31,2014,0.218953220291316,0.0268582616890681,2.51066359267376,2015
"Maumee",2014-11-01,2014,0.21229547658611,0.020520652394088,2.36733708073615,2015
"Maumee",2014-11-02,2014,0.153987464880346,0.027156988563264,1.48262478102144,2015
"Maumee",2014-11-03,2014,0.115451551314541,0.0262009973238225,2.32065976296714,2015
"Maumee",2014-11-04,2014,0.0985707672236163,0.0276725309623677,4.07614361182905,2015
"Maumee",2014-11-05,2014,0.0802721436721344,0.0209510294984271,3.29035516912079,2015
"Maumee",2014-11-06,2014,0.0756402868479928,0.013767859228911,2.97999507286007,2015
"Maumee",2014-11-07,2014,0.121338892845991,0.0097434871129008,4.46641449255373,2015
"Maumee",2014-11-08,2014,0.160992793573406,0.0264115659258356,4.71034296766495,2015
"Maumee",2014-11-09,2014,0.157131999498417,0.021044464218538,3.25663083781875,2015
"Maumee",2014-11-10,2014,0.157635920663676,0.0369371743093584,6.2581771422455,2015
"Maumee",2014-11-11,2014,0.241834010717595,0.0521193988615507,15.6798315952816,2015
"Maumee",2014-11-12,2014,0.171445249348096,0.0309912617593313,11.864090719662,2015
"Maumee",2014-11-13,2014,0.167429195588943,0.0350668896330352,11.245728536652,2015
"Maumee",2014-11-14,2014,0.14190558979186,0.0230210036708344,6.82383780451896,2015
"Maumee",2014-11-15,2014,0.145697243641911,0.00819054775068042,4.50952657888424,2015
"Maumee",2014-11-16,2014,0.120336579776208,0.00253073774503066,2.34852462738845,2015
"Maumee",2014-11-17,2014,0.164971838799796,0.00797528172361858,3.82499888059168,2015
"Maumee",2014-11-18,2014,0.0945618085335475,0.00702764146204163,3.95860816532725,2015
"Maumee",2014-11-19,2014,0.179089329984768,0.0106334289678456,7.14491806085064,2015
"Maumee",2014-11-20,2014,0.372703978987563,0.0206253658274671,11.9699491503967,2015
"Maumee",2014-11-21,2014,0.151345163290406,0.008073699302592,4.21740692660851,2015
"Maumee",2014-11-22,2014,0.107195973585842,0.00676098919325693,2.42807698853488,2015
"Maumee",2014-11-23,2014,0.124448001050153,0.00802525710677645,2.18377418736508,2015
"Maumee",2014-11-24,2014,0.489250758874299,0.0201866404636808,9.21795409536986,2015
"Maumee",2014-11-25,2014,9.03434719082314,1.19906667521222,149.883334401528,2015
"Maumee",2014-11-26,2014,18.133392712758,3.78362908226016,166.507706501538,2015
"Maumee",2014-11-27,2014,14.444582025001,6.43987615281293,112.13609892881,2015
"Maumee",2014-11-28,2014,9.75982412111082,5.41748526080911,71.1162371520086,2015
"Maumee",2014-11-29,2014,5.71224011960569,3.09756526073463,35.0036652277693,2015
"Maumee",2014-11-30,2014,3.52123385492592,1.90355810375203,16.4208034224763,2015
"Maumee",2014-12-01,2014,2.38884614965092,1.41901544786956,13.4602292663023,2015
"Maumee",2014-12-02,2014,2.19237634698566,1.39606493819547,17.6146099602641,2015
"Maumee",2014-12-03,2014,2.24387676223402,1.43824390061265,22.5739409212699,2015
"Maumee",2014-12-04,2014,1.44916541385106,0.975175653824709,9.4720248765922,2015
"Maumee",2014-12-05,2014,1.33346196311828,0.9028255217713,9.19068826137897,2015
"Maumee",2014-12-06,2014,0.779405571765677,0.564865362115891,4.95343471393935,2015
"Maumee",2014-12-07,2014,0.656538547833504,0.446446212526783,3.33302736116809,2015
"Maumee",2014-12-08,2014,1.86637160810341,1.25490150486268,13.0822640795135,2015
"Maumee",2014-12-09,2014,2.99761743030956,2.05321404254862,30.3177510450918,2015
"Maumee",2014-12-10,2014,2.14540283047052,1.48947152268759,20.6646553841641,2015
"Maumee",2014-12-11,2014,0.959666811437094,0.634959751515667,10.3245488051328,2015
"Maumee",2014-12-12,2014,0.682441911086875,0.430969175621269,6.81997612967677,2015
"Maumee",2014-12-13,2014,0.727474559221187,0.414156308467507,5.78468322152986,2015
"Maumee",2014-12-14,2014,0.773112490145638,0.39881138664149,5.03499375634881,2015
"Maumee",2014-12-15,2014,0.616498001180431,0.356038721891758,6.5538675443468,2015
"Maumee",2014-12-16,2014,0.504019028280902,0.325345616138995,8.68299447662761,2015
"Maumee",2014-12-17,2014,0.788687879388111,0.524496865602931,10.6220328189512,2015
"Maumee",2014-12-18,2014,1.11122482680002,0.783187977560164,10.8047137218379,2015
"Maumee",2014-12-19,2014,1.42478773510833,0.97566986208505,14.5059910712116,2015
"Maumee",2014-12-20,2014,1.3211507949696,1.06220523915556,17.4074828745195,2015
"Maumee",2014-12-21,2014,1.07993801871471,1.02309917562446,13.3144989938905,2015
"Maumee",2014-12-22,2014,0.870276280704123,0.742065935778962,11.6438304163851,2015
"Maumee",2014-12-23,2014,0.565525937513376,0.371390167919232,7.47000678655728,2015
"Maumee",2014-12-24,2014,0.497781728583318,0.294026513256468,7.479621828454,2015
"Maumee",2014-12-25,2014,1.76444092504173,0.929101743137917,21.190338838907,2015
"Maumee",2014-12-26,2014,3.32174008488551,1.75037800880195,26.9319525445209,2015
"Maumee",2014-12-27,2014,4.40399011749141,1.53002473565429,39.201714848656,2015
"Maumee",2014-12-28,2014,3.20577240399373,1.30089314944673,25.228035005342,2015
"Maumee",2014-12-29,2014,2.44951388347103,0.977702966363975,11.4485863480685,2015
"Maumee",2014-12-30,2014,2.54248130765261,0.826306424987098,15.4137929276439,2015
"Maumee",2014-12-31,2014,2.33883325233468,1.03948144548208,15.7462189334138,2015
"Maumee",2015-01-01,2015,2.62757809830193,1.16460421206789,13.1186408351118,2015
"Maumee",2015-01-02,2015,1.74993762520362,0.881647963843047,6.55224736765173,2015
"Maumee",2015-01-03,2015,1.3884316224912,0.710876990715494,5.90361125883258,2015
"Maumee",2015-01-04,2015,4.7157743653776,2.0367741422448,15.9822547558128,2015
"Maumee",2015-01-05,2015,10.4890946027038,4.01018197784198,94.2573403620697,2015
"Maumee",2015-01-06,2015,10.9606584471552,5.14629010899763,88.0610615811441,2015
"Maumee",2015-01-07,2015,6.12902513757677,9.66521844275931,33.2323086491835,2015
"Maumee",2015-01-08,2015,3.72779822829496,1.8167780691269,20.4086481655811,2015
"Maumee",2015-01-16,2015,1.92222547516984,1.29541282022315,16.7269434205773,2015
"Maumee",2015-01-17,2015,1.42525258446211,1.00935920735677,10.0281706434613,2015
"Maumee",2015-01-18,2015,0.904254321890304,0.63620750504425,6.44927100291049,2015
"Maumee",2015-01-19,2015,1.04470135033085,1.01861813659066,7.06031411925302,2015
"Maumee",2015-01-20,2015,1.34632605734041,0.883336100969952,14.3405047012639,2015
"Maumee",2015-01-21,2015,1.94307029882381,1.30157819059968,19.7096126005094,2015
"Maumee",2015-01-22,2015,3.21044536328705,2.24419481705503,35.1746368200916,2015
"Maumee",2015-01-23,2015,4.3237350998481,3.51049338827793,23.3806992076426,2015
"Maumee",2015-01-24,2015,2.46125499951744,1.82132869964291,15.5551315969502,2015
"Maumee",2015-01-25,2015,2.22393717153216,1.62941931379584,13.9931888367197,2015
"Maumee",2015-01-26,2015,1.95024148359157,1.50107739747464,17.8042848071123,2015
"Maumee",2015-01-27,2015,1.65327342537168,1.10218228358112,9.48525106399517,2015
"Maumee",2015-01-28,2015,1.82871735779255,1.21685327943339,10.3054410501167,2015
"Maumee",2015-01-29,2015,1.79639809482672,1.20848599106525,11.3075094623456,2015
"Maumee",2015-01-30,2015,1.11473321613333,0.760224419483155,6.90898254804899,2015
"Maumee",2015-01-31,2015,1.21614377252498,0.866870647543757,6.69931102373622,2015
"Maumee",2015-02-01,2015,1.20772755264591,0.858454427664691,5.62624298915535,2015
"Maumee",2015-02-02,2015,0.745129048362854,0.512606508448205,3.20246952700631,2015
"Maumee",2015-02-03,2015,1.23854584151413,1.05196632049454,9.28273577315515,2015
"Maumee",2015-02-04,2015,0.907645275597393,0.853708071104986,10.994616915737,2015
"Maumee",2015-02-05,2015,4.74237842786741,4.78929396054211,54.3633734868066,2015
"Maumee",2015-02-06,2015,5.98960838928292,4.4273231084759,61.2700807195976,2015
"Maumee",2015-02-07,2015,2.93428080877857,2.39637181603115,33.0265924220039,2015
"Maumee",2015-02-08,2015,0.706933110934955,0.529634674250035,6.35238661127939,2015
"Maumee",2015-02-09,2015,0.7926158564276,0.585771350158512,10.6341507076317,2015
"Maumee",2015-02-10,2015,1.3652326494783,0.976189079784307,25.3904631558569,2015
"Maumee",2015-02-11,2015,3.38394426814866,2.42548606503141,76.5299534631887,2015
"Maumee",2015-02-12,2015,2.39407203501769,1.66396496050875,56.2182447371884,2015
"Maumee",2015-02-13,2015,1.89658536344525,1.22720229399398,35.1426111461914,2015
"Maumee",2015-02-14,2015,1.18169598883392,0.72663293723328,13.4830778353286,2015
"Maumee",2015-02-15,2015,1.25024903563957,0.756138638320934,9.87472142520111,2015
"Maumee",2015-02-16,2015,0.902155703755085,0.577805028338227,7.89430550987259,2015
"Maumee",2015-02-17,2015,1.6399885201556,1.05427833438574,19.5376183396088,2015
"Maumee",2015-02-18,2015,0.906749828947469,0.625785093217267,8.61199485427573,2015
"Maumee",2015-02-19,2015,4.9420826034048,3.53358906143443,49.371405208014,2015
"Maumee",2015-02-20,2015,6.46899040181318,4.52494147277088,63.7849157235777,2015
"Maumee",2015-02-21,2015,4.95969794733773,3.425205764736,41.349083991893,2015
"Maumee",2015-02-22,2015,3.59372588836101,2.56993188528142,25.0725061978675,2015
"Maumee",2015-02-23,2015,3.04109340397632,2.19327342468595,20.2555251573938,2015
"Maumee",2015-02-24,2015,2.75024450303931,2.03202778568509,16.3438096900361,2015
"Maumee",2015-02-25,2015,3.49972845587447,2.46277187635611,20.2422565626814,2015
"Maumee",2015-02-26,2015,2.2850770944327,1.66824646771467,14.074953391475,2015
"Maumee",2015-02-27,2015,2.34888378467864,1.71482926611508,14.6120745868965,2015
"Maumee",2015-02-28,2015,2.56621309045114,1.8869213900376,16.1822378409625,2015
"Maumee",2015-03-01,2015,2.3574957306014,1.72224239002019,15.768399587316,2015
"Maumee",2015-03-02,2015,2.22317601469555,1.59723325327642,14.232643340682,2015
"Maumee",2015-03-03,2015,2.15029524759034,1.60639703790572,16.430785450705,2015
"Maumee",2015-03-04,2015,1.93414029808003,1.43577285931094,17.0750177235409,2015
"Maumee",2015-03-05,2015,1.85372135987512,1.28797523056259,14.7214365138135,2015
"Maumee",2015-03-06,2015,1.88667673248298,1.42390696791168,12.7083696886117,2015
"Maumee",2015-03-07,2015,1.82768979606313,1.35090115361188,12.078645608765,2015
"Maumee",2015-03-08,2015,1.23527599329658,0.92847541979808,8.19480479213088,2015
"Maumee",2015-03-09,2015,0.93697047377808,0.645958467804653,6.70870859225105,2015
"Maumee",2015-03-10,2015,1.09361926916928,0.64589594420736,8.991165132432,2015
"Maumee",2015-03-11,2015,8.64326208975667,3.15681642731347,52.737403844531,2015
"Maumee",2015-03-12,2015,34.89768174984,10.931027698873,157.436864558817,2015
"Maumee",2015-03-13,2015,142.0373025456,15.399833854944,432.630672258893,2015
"Maumee",2015-03-14,2015,71.3032695613459,13.8378312895334,299.781239519643,2015
"Maumee",2015-03-15,2015,55.3419194343671,7.11382616328384,270.544281163656,2015
"Maumee",2015-03-16,2015,34.9925810172571,7.44890507247096,181.666919651509,2015
"Maumee",2015-03-17,2015,21.716600501004,7.48448779537375,136.667210579301,2015
"Maumee",2015-03-18,2015,14.8468430831626,6.15607338944909,118.705154270464,2015
"Maumee",2015-03-19,2015,10.002970915335,4.65742353859978,78.8824887618701,2015
"Maumee",2015-03-20,2015,6.45746703099039,3.30104205576432,46.7176047130074,2015
"Maumee",2015-03-21,2015,4.09738184483085,2.02840685387666,30.5387920778097,2015
"Maumee",2015-03-22,2015,2.97200945027714,1.63936464339131,22.2812570886732,2015
"Maumee",2015-03-23,2015,2.49180734562378,1.28378995532815,20.0338800923577,2015
"Maumee",2015-03-24,2015,1.60157141229832,0.760361427713745,13.7635043244387,2015
"Maumee",2015-03-25,2015,1.63201806634106,0.708679965874971,18.7440715611858,2015
"Maumee",2015-03-26,2015,1.35654197819129,0.691881778174487,13.4973658365187,2015
"Maumee",2015-03-27,2015,6.75693766415235,2.33158649556672,59.4554556369514,2015
"Maumee",2015-03-28,2015,10.7408568767932,2.46130393102837,69.600205605191,2015
"Maumee",2015-03-29,2015,8.12253295049495,2.33925243227827,48.1052208103166,2015
"Maumee",2015-03-30,2015,6.26300548627018,1.9900831508369,82.7282499893356,2015
"Maumee",2015-03-31,2015,3.03938667287526,1.29190932404094,42.3780255899219,2015
"Maumee",2015-04-01,2015,2.14990624207848,0.959889449811802,28.2429011194626,2015
"Maumee",2015-04-02,2015,1.99043600139901,0.775075133048832,16.9440036030397,2015
"Maumee",2015-04-03,2015,1.63995426809795,0.625785093217267,13.5586770197075,2015
"Maumee",2015-04-04,2015,1.64693190155583,0.55414936122336,12.6124394614437,2015
"Maumee",2015-04-05,2015,2.0993355255377,0.710901456470957,15.8429467442099,2015
"Maumee",2015-04-06,2015,1.87214040387499,0.379940949453341,14.1770122903864,2015
"Maumee",2015-04-07,2015,1.78267280601231,0.0775075133048832,15.1010471755681,2015
"Maumee",2015-04-08,2015,2.14202582224404,0.263055802731725,22.416112332782,2015
"Maumee",2015-04-09,2015,3.60282714939302,0.316464546906144,33.3261511318855,2015
"Maumee",2015-04-10,2015,22.0384466985866,1.98778146693134,128.51439310117,2015
"Maumee",2015-04-11,2015,23.2052797409772,2.5189941824087,112.419657034619,2015
"Maumee",2015-04-12,2015,19.2839084554637,2.57118779406182,85.9511348300667,2015
"Maumee",2015-04-13,2015,13.0753832047205,2.34613002798048,61.35416136587,2015
"Maumee",2015-04-14,2015,7.11373645551381,1.93768783262208,40.3281280164471,2015
"Maumee",2015-04-15,2015,5.47506663957764,1.21947111526787,29.787375330293,2015
"Maumee",2015-04-16,2015,3.11186794137795,0.970409724660634,17.926352616366,2015
"Maumee",2015-04-17,2015,1.72463024775332,0.565452540246989,11.7488472251319,2015
"Maumee",2015-04-18,2015,1.73437740472954,0.43304387168448,9.51962545041984,2015
"Maumee",2015-04-19,2015,1.99346975507635,0.39634523849088,10.1875405745434,2015
"Maumee",2015-04-20,2015,1.94404811351712,0.547665936025824,15.3080927087945,2015
"Maumee",2015-04-21,2015,9.12499281481133,2.14271086339699,89.0702739939681,2015
"Maumee",2015-04-22,2015,6.0185758437504,1.62501547781261,60.2760370751603,2015
"Maumee",2015-04-23,2015,4.83291640253157,1.61097213417719,52.5000370850347,2015
"Maumee",2015-04-24,2015,3.49586286651141,1.41813304962255,31.495745636966,2015
"Maumee",2015-04-25,2015,2.05517239035253,0.783931736526221,17.63846407184,2015
"Maumee",2015-04-26,2015,1.68373329092237,0.697029373123776,12.3383251372429,2015
"Maumee",2015-04-27,2015,1.41131525910036,0.523730271931776,10.8632684299112,2015
"Maumee",2015-04-28,2015,1.09618817349283,0.355316166580435,9.49525755797929,2015
"Maumee",2015-04-29,2015,0.942274105878874,0.185890810003315,9.49325136603137,2015
"Maumee",2015-04-30,2015,0.961797778737869,0.110976666777446,10.1235381582537,2015
"Maumee",2015-05-01,2015,0.588548213403495,0.023731782798528,8.03083529902188,2015
"Maumee",2015-05-02,2015,0.557085251878848,0.0202576455228672,8.80701139106652,2015
"Maumee",2015-05-03,2015,0.738474362877082,0.0143858642118912,8.85689706645435,2015
"Maumee",2015-05-04,2015,0.486863640550668,0.0113521105345536,6.80417125164806,2015
"Maumee",2015-05-05,2015,0.348994215368951,0.0275729064061248,5.10886565839198,2015
"Maumee",2015-05-06,2015,0.603337762580515,0.031683153323808,5.85233103538339,2015
"Maumee",2015-05-07,2015,0.605368420283894,0.010030959739584,6.34959751515667,2015
"Maumee",2015-05-08,2015,0.925079572939899,0.0219213168943104,7.4368067563948,2015
"Maumee",2015-05-09,2015,0.483125273116013,0.0106181378706816,6.88055334020168,2015
"Maumee",2015-05-10,2015,0.547587645608344,0.0053580004462656,6.89038857389756,2015
"Maumee",2015-05-11,2015,0.625670919691776,0.063937174275072,8.04466660610995,2015
"Maumee",2015-05-12,2015,2.81698708394074,0.593049912408576,33.2107950948803,2015
"Maumee",2015-05-13,2015,6.4406101254768,0.50093634309264,46.515517572888,2015
"Maumee",2015-05-14,2015,1.63587827323791,0.0292121120221056,18.6519335261144,2015
"Maumee",2015-05-15,2015,1.4853160141223,0.319914218426342,15.9842854135162,2015
"Maumee",2015-05-16,2015,1.13442814928056,0.369922222591488,10.5140116154336,2015
"Maumee",2015-05-17,2015,1.37685932015749,0.439943214724877,10.0127816832754,2015
"Maumee",2015-05-18,2015,1.50244204294598,0.509254699949856,10.8519081641248,2015
"Maumee",2015-05-19,2015,2.42186513322298,0.739306198562803,16.3794562957449,2015
"Maumee",2015-05-20,2015,1.84591678388262,0.688906742310259,12.7359425950179,2015
"Maumee",2015-05-21,2015,1.33646635788906,0.328868684925581,8.81647963843046,2015
"Maumee",2015-05-22,2015,1.03497485332591,0.122793626665786,8.68911091549321,2015
"Maumee",2015-05-23,2015,0.835994864150208,0.162281355982099,8.24192583715146,2015
"Maumee",2015-05-24,2015,0.747697952686407,0.0089544664992384,7.75904522159008,2015
"Maumee",2015-05-25,2015,0.843329697637836,0.0620940873635712,12.066950977654,2015
"Maumee",2015-05-26,2015,0.424060046278687,0.0979119533605248,4.39928535271599,2015
"Maumee",2015-05-27,2015,0.417131344331735,0.0845536508780544,5.42552593134182,2015
"Maumee",2015-05-28,2015,2.76254099173471,0.314947670067475,28.1953152250883,2015
"Maumee",2015-05-29,2015,2.8215988788454,0.142146039236544,27.0930350784853,2015
"Maumee",2015-05-30,2015,0.899921436597913,0.034374386424672,9.79670013103152,2015
"Maumee",2015-05-31,2015,6.95682478917225,0.526138789636186,48.259626911457,2015
"Maumee",2015-06-01,2015,55.7620363824102,8.26208561965248,249.200463135939,2015
"Maumee",2015-06-02,2015,43.8201742251063,11.3423242323686,168.851389953972,2015
"Maumee",2015-06-03,2015,26.6791540097667,8.95801403378045,101.30761672554,2015
"Maumee",2015-06-04,2015,12.9333812415994,5.00300233450618,68.5121889940226,2015
"Maumee",2015-06-05,2015,7.44514957900748,3.37284904804646,39.257751214967,2015
"Maumee",2015-06-06,2015,4.30879630956276,2.32150660431621,35.3429367519175,2015
"Maumee",2015-06-07,2015,3.12548068771723,1.61973087463273,19.6017430846757,2015
"Maumee",2015-06-08,2015,2.21579958942364,1.1222632319812,14.0723382740578,2015
"Maumee",2015-06-09,2015,3.30208919009811,1.25142339190176,20.8069995960199,2015
"Maumee",2015-06-10,2015,9.4386437998393,3.38606055599616,52.6109158887903,2015
"Maumee",2015-06-11,2015,11.4831980523211,3.30000226115717,60.4528021583761,2015
"Maumee",2015-06-12,2015,9.72802475544856,2.90897832447936,45.2095355463051,2015
"Maumee",2015-06-13,2015,6.37630066395611,2.42239726340428,31.8011394295254,2015
"Maumee",2015-06-14,2015,32.8429279957476,6.31950463593792,97.6286399122702,2015
"Maumee",2015-06-15,2015,56.7507036770847,9.1176989614641,188.511107704435,2015
"Maumee",2015-06-16,2015,73.5365037199538,14.9243826737914,236.696832743299,2015
"Maumee",2015-06-17,2015,86.0663685382946,20.8064735822775,319.198289257124,2015
"Maumee",2015-06-20,2015,40.5909513945019,17.5009665261413,61.5356564951419,2015
"Maumee",2015-06-21,2015,32.3481869256215,19.9304568198167,85.0614512247629,2015
"Maumee",2015-06-22,2015,24.263558226381,12.9292954604372,77.611737423153,2015
"Maumee",2015-06-23,2015,17.7459258250827,10.2781182380997,32.2359162922218,2015
"Maumee",2015-06-24,2015,13.8573060308815,8.16373328269363,29.0149180330787,2015
"Maumee",2015-06-25,2015,7.69120168169284,5.00006644385069,23.6652359436703,2015
"Maumee",2015-06-26,2015,6.13879811951709,3.71984685776968,27.1948126212089,2015
"Maumee",2015-06-27,2015,22.8837997142012,9.14187418608038,91.3022848648028,2015
"Maumee",2015-06-28,2015,84.2926556356161,20.4548395118941,249.201443465168,2015
"Maumee",2015-06-29,2015,79.6551815419808,17.0817458062931,244.453632552221,2015
"Maumee",2015-06-30,2015,58.288738127295,18.3077791808594,167.866181165674,2015
"Maumee",2015-07-01,2015,32.8593581097493,13.8676251428521,74.3808984934794,2015
"Maumee",2015-07-02,2015,23.8355787660772,10.436357307596,85.3481762866958,2015
"Maumee",2015-07-03,2015,16.464964111086,7.7443902340681,62.8662266059645,2015
"Maumee",2015-07-04,2015,12.7730816118098,5.6995423925207,47.5301124519137,2015
"Maumee",2015-07-05,2015,8.56668427515936,4.04639129592634,25.1532431908934,2015
"Maumee",2015-07-06,2015,5.73894754991233,3.11647851299484,23.1830617767979,2015
"Maumee",2015-07-07,2015,4.42489501816712,2.5964799483754,18.4219527063506,2015
"Maumee",2015-07-08,2015,2.91114599041333,1.70050864391775,12.5848040314403,2015
"Maumee",2015-07-09,2015,2.93034182214913,1.61718643606464,15.0721775841224,2015
"Maumee",2015-07-13,2015,20.5290930797225,8.51628481890681,60.583326963768,2015
"Maumee",2015-07-15,2015,NA,NA,NA,2015
"Maumee",2015-07-16,2015,NA,NA,NA,2015
"Maumee",2015-07-17,2015,NA,NA,NA,2015
"Maumee",2015-07-18,2015,NA,NA,NA,2015
"Maumee",2015-07-20,2015,NA,NA,NA,2015
"Maumee",2015-07-21,2015,19.2633572208753,10.6455395167995,55.3504688566926,2015
"Maumee",2015-07-22,2015,12.2659065010742,7.4681718548976,38.2008305789914,2015
"Maumee",2015-07-23,2015,7.95332778571699,4.79724533106739,27.7735256009165,2015
"Maumee",2015-07-24,2015,4.47160612586285,3.06624420059167,16.6453256603548,2015
"Maumee",2015-07-25,2015,2.56479407663432,1.68950720921149,10.9919746141471,2015
"Maumee",2015-07-26,2015,1.907154569805,0.876950538794266,8.00323792686029,2015
"Maumee",2015-07-27,2015,1.94229809841703,0.8153977562703,8.4429792991026,2015
"Maumee",2015-07-28,2015,1.29880866708134,0.670117042115136,5.81174234707127,2015
"Maumee",2015-07-29,2015,1.19182970474645,0.622017366876058,5.6648010197641,2015
"Maumee",2015-07-30,2015,0.914745237832581,0.441215434008922,6.94758951016865,2015
"Maumee",2015-07-31,2015,1.12019886590363,0.390767046245453,7.14037966321237,2015
"Maumee",2015-08-01,2015,0.664524170416431,0.253293966302227,5.24964161532263,2015
"Maumee",2015-08-02,2015,0.892305246922468,0.276120516148646,6.21997794271688,2015
"Maumee",2015-08-03,2015,0.676058143066589,0.24139545389568,4.72380728842109,2015
"Maumee",2015-08-04,2015,1.80542595859235,0.215787963178368,10.3434363683498,2015
"Maumee",2015-08-05,2015,1.4312466945504,0.362582495952768,12.9957199865176,2015
"Maumee",2015-08-06,2015,1.07186921256321,0.144396888739085,9.56351701571939,2015
"Maumee",2015-08-07,2015,0.702901154434752,0.04159178428608,6.94166879734675,2015
"Maumee",2015-08-08,2015,1.02482156480901,0.0503260589861568,6.92669575500376,2015
"Maumee",2015-08-09,2015,0.722131238228198,0.0153644944303872,6.27255485120557,2015
"Maumee",2015-08-10,2015,0.698888770538919,0.041836441840704,4.95651739912762,2015
"Maumee",2015-08-11,2015,0.966289691440766,0.077801102370432,6.89317767002028,2015
"Maumee",2015-08-12,2015,1.11524699699804,0.0602836214593536,7.49161004863058,2015
"Maumee",2015-08-13,2015,0.861057584045891,0.036209318084352,5.64865362115891,2015
"Maumee",2015-08-14,2015,0.499395000498509,0.028624933891008,3.20379067780128,2015
"Maumee",2015-08-15,2015,0.62462541640835,0.0349370988003072,3.75573812103302,2015
"Maumee",2015-08-16,2015,1.05035892036066,0.0636354299577024,5.74590499912195,2015
"Maumee",2015-08-17,2015,0.852063972337912,0.10153288516896,5.58227802658942,2015
"Maumee",2015-08-24,2015,0.486102755555787,0.0730792115661888,3.52418197845914,2015
"Maumee",2015-08-25,2015,0.97245506181729,0.16565763023591,6.67107754193261,2015
"Maumee",2015-08-26,2015,0.8512908544653,0.163626972532531,6.25657871288863,2015
"Maumee",2015-08-27,2015,0.661280011242117,0.190245714475622,4.59408169770762,2015
"Maumee",2015-08-28,2015,0.837007746426351,0.158978478994675,5.32717359438298,2015
"Maumee",2015-08-29,2015,0.462264057405888,0.0752566638023424,2.97075680359747,2015
"Maumee",2015-08-31,2015,0.295249189385701,0.069997138021813,1.74803663600419,2015
"Maumee",2015-09-01,2015,0.274521923686733,0.0639436984765286,2.14502043071264,2015
"Maumee",2015-09-02,2015,0.316587364998565,0.0627987011208883,2.21570199824352,2015
"Maumee",2015-09-03,2015,0.437179562987844,0.114127856081004,2.20569550425939,2015
"Maumee",2015-09-04,2015,0.391268104917323,0.114418998571006,2.12011673822747,2015
"Maumee",2015-09-05,2015,0.265256252778013,0.0737202143593037,1.97815908530798,2015
"Maumee",2015-09-06,2015,0.708242028852194,0.208185229668427,5.40663225168599,2015
"Maumee",2015-09-07,2015,1.45659512010154,0.328205391110822,13.782177132691,2015
"Maumee",2015-09-08,2015,0.505756096918733,0.136421052458342,7.54974068360924,2015
"Maumee",2015-09-09,2015,0.396492033023654,0.127637846247341,5.01318008877853,2015
"Maumee",2015-09-10,2015,0.181100415083777,0.0558186210874656,2.24638939532,2015
"Maumee",2015-09-11,2015,0.13538125785119,0.0340636713302995,1.47609242431298,2015
"Maumee",2015-09-12,2015,0.223891021387515,0.0409556746440576,1.99727173347521,2015
"Maumee",2015-09-13,2015,0.284659064805024,0.07156233472752,2.04509249910202,2015
"Maumee",2015-09-14,2015,0.20554421253065,0.0680239442615761,0.979132531037838,2015
"Maumee",2015-09-15,2015,0.119618460921875,0.0431277444140095,0.87638831573374,2015
"Maumee",2015-09-16,2015,0.157676900804076,0.0502595121312991,1.13625916641937,2015
"Maumee",2015-09-17,2015,0.162624855188791,0.0508202672464973,1.27163602043458,2015
"Maumee",2015-09-18,2015,0.249096865952653,0.0777436078450954,2.09273099485063,2015
"Maumee",2015-09-19,2015,0.31666223021028,0.094796973375052,2.39412781694014,2015
"Maumee",2015-09-20,2015,0.241154058441784,0.0570296759828544,1.91293827439632,2015
"Maumee",2015-09-21,2015,0.231116762071536,0.0635950614611894,1.82045992066644,2015
"Maumee",2015-09-22,2015,0.379834523417079,0.0915263911848384,3.06003234527976,2015
"Maumee",2015-09-23,2015,NA,NA,NA,2015
"Maumee",2015-09-24,2015,NA,NA,NA,2015
"Maumee",2015-09-25,2015,NA,NA,NA,2015
"Maumee",2015-09-26,2015,0.25293011158699,0.0472365233863649,1.91307919714778,2015
"Maumee",2015-09-27,2015,0.187192290330893,0.0324298481805204,2.00344395426326,2015
"Maumee",2015-09-28,2015,0.172722331201039,0.085317976369797,1.44034627356172,2015
"Maumee",2015-09-29,2015,0.282697155874494,0.0305834176157731,2.02914327311608,2015
"Maumee",2015-09-30,2015,0.19898957975184,0.0203281068985989,1.8498577277725,2015
"Maumee",2015-10-01,2015,0.139316574617317,0.0219252314151844,1.05880596709161,2016
"Maumee",2015-10-02,2015,0.148906123196849,0.0226660544905859,1.12837532137917,2016
"Maumee",2015-10-03,2015,0.0964498798140918,0.0176740617460378,0.842463609894466,2016
"Maumee",2015-10-04,2015,0.119165844445821,0.0204215660844653,1.19646351883102,2016
"Maumee",2015-10-05,2015,0.112680731111158,0.0332489616734016,1.03969503152727,2016
"Maumee",2015-10-06,2015,0.0700183498317989,0.0149309612435935,0.76933742407779,2016
"Maumee",2015-10-07,2015,0.0657899822467432,0.00833744014647667,0.829196320022316,2016
"Maumee",2015-10-08,2015,0.0587564200718797,0.00904939363043251,0.656727423465674,2016
"Maumee",2015-10-09,2015,0.0781910865125027,0.0102159208508797,0.955581519589982,2016
"Maumee",2015-10-10,2015,0.0551623516629422,0.00826844671607271,0.640804620495635,2016
"Maumee",2015-10-11,2015,0.0763254747954728,0.0106112874591521,0.840565556585694,2016
"Maumee",2015-10-12,2015,0.0746986427353171,0.0152942777122101,0.751157594001956,2016
"Maumee",2015-10-13,2015,0.0681018982749182,0.00741703842598118,0.6951787833806,2016
"Maumee",2015-10-14,2015,0.0428640035701248,0.0040185003346992,0.473290039420128,2016
"Maumee",2015-10-15,2015,0.0540203880609792,0.0067525485076224,0.61785818844745,2016
"Maumee",2015-10-16,2015,0.0422768254390272,0.0046974250487808,0.455650229731738,2016
"Maumee",2015-10-17,2015,0.0443686475310624,0.0049298497256736,0.476716468472637,2016
"Maumee",2015-10-18,2015,0.0442365324515654,0.00323681944767552,0.511956942640678,2016
"Maumee",2015-10-19,2015,0.04949150148514,0.0113243266110066,0.551117228402322,2016
"Maumee",2015-10-20,2015,0.0409997130038899,0.00323681944767552,0.491457086138733,2016
"Maumee",2015-10-21,2015,0.027575352981671,0.0017676508321584,0.350348394933795,2016
"Maumee",2015-10-22,2015,0.0345089480797152,0.00394387978053888,0.471293633774396,2016
"Maumee",2015-10-23,2015,0.0267508570225882,0.00150709053648384,0.336457962270017,2016
"Maumee",2015-10-24,2015,0.0538090039337841,0.00309247149044736,0.575199697223209,2016
"Maumee",2015-10-25,2015,0.0553302846084361,0.00227384731267546,0.629097756506876,2016
"Maumee",2015-10-26,2015,0.0297233239824925,0.00374280185283228,0.333839667702626,2016
"Maumee",2015-10-27,2015,0.0392920032726144,0,0.361218530085739,2016
"Maumee",2015-10-28,2015,0.163565318828766,0.00824006643973632,1.67273348726647,2016
"Maumee",2015-10-29,2015,0.148777433323117,0.00703439401054925,1.45611956018369,2016
"Maumee",2015-10-30,2015,0.116506906142167,0.00437447707667712,1.22193726341848,2016
"Maumee",2015-10-31,2015,0.360451773309548,0.0191933851602528,4.30699562996073,2016
"Maumee",2015-11-01,2015,0.390777321862747,0.0153547081282022,5.08624706746699,2016
"Maumee",2015-11-02,2015,0.285486007339653,0.0240192554252112,3.3908326015991,2016
"Maumee",2015-11-03,2015,0.265070313036499,0.0131439824646198,3.50287132682117,2016
"Maumee",2015-11-04,2015,0.272573960236817,0.00670263836647911,3.45856139710322,2016
"Maumee",2015-11-05,2015,0.234084433743369,0.00566333307443635,2.84865653644149,2016
"Maumee",2015-11-06,2015,0.30990185266091,0.00986948575353216,3.23916522430926,2016
"Maumee",2015-11-07,2015,0.18412438245893,0.00488825794138752,2.38058161745572,2016
"Maumee",2015-11-08,2015,0.157213030080508,0.00501743713022899,2.2662091038201,2016
"Maumee",2015-11-09,2015,0.105893263854052,0.00712147680889823,1.53049825506017,2016
"Maumee",2015-11-10,2015,0.0970385258905171,0.00746450199157824,1.54639599592196,2016
"Maumee",2015-11-11,2015,0.0776298420821952,0.0040857811622208,1.28395673022789,2016
"Maumee",2015-11-12,2015,0.155487215690191,0.00951962545041984,2.20696650025567,2016
"Maumee",2015-11-16,2015,0.151456727135315,0.0147249595826001,2.31181865446821,2016
"Maumee",2015-11-22,2015,0.0754396676532011,0.00840888015242688,1.26373456005044,2016
"Maumee",2015-11-30,2015,0.29159119195774,0.0308562107891789,3.97530849000588,2016
"Maumee",2015-12-07,2015,0.160311373352267,0.0480385108504224,2.3538870316707,2016
"Maumee",2015-12-08,2015,0.139975045959832,0.0464262175654502,1.94061589423582,2016
"Maumee",2015-12-09,2015,0.11099535861462,0.0223020040493053,1.47364780602718,2016
"Maumee",2015-12-10,2015,0.0939609785109018,0.0330214301476013,1.25631531970647,2016
"Maumee",2015-12-11,2015,0.0926273501806464,0.0324195725632262,1.23657512491163,2016
"Maumee",2015-12-12,2015,0.107178113584354,0.0221366155423795,1.52004760057673,2016
"Maumee",2015-12-13,2015,0.101519477934967,0.025087185651145,1.38983008507343,2016
"Maumee",2015-12-14,2015,0.0785651679135228,0.00836484179259456,1.12088880020767,2016
"Maumee",2015-12-15,2015,0.0851016838004122,0.0132971380938144,1.59565657125773,2016
"Maumee",2015-12-16,2015,0.104282836082934,0.0162941931379584,1.55772486398882,2016
"Maumee",2015-12-17,2015,0.176659880467352,0.0136849203178934,1.55137233058301,2016
"Maumee",2015-12-18,2015,0.102932326381409,0.0188709265032584,1.50281196516858,2016
"Maumee",2015-12-19,2015,0.0718045457065978,0.00930799666567008,0.983988218942266,2016
"Maumee",2015-12-20,2015,0.0669187343407565,0.0115820886359002,1.11188050904642,2016
"Maumee",2015-12-21,2015,0.0753251067532485,0.0130484436895391,1.03319949578078,2016
"Maumee",2015-12-22,2015,0.125115916174277,0.0312789790435692,1.91025193444654,2016
"Maumee",2015-12-23,2015,0.14440667504127,0.0412590500117914,2.48585776321043,2016
"Maumee",2015-12-24,2015,0.35138941282872,0.0890186512499424,4.86791466572053,2016
"Maumee",2015-12-25,2015,1.55631563647419,0.262116317721969,21.5590671326319,2016
"Maumee",2015-12-26,2015,1.87700297277314,0.408852132683259,16.5027588101243,2016
"Maumee",2015-12-27,2015,4.66203533350444,1.52613712711132,26.132485053276,2016
"Maumee",2015-12-28,2015,14.3893138834114,2.65463233069225,90.800492220269,2016
"Maumee",2015-12-29,2015,64.1788633180332,9.29693814420108,253.216605583455,2016
"Maumee",2015-12-30,2015,66.4803080028703,12.8019512032554,301.18274672922,2016
"Maumee",2015-12-31,2015,45.3402805434962,12.0779605676121,196.794071788156,2016
"Maumee",2016-01-01,2016,31.955114661528,9.63030852813174,130.884647723245,2016
"Maumee",2016-01-02,2016,20.0748863295631,6.6420611559542,70.6338593077219,2016
"Maumee",2016-01-03,2016,13.7342188151502,4.78672505621856,44.774289756629,2016
"Maumee",2016-01-04,2016,10.3645747810693,3.14030204237635,42.4335286027639,2016
"Maumee",2016-01-05,2016,4.85655912998022,1.24091290335511,22.7784012396692,2016
"Maumee",2016-01-06,2016,2.80905626465004,0.883086550264236,13.435531086163,2016
"Maumee",2016-01-07,2016,2.16281633192088,0.641991209635561,9.89013485114243,2016
"Maumee",2016-01-08,2016,1.40668796921724,0.463870723567104,7.28856874404812,2016
"Maumee",2016-01-09,2016,1.46129847129998,0.563045109909489,7.49635640519028,2016
"Maumee",2016-01-11,2016,10.0730408389793,2.10748017553114,54.7587645608344,2016
"Maumee",2016-01-12,2016,10.4035449237367,2.22568239542181,42.9812108492933,2016
"Maumee",2016-01-13,2016,9.99021936358801,1.73423061019676,38.8012202180387,2016
"Maumee",2016-01-14,2016,3.44502791981164,0.877630686796121,16.2296182229909,2016
"Maumee",2016-01-15,2016,2.90880314967025,0.909759116869344,13.2097023769429,2016
"Maumee",2016-01-16,2016,6.41298877687486,1.51899067994075,23.1883420984705,2016
"Maumee",2016-01-17,2016,9.72954000123687,2.09372498412672,32.7877332514244,2016
"Maumee",2016-01-18,2016,5.56566740968082,1.65590104750834,29.3615787590599,2016
"Maumee",2016-01-19,2016,4.00098481104856,1.31789195634201,22.5055395621481,2016
"Maumee",2016-01-20,2016,2.52290038492583,0.980499402213327,13.1864599092536,2016
"Maumee",2016-01-21,2016,1.50694423126617,0.659342323409495,9.63854370142038,2016
"Maumee",2016-01-22,2016,1.21412290112379,0.574553801279002,8.91314383826241,2016
"Maumee",2016-01-23,2016,1.57655615596823,0.801116483163011,10.5172215225503,2016
"Maumee",2016-01-24,2016,1.31108362591193,0.661402340019429,7.11635429134829,2016
"Maumee",2016-01-25,2016,1.39163826750714,0.69166321742569,9.27066192283446,2016
"Maumee",2016-01-26,2016,0.778754782670377,0.397323868709376,4.936749068714,2016
"Maumee",2016-01-27,2016,0.711961557655143,0.35666667628196,4.782991581935,2016
"Maumee",2016-01-28,2016,1.14661209550084,0.636134107777862,8.58388370124943,2016
"Maumee",2016-01-29,2016,0.585840832904025,0.330786800153833,4.14353991771643,2016
"Maumee",2016-01-30,2016,0.509233170085049,0.303490356784433,3.36992539026871,2016
"Maumee",2016-01-31,2016,0.473033638302882,0.299196616700782,3.24192789741607,2016
"Maumee",2016-02-01,2016,0.519025996471466,0.327527146001059,3.77701517303349,2016
"Maumee",2016-02-02,2016,0.563192393757372,0.347761141293646,3.77569239118816,2016
"Maumee",2016-02-03,2016,1.33994049516472,0.406767650317862,6.35275359761132,2016
"Maumee",2016-02-04,2016,1.97786402829711,0.775632952273375,11.6478672660364,2016
"Maumee",2016-02-05,2016,3.0039651521168,1.10001461764715,19.2553960640478,2016
"Maumee",2016-02-06,2016,2.81563382184172,0.901002822989351,15.4879278365583,2016
"Maumee",2016-02-07,2016,1.8536406228821,0.711498420904239,12.4824284369165,2016
"Maumee",2016-02-08,2016,1.32434759931501,0.528345600778894,8.16903582742752,2016
"Maumee",2016-02-09,2016,1.1225201767819,0.420419541865882,7.37135596738179,2016
"Maumee",2016-02-10,2016,1.13787488491011,0.419010314351247,7.09698719932425,2016
"Maumee",2016-02-11,2016,0.926361578526129,0.338777315887853,6.32569447206991,2016
"Maumee",2016-02-12,2016,1.05665444855625,0.427426534230313,8.01599926490947,2016
"Maumee",2016-02-13,2016,0.64824465673175,0.295057010876544,4.87064259745459,2016
"Maumee",2016-02-14,2016,0.420910569578012,0.195222049136675,3.61160790902848,2016
"Maumee",2016-02-15,2016,0.3849943512441,0.193903344917251,3.19570474562096,2016
"Maumee",2016-02-16,2016,0.419553454122513,0.186468201832228,2.94020396817602,2016
"Maumee",2016-02-17,2016,0.348747111238781,0.137876764908355,2.48718870030758,2016
"Maumee",2016-02-18,2016,0.340387162597279,0.153723234721352,2.6544708567062,2016
"Maumee",2016-02-19,2016,0.464252389352317,0.202649852495059,3.30135032428315,2016
"Maumee",2016-02-20,2016,0.737505518960771,0.126355840661111,3.74941616982154,2016
"Maumee",2016-02-21,2016,0.393402008108753,0.159727131111825,2.52013917976434,2016
"Maumee",2016-02-22,2016,0.415658234011171,0.17717284580688,2.83047043361779,2016
"Maumee",2016-02-23,2016,0.340129293534705,0.126355840661111,2.78498587579592,2016
"Maumee",2016-02-24,2016,0.306413035931972,0.090531124252628,2.08453716868872,2016
"Maumee",2016-02-25,2016,4.22776419836158,0.542653514375465,22.0514655387121,2016
"Maumee",2016-02-26,2016,8.15584443576565,0.97645548467712,43.4888861488072,2016
"Maumee",2016-02-27,2016,10.0822583123498,0.987560219239776,50.0729607458983,2016
"Maumee",2016-02-28,2016,8.10944377132257,1.0877474878583,18.5203322274822,2016
"Maumee",2016-02-29,2016,6.75358521342793,0.982993074338833,28.4645198838116,2016
"Maumee",2016-03-01,2016,4.22414534614236,1.06328601390311,17.6364878504425,2016
"Maumee",2016-03-02,2016,4.11038050070802,1.16429594354906,18.9406000816642,2016
"Maumee",2016-03-03,2016,3.74627476682017,1.0096038649114,21.803147295427,2016
"Maumee",2016-03-04,2016,3.02467198890996,0.824544890593805,20.814730774746,2016
"Maumee",2016-03-05,2016,2.30283433974731,0.747673486930944,17.1777983622384,2016
"Maumee",2016-03-06,2016,2.01969313041117,0.730449595085414,15.777711253845,2016
"Maumee",2016-03-07,2016,2.30919897010999,0.689596404772572,17.334808707127,2016
"Maumee",2016-03-08,2016,2.53396722475169,0.542992976732506,18.0193224871232,2016
"Maumee",2016-03-09,2016,2.23753621704838,0.57610982332641,13.5664571299445,2016
"Maumee",2016-03-10,2016,2.5294079088925,0.613800542904011,19.4125873196059,2016
"Maumee",2016-03-11,2016,8.10583466462927,1.18545882202404,37.7163083112384,2016
"Maumee",2016-03-12,2016,11.8243398475536,1.12162984075645,48.2300831525275,2016
"Maumee",2016-03-13,2016,15.2917816614695,2.05481899610696,54.6491199185211,2016
"Maumee",2016-03-14,2016,25.2182279072649,2.79505353416869,136.757976493254,2016
"Maumee",2016-03-15,2016,26.7307070263893,3.90657765871054,131.244816264659,2016
"Maumee",2016-03-16,2016,22.6852617396742,3.55660318207273,103.929811542115,2016
"Maumee",2016-03-17,2016,17.8120420826442,3.18315789069466,64.6938946546895,2016
"Maumee",2016-03-18,2016,13.196006447035,2.78087562887823,61.1416844349309,2016
"Maumee",2016-03-19,2016,9.6976138214088,2.00374537237056,47.5761080721831,2016
"Maumee",2016-03-20,2016,5.62837640303167,1.44512367104867,28.5602072883567,2016
"Maumee",2016-03-21,2016,3.56540302499745,1.02482156480901,18.6371121714553,2016
"Maumee",2016-03-22,2016,2.33402083823523,0.62561383292903,13.936751232019,2016
"Maumee",2016-03-23,2016,1.68464464031334,0.54258684519183,9.37275018065241,2016
"Maumee",2016-03-24,2016,1.65222824829833,0.521295521500676,9.99216072128396,2016
"Maumee",2016-03-25,2016,9.64604030791996,1.47294884657779,47.4183050368175,2016
"Maumee",2016-03-26,2016,11.818952216359,1.51911681450225,54.0515166571792,2016
"Maumee",2016-03-27,2016,7.29328112039191,1.2440564810903,43.1303405025058,2016
"Maumee",2016-03-28,2016,40.03378540563,3.66189818684727,130.615122257303,2016
"Maumee",2016-03-29,2016,36.641383325818,4.59417956072947,111.492894217703,2016
"Maumee",2016-03-30,2016,24.3319549641934,3.0591980630185,86.436508234268,2016
"Maumee",2016-03-31,2016,18.450531427148,2.59158407886565,74.0728882242942,2016
"Maumee",2016-04-01,2016,35.6527221475824,4.68274559550336,131.26587312486,2016
"Maumee",2016-04-02,2016,38.3867703205056,4.70237936426194,142.990719443883,2016
"Maumee",2016-04-03,2016,20.174461954295,3.53285508877056,82.2783356200512,2016
"Maumee",2016-04-04,2016,12.8717520035896,2.6973495397296,50.2546189802066,2016
"Maumee",2016-04-05,2016,6.91480539784904,1.86477988134413,30.1388748390213,2016
"Maumee",2016-04-06,2016,4.07377336943985,1.26111183106487,18.4198758355536,2016
"Maumee",2016-04-07,2016,5.131710557555,1.14270980750459,26.1879733866647,2016
"Maumee",2016-04-08,2016,9.35580003342634,1.68582647222304,24.7612474200403,2016
"Maumee",2016-04-09,2016,10.1512823249481,1.97567091797746,35.3787668507922,2016
"Maumee",2016-04-10,2016,9.53271462959223,1.74979083067085,45.3122917192472,2016
"Maumee",2016-04-11,2016,8.51144518665441,1.50785509134204,41.1803161524939,2016
"Maumee",2016-04-12,2016,8.62107164955228,1.7196979514521,41.5159404441466,2016
"Maumee",2016-04-13,2016,7.4997326794441,1.57045684313146,38.4281174472371,2016
"Maumee",2016-04-14,2016,5.19664878899107,1.23796722639744,28.3607037320141,2016
"Maumee",2016-04-15,2016,3.60978031709544,0.991450274358298,18.6347585657798,2016
"Maumee",2016-04-16,2016,1.65952197931678,0.569195800832736,9.29686474693469,2016
"Maumee",2016-04-17,2016,1.77944332629128,0.613601146996992,10.0825824836097,2016
"Maumee",2016-04-18,2016,1.70792502992359,0.570443554361318,9.95721995262033,2016
"Maumee",2016-04-19,2016,1.02808774316324,0.34119942567863,9.08667944175721,2016
"Maumee",2016-04-20,2016,0.806308116472132,0.251410103131622,8.36836486138115,2016
"Maumee",2016-04-21,2016,0.550092938967694,0.169694479887206,6.75949678217372,2016
"Maumee",2016-04-22,2016,0.581174234707127,0.108921543318605,7.76455001656911,2016
"Maumee",2016-04-23,2016,0.460200860247744,0.07400891027376,6.65407384188624,2016
"Maumee",2016-04-24,2016,0.432427334646828,0.0559776484979712,5.95462235897169,2016
"Maumee",2016-04-25,2016,0.550831804782659,0.06483425197536,7.49743289843063,2016
"Maumee",2016-04-26,2016,0.696158392229315,0.0992331041554944,8.65618000864082,2016
"Maumee",2016-04-27,2016,1.14490438576956,0.128640942221299,13.4020472532372,2016
"Maumee",2016-04-28,2016,0.920832317791626,0.0801498148948224,11.1497298053686,2016
"Maumee",2016-04-29,2016,0.940101546793813,0.052112059134912,12.7153424289185,2016
"Maumee",2016-04-30,2016,1.14392820212661,0.0854588838301632,15.4070159133809,2016
"Maumee",2016-05-01,2016,3.0593918861701,0.21030763395479,23.0111602818866,2016
"Maumee",2016-05-02,2016,10.7229247013271,0.920646378050112,54.9955930737105,2016
"Maumee",2016-05-04,2016,21.2769786032008,3.61016687603174,100.32370598149,2016
"Maumee",2016-05-07,2016,6.4100279311488,1.8593974151424,32.7351808086912,2016
"Maumee",2016-05-08,2016,3.50621188107201,1.18854640036339,21.1391466921775,2016
"Maumee",2016-05-09,2016,2.18876357042905,0.879707013909696,11.9395061390331,2016
"Maumee",2016-05-10,2016,1.51958764437403,0.73999123971575,4.66924049848812,2016
"Maumee",2016-05-11,2016,1.284452161776,0.626812654946688,7.95332778571699,2016
"Maumee",2016-05-12,2016,5.02546189802066,1.53449218260173,37.9786815193928,2016
"Maumee",2016-05-13,2016,4.36058358579391,1.52485879138841,35.5074261423301,2016
"Maumee",2016-05-14,2016,9.12131479624015,2.66084119574515,55.1453234971404,2016
"Maumee",2016-05-15,2016,10.432622202262,2.32180019338176,61.2121784316699,2016
"Maumee",2016-05-16,2016,6.69461319092485,2.15470995724266,37.1245928698695,2016
"Maumee",2016-05-17,2016,4.75078669637595,1.80491217772764,26.0100737040393,2016
"Maumee",2016-05-18,2016,2.75570623828873,1.17097998794139,16.1335020560814,2016
"Maumee",2016-05-19,2016,1.97506025272111,0.852470103878588,12.2837860751662,2016
"Maumee",2016-05-20,2016,1.6115862246393,0.64497847837752,9.28769008863629,2016
"Maumee",2016-05-21,2016,1.43627196072238,0.596670844217011,9.78540184515898,2016
"Maumee",2016-05-22,2016,1.0619850473564,0.414939212642304,6.90484783537584,2016
"Maumee",2016-05-23,2016,0.88361745715777,0.3639281125032,6.34108343225576,2016
"Maumee",2016-05-24,2016,0.777492349688517,0.331951370113843,5.91288378015283,2016
"Maumee",2016-05-25,2016,0.735675480452183,0.255716076093005,5.38479044849693,2016
"Maumee",2016-05-26,2016,0.686499311972759,0.177034206525926,6.92892213875084,2016
"Maumee",2016-05-27,2016,0.493364191777027,0.060675073546752,5.84376802097155,2016
"Maumee",2016-05-28,2016,0.405385335134237,0.011376576290016,6.39363587498899,2016
"Maumee",2016-05-29,2016,0.409957984830159,0.0079758362807424,6.40459653343615,2016
"Maumee",2016-05-30,2016,0.381333866464333,0.0356982556369152,5.46055817474671,2016
"Maumee",2016-05-31,2016,0.42947187138697,0.0917955144949248,3.62592282254953,2016
"Maumee",2016-06-01,2016,0.319718492382643,0.0828899795066112,2.85082322374524,2016
"Maumee",2016-06-02,2016,0.317908026478426,0.117876009817843,3.2290882689494,2016
"Maumee",2016-06-03,2016,0.29899599750599,0.100652117972314,3.02844460840226,2016
"Maumee",2016-06-04,2016,0.257037226887974,0.0723697046577792,2.43811039485001,2016
"Maumee",2016-06-05,2016,0.30694736803127,0.07523219804688,2.80164705526581,2016
"Maumee",2016-06-06,2016,1.04093987634937,0.372357924468634,10.741861196055,2016
"Maumee",2016-06-07,2016,0.918030988791181,0.768395981807597,12.4695839152987,2016
"Maumee",2016-06-08,2016,0.56456687989925,0.402608471889254,9.90050833145848,2016
"Maumee",2016-06-09,2016,0.682704673300541,0.499223740210272,8.72020689068592,2016
"Maumee",2016-06-10,2016,0.528851770075238,0.460347654780518,10.8894141672487,2016
"Maumee",2016-06-11,2016,0.434183975889028,0.222100128087667,6.63251951132387,2016
"Maumee",2016-06-12,2016,0.370333247283256,0.0524056482004608,5.85196404905146,2016
"Maumee",2016-06-13,2016,0.311617608907315,0.0851625763473408,4.93749391504696,2016
"Maumee",2016-06-14,2016,0.537757305063552,-0.027401646117888,7.48064939018342,2016
"Maumee",2016-06-15,2016,0.432212035998758,-0.088810692328512,4.66256134724688,2016
"Maumee",2016-06-16,2016,0.468568148615885,-0.083672883681408,6.77192538594862,2016
"Maumee",2016-06-17,2016,0.61103224267344,-0.13578494281632,8.51824207934381,2016
"Maumee",2016-06-18,2016,1.01728611212659,-0.24221097907776,14.8717541153745,2016
"Maumee",2016-06-19,2016,0.50093634309264,-0.08134863691248,7.63392734815536,2016
"Maumee",2016-06-20,2016,0.320489163679709,0.0090278637656256,4.98939937446908,2016
"Maumee",2016-06-27,2016,5.91048613611752,2.25363859866351,67.4603327694276,2016
"Maumee",2016-06-28,2016,3.08043311547209,1.02918870215905,21.2563131950869,2016
"Maumee",2016-06-29,2016,2.31252277891042,0.914040624075264,14.1219276419628,2016
"Maumee",2016-06-30,2016,1.65427309613987,0.608595453429385,12.282562787393,2016
"Maumee",2016-07-01,2016,1.36221607619813,0.453849550129705,11.9936417879865,2016
"Maumee",2016-07-02,2016,0.834086535224141,0.215787963178368,8.57426865935271,2016
"Maumee",2016-07-03,2016,0.689493920441357,0.0755160008102438,6.58630859240648,2016
"Maumee",2016-07-04,2016,0.48719392824941,0.0969180320448648,5.25671833509013,2016
"Maumee",2016-07-06,2016,0.362856023098838,0.101459487902573,4.89034731690401,2016
"Maumee",2016-07-07,2016,0.456877432025732,0.066006161662009,8.04127239030214,2016
"Maumee",2016-07-08,2016,0.590037688596045,0.0459173298518323,8.74151167054258,2016
"Maumee",2016-07-09,2016,0.289871347211756,0.0189320908919144,5.86053391387483,2016
"Maumee",2016-07-10,2016,0.26353704414167,0.0296109038361427,5.0953532216501,2016
"Maumee",2016-07-11,2016,0.2392250477971,0.0437560793826294,4.65700479360295,2016
"Maumee",2016-07-12,2016,0.247103934444196,0.113944852230145,4.24947272434775,2016
"Maumee",2016-07-13,2016,0.221865256835228,0.0927800164947318,4.11660899273364,2016
"Maumee",2016-07-14,2016,0.274864493194718,0.0833665724230188,6.20100181346513,2016
"Maumee",2016-07-15,2016,0.248844526150813,0.0510688393219953,6.03076566175199,2016
"Maumee",2016-07-16,2016,0.113850194222261,0.0151489511247635,2.97502094011701,2016
"Maumee",2016-07-17,2016,0.16210520254277,0.0120077927809459,3.88151901644077,2016
"Maumee",2016-07-18,2016,0.153672685752149,0.023558891459927,3.11811744676909,2016
"Maumee",2016-07-19,2016,0.115777826629388,0.0452029297923303,1.85332012148554,2016
"Maumee",2016-07-20,2016,0.0765208093870846,0.0216228346776691,1.44272358043781,2016
"Maumee",2016-07-21,2016,0.125191393029878,0.0371747367948983,2.60551169947772,2016
"Maumee",2016-07-22,2016,0.0620983444050217,0.0189903193899149,1.23816882422245,2016
"Maumee",2016-07-23,2016,0.069248510370419,0.0130196964268708,1.2376848915794,2016
"Maumee",2016-07-24,2016,0.0588168504878718,0.00454769462535091,1.31352579762219,2016
"Maumee",2016-07-25,2016,0.15140019764811,0.0377546023835299,2.2915771019756,2016
"Maumee",2016-07-26,2016,0.205093492150644,0.110703873604041,3.35141411037075,2016
"Maumee",2016-07-27,2016,0.153723234721352,0.0521560974947443,2.85486007339653,2016
"Maumee",2016-07-28,2016,0.0992751852548897,0.0309217790138181,1.35974454558132,2016
"Maumee",2016-07-29,2016,0.0891752320849018,0.017554179544272,1.26881609745998,2016
"Maumee",2016-07-30,2016,0.0788903178036181,0.00876559086706867,1.18335476705427,2016
"Maumee",2016-07-31,2016,0.0970174853408195,0.00530564372957607,0.450979717013965,2016
"Maumee",2016-08-01,2016,0.146774715512475,0.0254896473285014,1.95433310935092,2016
"Maumee",2016-08-02,2016,0.147527477876543,0.0605958044990538,1.42516670966044,2016
"Maumee",2016-08-03,2016,0.15384984500587,0.043528248830929,1.65557442967292,2016
"Maumee",2016-08-04,2016,0.132040581271577,0.0252645623782474,1.79777307028371,2016
"Maumee",2016-08-05,2016,0.136781163912993,0.00218674922322931,1.7012908956724,2016
"Maumee",2016-08-06,2016,0.0848721460826639,0.00569611718675597,1.25233205005963,2016
"Maumee",2016-08-07,2016,0.109124706951965,0.00317222985325478,1.45288127279069,2016
"Maumee",2016-08-08,2016,0.0991330881471641,0.0142116680329989,1.03155258345183,2016
"Maumee",2016-08-09,2016,0.0943008078542746,0.0337911228144484,0.609026050725523,2016
"Maumee",2016-08-10,2016,0.0539220846555313,0.0188993067795948,0.53095239983924,2016
"Maumee",2016-08-11,2016,0.0560030928836521,0.0167614890672902,0.468828708911559,2016
"Maumee",2016-08-12,2016,0.0759990526860935,0.0146011628599603,0.72859802671202,2016
"Maumee",2016-08-13,2016,0.0705083499821998,0.00927741447134208,0.642615575714961,2016
"Maumee",2016-08-14,2016,0.0496018726244698,0.00320012081448192,0.5664213841633,2016
"Maumee",2016-08-15,2016,0.0499474514203762,0.0099040436331228,NA,2016
"Maumee",2016-08-16,2016,0.194321709335658,0.0604842406541453,1.35124367418835,2016
"Maumee",2016-08-17,2016,0.252163648399864,0.0495321452214019,1.91074002626802,2016
"Maumee",2016-08-18,2016,0.278102242341101,0.0638605149079565,1.95083572960757,2016
"Maumee",2016-08-19,2016,0.320340901201607,0.0487475284437228,2.37934365022932,2016
"Maumee",2016-08-20,2016,0.2763456010989,0.0197389715070643,2.09035708259811,2016
"Maumee",2016-08-21,2016,0.441871116255314,0.0239568677487821,3.55892579779129,2016
"Maumee",2016-08-22,2016,0.236861786303461,0.0368943592372992,2.1214256561447,2016
"Maumee",2016-08-23,2016,0.310914490279499,0.0933882351755271,2.85403557743745,2016
"Maumee",2016-08-24,2016,0.302938556135734,0.0756755175358587,2.45945431991541,2016
"Maumee",2016-08-25,2016,0.264754215475925,0.0469184685653537,2.55593943041737,2016
"Maumee",2016-08-26,2016,0.230538171420605,0.0504239220080064,2.25697474907837,2016
"Maumee",2016-08-27,2016,0.595378807671042,0.0307094162564045,6.53342830855005,2016
"Maumee",2016-08-28,2016,0.40424156106637,0.0671193535355482,3.66105564739354,2016
"Maumee",2016-08-29,2016,0.267315780072838,0.0450894086869847,2.3890229555104,2016
"Maumee",2016-08-30,2016,0.192697574625042,0.0733718220015191,1.62576510855998,2016
"Maumee",2016-08-31,2016,0.149352378576483,0.0518468503456996,1.60390740262987,2016
"Maumee",2016-09-01,2016,0.184309637159291,0.0468431140385295,2.1421716381466,2016
"Maumee",2016-09-02,2016,0.231029541653312,0.0558249821838858,2.58942032745255,2016
"Maumee",2016-09-03,2016,0.220060271260234,0.0301770414175427,2.61611735981312,2016
"Maumee",2016-09-04,2016,0.236958964284158,0.0189188793839647,2.66283227329303,2016
"Maumee",2016-09-05,2016,0.263589156200805,0.0277237785648096,2.42120999466004,2016
"Maumee",2016-09-06,2016,0.193317928320547,0.0576530634320364,1.60347582670351,2016
"Maumee",2016-09-07,2016,0.140550749651618,0.0385617004720618,1.24062298415288,2016
"Maumee",2016-09-08,2016,0.182437835606129,0.043875662558495,2.15556884118026,2016
"Maumee",2016-09-09,2016,0.0913006211934314,0.0146471584802296,0.847093998773281,2016
"Maumee",2016-09-10,2016,0.193745540794519,0.024700626714839,2.14123557834261,2016
"Maumee",2016-09-11,2016,0.235177172245342,0.016135655042562,2.06334688856762,2016
"Maumee",2016-09-12,2016,1.022792538156,0.178874031336699,13.0967896533832,2016
"Maumee",2016-09-13,2016,0.57161350678753,0.176344272221887,4.41290788535746,2016
"Maumee",2016-09-14,2016,0.407516302435012,0.143491655786976,3.16255609354495,2016
"Maumee",2016-09-15,2016,0.345856139710322,0.0938369371307075,2.22080751209341,2016
"Maumee",2016-09-16,2016,0.231121239304785,0.0579251226327782,1.87484313588092,2016
"Maumee",2016-09-17,2016,0.301773643655148,0.0385345434834985,2.67092554519999,2016
"Maumee",2016-09-18,2016,0.617498052527043,0.0648048930688051,4.98071892443102,2016
"Maumee",2016-09-19,2016,0.940079935376487,0.310085780773642,6.40779746977581,2016
"Maumee",2016-09-20,2016,0.794504857406852,0.393414240986485,6.41457122193817,2016
"Maumee",2016-09-21,2016,0.670230563220482,0.307113735168415,5.47385069153116,2016
"Maumee",2016-09-22,2016,0.536469427696011,0.213703480812971,4.07141976376437,2016
"Maumee",2016-09-23,2016,0.330679640144908,0.102191013990899,2.9792611001962,2016
"Maumee",2016-09-24,2016,0.222286850733356,0.0386891670580209,2.27035066690477,2016
"Maumee",2016-09-25,2016,0.155121697303582,0.026891535116497,1.64746036187381,2016
"Maumee",2016-09-26,2016,0.187483041368808,0.027957997397103,1.83152292752394,2016
"Maumee",2016-09-27,2016,0.135348473738871,0.0380667582390574,1.19381583477488,2016
"Maumee",2016-09-28,2016,0.0696911937497556,0.0159462900952831,0.581153683472539,2016
"Maumee",2016-09-29,2016,0.309796649912422,0.0638512179208808,3.34391193111576,2016
"Maumee",2016-09-30,2016,0.472575639360626,0.0712100278488614,3.97805110119321,2016
"Maumee",2016-10-01,2016,0.586458837887006,0.0977431396478343,4.40694068760018,2017
"Maumee",2016-10-02,2016,0.750834462536686,0.123424843156716,6.32552321178167,2017
"Maumee",2016-10-03,2016,NA,0.190408819512038,5.08074200064623,2017
"Maumee",2016-10-04,2016,0.8530156902254,0.418731404738976,6.03571410545181,2017
"Maumee",2016-10-05,2016,0.647577475580291,0.287724623964463,4.15821203126723,2017
"Maumee",2016-10-06,2016,0.550906669994374,0.258945555814042,3.38571314226859,2017
"Maumee",2016-10-07,2016,0.501933811942842,0.203758151217506,3.43806007265595,2017
"Maumee",2016-10-08,2016,0.383804287966897,0.120486505925681,2.81281224742863,2017
"Maumee",2016-10-09,2016,0.297645977119575,0.0634749346018691,2.20618286210821,2017
"Maumee",2016-10-10,2016,0.253930293417632,0.0601085553869338,2.06183686214048,2017
"Maumee",2016-10-11,2016,0.216130483754842,0.0663829342961299,1.70588703249357,2017
"Maumee",2016-10-12,2016,0.179511364266494,0.0425508419002061,1.53714916364494,2017
"Maumee",2016-10-13,2016,0.136671826451832,0.0207741176206785,1.30330253704467,2017
"Maumee",2016-10-14,2016,0.118761670165582,0.00913551308966016,1.22415875401446,2017
"Maumee",2016-10-15,2016,0.104432811163918,0.00965345313279917,1.07767640427976,2017
"Maumee",2016-10-16,2016,0.104432811163918,0.00702069318749031,1.12682125659219,2017
"Maumee",2016-10-17,2016,0.117600688516373,0.0160961836237494,1.28999414470334,2017
"Maumee",2016-10-18,2016,0.113330272452929,0.0236515351206113,1.17567839162039,2017
"Maumee",2016-10-19,2016,0.0637049127032156,0.00371096578853683,0.715597902889519,2017
"Maumee",2016-10-20,2016,0.157103178838482,0.00566137581399936,2.76841277304569,2017
"Maumee",2016-10-21,2016,0.368013893665421,0.0405152910457344,3.74428814747662,2017
"Maumee",2016-10-22,2016,1.99585761280948,0.478736116586058,16.4253687324456,2017
"Maumee",2016-10-23,2016,2.59347066045352,0.847572603318471,18.844533389949,2017
"Maumee",2016-10-24,2016,1.87296721048876,0.840518854176933,12.2669424898972,2017
"Maumee",2016-10-25,2016,1.57598610386596,0.742780335838464,10.8591255619862,2017
"Maumee",2016-10-26,2016,0.880864081038031,0.412605179571191,5.79086571793521,2017
"Maumee",2016-10-27,2016,0.81619962140558,0.392489435430006,5.98100378308679,2017
"Maumee",2016-10-28,2016,0.662112336242948,0.324239763992095,4.81569740383713,2017
"Maumee",2016-10-29,2016,0.563377844183777,0.251507966153472,4.09014829957084,2017
"Maumee",2016-10-30,2016,0.59104323114555,0.278366472500095,3.9133147122397,2017
"Maumee",2016-10-31,2016,0.623780063392735,0.319081771096734,4.29355108569025,2017
"Maumee",2016-11-07,2016,0.811694374865957,0.432681778503636,11.0042625398281,2017
"Maumee",2016-11-08,2016,0.716724306271008,0.393174476582953,4.00956054765324,2017
"Maumee",2016-11-09,2016,0.712100278488614,0.417549708750142,3.4375022534314,2017
"Maumee",2016-11-10,2016,0.686235081813765,0.357907090083903,3.49033360577691,2017
"Maumee",2016-11-11,2016,0.57320133431704,0.291417485093957,2.64924986449052,2017
"Maumee",2016-11-12,2016,0.488907020446887,0.28660066715852,2.55291350578178,2017
"Maumee",2016-11-13,2016,0.373137022859247,0.213797429313947,1.84349858861271,2017
"Maumee",2016-11-14,2016,0.288891966710092,0.164916372213745,1.55228976922868,2017
"Maumee",2016-11-15,2016,0.283063897548876,0.168122799756302,1.66750368737883,2017
"Maumee",2016-11-16,2016,0.239524639127988,0.135241803045055,1.70763144085804,2017
"Maumee",2016-11-17,2016,0.210136373666554,0.120077927809459,1.44243610781113,2017
"Maumee",2016-11-18,2016,0.288688574729681,0.118871766065163,2.42992415307229,2017
"Maumee",2016-11-19,2016,0.300809888615973,0.138835333207372,2.27605803833904,2017
"Maumee",2016-11-20,2016,0.119675221474548,0.0612079377007231,0.828591037232177,2017
"Maumee",2016-11-21,2016,0.146554768370868,0.0792837271514534,0.944197114258218,2017
"Maumee",2016-11-22,2016,0.22690030930939,0.119906667521222,1.57538913943268,2017
"Maumee",2016-11-23,2016,0.22160396256689,0.120711101560826,1.87912953623793,2017
"Maumee",2016-11-24,2016,0.279375440255364,0.149321355998557,2.73836099629611,2017
"Maumee",2016-11-25,2016,0.346075450742287,0.174516680288845,2.76268778626749,2017
"Maumee",2016-11-26,2016,0.503754798121908,0.237542912935534,4.46416853620228,2017
"Maumee",2016-11-27,2016,0.436977965162834,0.193416476383549,3.96503776586276,2017
"Maumee",2016-11-28,2016,0.440266162696981,0.143565053053363,3.6752653581661,2017
"Maumee",2016-11-30,2016,3.31840784899153,1.63264879351688,17.329681772149,2017
"Maumee",2016-12-01,2016,4.30342179473156,1.60568997757286,26.6320084989907,2017
"Maumee",2016-12-02,2016,3.89148989915861,1.51580034542845,19.1533537474818,2017
"Maumee",2016-12-03,2016,2.62657897801323,1.14424197544042,14.538603923243,2017
"Maumee",2016-12-04,2016,2.07314542363031,1.03910711942351,10.4079672449574,2017
"Maumee",2016-12-05,2016,1.2489014618287,0.622317072380472,8.25014633098683,2017
"Maumee",2016-12-06,2016,1.23864492782375,0.606408214891046,8.00121950203464,2017
"Maumee",2016-12-07,2016,1.37715780237413,0.669040548874791,8.69752713537228,2017
"Maumee",2016-12-08,2016,1.71027374244798,0.814416067832371,10.6659928883661,2017
"Maumee",2016-12-09,2016,1.60620229049224,0.886227953265608,10.1194866291492,2017
"Maumee",2016-12-10,2016,1.12859306660278,0.656942232798634,6.22129909351185,2017
"Maumee",2016-12-11,2016,0.949272779886448,0.532678214229558,5.98006674465258,2017
"Maumee",2016-12-12,2016,0.985883363544556,0.533254246849834,6.73756731002759,2017
"Maumee",2016-12-13,2016,0.669592251660468,0.337884315813475,4.16360673034669,2017
"Maumee",2016-12-14,2016,0.625001455069807,0.336308721161697,3.21990627092436,2017
"Maumee",2016-12-15,2016,0.580277320111876,0.326444128559257,3.3254588797158,2017
"Maumee",2016-12-16,2016,0.594606423771094,0.331613742688462,3.37195360139654,2017
"Maumee",2016-12-17,2016,0.520307104979995,0.304953408961085,3.08726028453387,2017
"Maumee",2016-12-18,2016,0.451715891595829,0.273091655622401,2.86746238403521,2017
"Maumee",2016-12-19,2016,0.454882983640437,0.266761549159096,2.67852395642647,2017
"Maumee",2016-12-20,2016,0.44164603130506,0.294430687536707,2.70695968847523,2017
"Maumee",2016-12-21,2016,0.442377557393386,0.28678269237916,2.73053733701435,2017
"Maumee",2016-12-22,2016,0.338370205716959,0.225580137144639,2.00815361218978,2017
"Maumee",2016-12-23,2016,0.3227268016743,0.219165216062398,2.10494943778611,2017
"Maumee",2016-12-24,2016,0.28472022919368,0.195887517685252,2.03859684102675,2017
"Maumee",2016-12-25,2016,0.290163859784064,0.188026181140073,1.65741596708657,2017
"Maumee",2016-12-26,2016,0.351991270413095,0.233674876996929,2.11490553231397,2017
"Maumee",2016-12-27,2016,10.275617294208,2.46614815060992,61.1252434472602,2017
"Maumee",2016-12-28,2016,36.1577442718373,6.47877670399814,84.4092050578044,2017
"Maumee",2016-12-29,2016,20.8322971871681,4.85009136286618,17.8760510231353,2017
"Maumee",2016-12-30,2016,14.4210948997571,4.24370761373059,52.3140239462541,2017
"Maumee",2016-12-31,2016,9.8392705455361,3.5373812535311,29.3691821721742,2017
"Maumee",2017-01-01,2017,6.23885571963167,2.58527925368298,21.7077993532389,2017
"Maumee",2017-01-02,2017,4.55979294142707,2.047605132188,14.4364765202163,2017
"Maumee",2017-01-03,2017,9.41231864696175,1.99655244026461,15.0787246202842,2017
"Maumee",2017-01-04,2017,48.1611332168,7.40940511027692,171.912447414406,2017
"Maumee",2017-01-05,2017,53.9029524347597,7.00209921333888,160.057418810567,2017
"Maumee",2017-01-06,2017,25.972063094709,4.32867718245151,79.852702760487,2017
"Maumee",2017-01-07,2017,14.3457403729329,3.14140300137216,40.9691308095619,2017
"Maumee",2017-01-08,2017,6.35156456189585,1.79891806763935,17.3111269432063,2017
"Maumee",2017-01-09,2017,3.88222607677363,1.3102513009111,-0.718211824203122,2017
"Maumee",2017-01-10,2017,2.5075442088523,0.935864077947725,11.7518809788092,2017
"Maumee",2017-01-11,2017,3.1927810878432,1.33216038492768,16.8336630459043,2017
"Maumee",2017-01-12,2017,30.0054227059883,4.48327017477955,122.759301210872,2017
"Maumee",2017-01-13,2017,70.4778901166491,8.71091805886203,257.628384781961,2017
"Maumee",2017-01-14,2017,66.4810104418938,8.13131887512322,215.683913038804,2017
"Maumee",2017-01-15,2017,35.8328607866348,5.67284753489395,125.140762508157,2017
"Maumee",2017-01-16,2017,23.6427418562564,4.83813848211416,74.2452086952677,2017
"Maumee",2017-01-17,2017,18.263285214292,3.77076009488694,45.6404264315089,2017
"Maumee",2017-01-18,2017,43.908611814664,7.36260823651621,139.66066711858,2017
"Maumee",2017-01-19,2017,35.4727887490342,6.17087517150384,95.3779127385067,2017
"Maumee",2017-01-20,2017,27.0673079774079,5.23701728550403,55.5987283142041,2017
"Maumee",2017-01-21,2017,41.4471990110239,7.00042330908971,149.042532016429,2017
"Maumee",2017-01-22,2017,47.0684240737339,7.0398254082619,112.410115389988,2017
"Maumee",2017-01-23,2017,31.7923385536021,6.13397265701472,75.9235595199883,2017
"Maumee",2017-01-24,2017,25.9237481208219,5.80770549741997,69.2012669966211,2017
"Maumee",2017-01-25,2017,25.7309072013356,6.0432556745731,90.6184669996287,2017
"Maumee",2017-01-26,2017,18.1976680581419,4.27152517769134,85.8673640833634,2017
"Maumee",2017-01-27,2017,11.6243776942169,3.46117042526573,61.0491549477721,2017
"Maumee",2017-01-28,2017,8.3219655561467,2.51495733275741,44.5345253530975,2017
"Maumee",2017-01-29,2017,5.97703886275656,2.02840685387666,27.4060303812669,2017
"Maumee",2017-01-30,2017,3.57492150871261,1.24660363807567,19.7668624682915,2017
"Maumee",2017-01-31,2017,2.89517963839857,1.00994638548787,14.8394788907685,2017
"Maumee",2017-02-01,2017,1.81656521705438,0.737691458702285,10.4198918541698,2017
"Maumee",2017-02-02,2017,1.60150633338879,0.647603653938636,7.62247003487232,2017
"Maumee",2017-02-03,2017,1.22162410174856,0.521512043436518,7.26544860513615,2017
"Maumee",2017-02-04,2017,1.08823680296755,0.489706561335398,6.5702296979166,2017
"Maumee",2017-02-05,2017,0.872901456265238,0.40898180118721,4.8528437603557,2017
"Maumee",2017-02-06,2017,0.712192759044262,0.349370988003072,3.9688544237149,2017
"Maumee",2017-02-07,2017,0.758460438514316,0.384393716947498,4.39471025644453,2017
"Maumee",2017-02-08,2017,10.208079576254,2.07494072076614,42.8192312376286,2017
"Maumee",2017-02-09,2017,24.7889480920583,4.48860982590922,96.5882336612317,2017
"Maumee",2017-02-10,2017,20.1114653523966,3.98900550728064,58.6658913398343,2017
"Maumee",2017-02-11,2017,14.8580193120996,3.2233632821712,50.7837724945992,2017
"Maumee",2017-02-12,2017,12.0411701878355,2.71634108240729,32.3410374881919,2017
"Maumee",2017-02-13,2017,13.0527160220867,3.1415559123438,53.3166917694919,2017
"Maumee",2017-02-14,2017,11.607689602416,3.07563905068923,57.2600455362884,2017
"Maumee",2017-02-15,2017,7.6709929676809,1.91774824192022,43.2593701783972,2017
"Maumee",2017-02-16,2017,6.05894434026336,1.62207958715712,28.171705771067,2017
"Maumee",2017-02-17,2017,4.47911735744736,1.15946884999633,20.281785883782,2017
"Maumee",2017-02-18,2017,2.70898300645197,0.640758135560256,11.3912557432934,2017
"Maumee",2017-02-19,2017,2.12469428107448,0.640611341027482,9.53443212562568,2017
"Maumee",2017-02-20,2017,1.77144963000905,0.524553136840495,8.67678262131571,2017
"Maumee",2017-02-21,2017,1.58544211835218,0.616057508845417,10.3008439346653,2017
"Maumee",2017-02-22,2017,1.24055081017427,0.490450320301455,7.47936738459719,2017
"Maumee",2017-02-23,2017,1.09736742290612,0.429692063186131,6.26028282826563,2017
"Maumee",2017-02-24,2017,1.37399682676838,0.439678984565883,9.13707889800976,2017
"Maumee",2017-02-25,2017,1.240854185542,0.455503435198963,8.43466705868425,2017
"Maumee",2017-02-26,2017,1.09156414571044,0.427465679439053,7.53408260011331,2017
"Maumee",2017-02-27,2017,0.888178689501143,0.320938518055035,5.65001065506189,2017
"Maumee",2017-02-28,2017,0.784783144816312,0.238237740390666,4.32331428885415,2017
"Maumee",2017-03-01,2017,1.12004228506867,0.21600815497753,6.45624374321728,2017
"Maumee",2017-03-02,2017,4.91688287527853,0.875996374331232,28.257947559072,2017
"Maumee",2017-03-03,2017,10.5985652663117,1.37986860807936,24.9697500249254,2017
"Maumee",2017-03-04,2017,7.93286761810724,1.52012018231793,20.5590024657753,2017
"Maumee",2017-03-05,2017,4.69983981884494,1.15719598131387,17.8756326587169,2017
"Maumee",2017-03-06,2017,3.69078154028035,0.978679150006925,20.6269071700612,2017
"Maumee",2017-03-13,2017,0.908898900907286,0.329759238424412,5.43415744986896,2017
"Maumee",2017-03-16,2017,0.953670744088369,0.271261617113814,6.33475658789318,2017
"Maumee",2017-03-17,2017,0.75776169653831,0.219800347074202,4.24764170720895,2017
"Maumee",2017-03-18,2017,0.7181445433756,0.21336585338759,3.35208985453662,2017
"Maumee",2017-03-19,2017,0.681273426605991,0.228118703931418,3.92117555946977,2017
"Maumee",2017-03-20,2017,0.761041575715599,0.213732839719526,5.90055303939978,2017
"Maumee",2017-03-23,2017,0.775761152831998,0.0481241409945408,9.73070130909615,2017
"Maumee",2017-03-24,2017,1.17049263009258,0.0208643962583347,13.3532136053342,2017
"Maumee",2017-03-25,2017,0.881236939151278,0.0164409876707328,9.66730075039089,2017
"Maumee",2017-03-26,2017,0.933235477180845,0.00914040624075264,10.3195186458097,2017
"Maumee",2017-03-27,2017,0.987989593248141,0.0093826172198304,11.4843234770724,2017
"Maumee",2017-03-28,2017,1.76709790608495,0.072540964946016,11.4034396895137,2017
"Maumee",2017-03-29,2017,1.58647701980824,0.0495774068690074,14.2535044748396,2017
"Maumee",2017-03-30,2017,1.7548943872603,1.27200398539673,12.9084848888409,2017
"Maumee",2017-03-31,2017,40.8992480489469,2.92187177760804,153.606973451394,2017
"Maumee",2017-04-01,2017,61.3059937301991,4.8337264908791,212.312140483998,2017
"Maumee",2017-04-02,2017,38.1990038025835,4.31075737578394,132.291450409671,2017
"Maumee",2017-04-03,2017,22.3349181359509,3.71607301498961,88.8999005893668,2017
"Maumee",2017-04-04,2017,15.9581260840923,3.29589065503085,68.8001509358151,2017
"Maumee",2017-04-05,2017,13.9931888367197,3.10959751927104,56.3519745565459,2017
"Maumee",2017-04-10,2017,24.3361848214711,4.20125952800333,98.1331237899049,2017
"Maumee",2017-04-12,2017,15.7387837903287,2.65214905651282,63.5908411183722,2017
"Maumee",2017-04-13,2017,11.0734761620312,2.24944272160171,61.5396321804046,2017
"Maumee",2017-04-14,2017,6.95558981220486,1.62305821737562,40.3146718509427,2017
"Maumee",2017-04-15,2017,4.11870228277101,1.26698361237585,20.9152850296965,2017
"Maumee",2017-04-16,2017,3.44474411704827,1.03886490844443,17.0175965954706,2017
"Maumee",2017-04-17,2017,2.70465338326031,1.03092169317097,14.7967584196304,2017
"Maumee",2017-04-18,2017,1.90186996662513,0.730596389618189,10.5878492654192,2017
"Maumee",2017-04-19,2017,1.63514430057404,0.53814875715095,10.4214576625194,2017
"Maumee",2017-04-20,2017,1.82181801475215,0.600487502069146,11.2362407166837,2017
"Maumee",2017-04-21,2017,2.07244521370898,0.637675450371994,18.9044201224864,2017
"Maumee",2017-04-22,2017,3.18331284047925,0.887152758822086,19.4477800855508,2017
"Maumee",2017-04-23,2017,1.8135241236504,0.412859623428,14.1442648767,2017
"Maumee",2017-04-24,2017,1.77438870121275,0.452611039219853,13.378875464397,2017
"Maumee",2017-04-25,2017,1.34823438626648,0.352086686859398,11.3784112216757,2017
"Maumee",2017-04-26,2017,1.21090810085603,0.240522841950854,11.4538636115217,2017
"Maumee",2017-04-27,2017,1.18316393416166,0.0305332628170752,13.5109687965558,2017
"Maumee",2017-04-28,2017,0.79768149109609,0.0181291247976384,11.8201893680602,2017
"Maumee",2017-04-29,2017,0.956659970090765,0.0143858642118912,13.5658699518134,2017
"Maumee",2017-04-30,2017,0.963706107663936,0.0074131239051072,13.0322718251785,2017
"Maumee",2017-05-01,2017,3.37199274660528,0.12069772694784,37.5068186490413,2017
"Maumee",2017-05-02,2017,20.3741025188682,2.98677942684979,114.030971689372,2017
"Maumee",2017-05-03,2017,24.5127297128878,4.9420826034048,123.700327563222,2017
"Maumee",2017-05-04,2017,20.6230415806981,5.25512194454621,100.288923832474,2017
"Maumee",2017-05-05,2017,70.3703359372191,13.15898812797,352.002932423199,2017
"Maumee",2017-05-06,2017,108.686427408611,18.7793973936563,387.291821602883,2017
"Maumee",2017-05-07,2017,95.1404725817441,18.8465694844869,395.617790028465,2017
"Maumee",2017-05-08,2017,61.097719472365,14.9967129613987,130.588661013661,2017
"Maumee",2017-05-09,2017,38.2157818739962,11.2348651975432,21.9812579951933,2017
"Maumee",2017-05-10,2017,22.8116529197599,7.51305292408474,19.6001147527288,2017
"Maumee",2017-05-11,2017,16.7261360506471,5.71593444868051,21.6221618693939,2017
"Maumee",2017-05-12,2017,18.0826398622598,4.97388808550592,31.8886656696922,2017
"Maumee",2017-05-13,2017,12.7909416132973,4.03317978797664,22.3169281601374,2017
"Maumee",2017-05-14,2017,8.27187192183744,2.89796873452128,14.4898436726064,2017
"Maumee",2017-05-15,2017,5.23256723642715,2.07732205429782,11.0433581374527,2017
"Maumee",2017-05-16,2017,2.48586754951262,1.07064592479009,5.64858022389253,2017
"Maumee",2017-05-17,2017,2.20519640284796,0.695414633263258,4.81300127758518,2017
"Maumee",2017-05-18,2017,1.92594427000013,0.832569658385472,4.14278637244819,2017
"Maumee",2017-05-19,2017,1.13609182065201,0.435098995143322,2.70123959484812,2017
"Maumee",2017-05-20,2017,1.98661934354688,0.72653507421143,5.73281581994957,2017
"Maumee",2017-05-21,2017,1.94233632615994,0.776934530463974,5.14147851042336,2017
"Maumee",2017-05-22,2017,3.30798761189837,1.05481114417137,13.8623405396722,2017
"Maumee",2017-05-23,2017,3.73738880443622,0.944182434804941,26.1027102288783,2017
"Maumee",2017-05-24,2017,2.76585365502432,1.2039598263047,17.5550358457132,2017
"Maumee",2017-05-25,2017,2.55062840422159,1.10959540748623,15.3037704253295,2017
"Maumee",2017-05-26,2017,26.9561247109177,6.08120817773414,107.502896488118,2017
"Maumee",2017-05-27,2017,47.6253114248352,9.29337158073811,155.799126888164,2017
"Maumee",2017-05-28,2017,61.2493663799727,12.6722826993047,178.115973495783,2017
"Maumee",2017-05-29,2017,58.3211177051441,12.1055334740182,224.471823131095,2017
"Maumee",2017-05-30,2017,40.0534937949427,9.53913689040111,118.205502379533,2017
"Maumee",2017-05-31,2017,29.7191620856466,7.41899568641818,110.205451796926,2017
"Maumee",2017-06-01,2017,20.0435701625712,5.64767499094042,82.33118165185,2017
"Maumee",2017-06-02,2017,13.9322874549349,4.48805934641131,65.5353181981351,2017
"Maumee",2017-06-03,2017,5.75197250647663,2.52437664861043,27.2632678049927,2017
"Maumee",2017-06-04,2017,3.77611320218211,1.84300535898259,16.0136687858265,2017
"Maumee",2017-06-05,2017,3.01211616320665,1.47907996489667,13.8097772232699,2017
"Maumee",2017-06-06,2017,1.78428754587283,0.77668987290935,8.58557183837633,2017
"Maumee",2017-06-07,2017,1.29925394383075,0.573354979261344,6.76453672779898,2017
"Maumee",2017-06-08,2017,1.10988899655178,0.5260137424416,6.96442194992678,2017
"Maumee",2017-06-09,2017,1.36237559292374,0.614653174481875,7.71801614967963,2017
"Maumee",2017-06-10,2017,0.936916105432608,0.375671675125152,5.44950237169498,2017
"Maumee",2017-06-11,2017,0.872693497343808,0.259679528477914,6.03648477674888,2017
"Maumee",2017-06-12,2017,0.68871101626656,0.15780412273248,5.2784867410128,2017
"Maumee",2017-06-13,2017,0.752909158599898,0.101288227614336,6.49932793858656,2017
"Maumee",2017-06-14,2017,0.715182963676877,0.233427772866758,6.93826805733748,2017
"Maumee",2017-06-15,2017,1.01860726292156,0.377261949230208,10.8022671462916,2017
"Maumee",2017-06-16,2017,0.833010041983795,0.197291852048794,9.51933186135429,2017
"Maumee",2017-06-17,2017,1.19013667446845,0.202576455228672,13.3194019312852,2017
"Maumee",2017-06-18,2017,0.640195423184621,0.154207656679507,6.59354556287226,2017
"Maumee",2017-06-19,2017,0.500379067551552,0.106409725757798,4.95565294243461,2017
"Maumee",2017-06-20,2017,0.645088574277101,0.118952503058189,7.34302951570742,2017
"Maumee",2017-06-21,2017,0.6055274476944,0.133216038492768,7.22596087581984,2017
"Maumee",2017-06-22,2017,0.618420900823085,0.119074831835501,7.5670135069657,2017
"Maumee",2017-06-23,2017,0.692429811096845,0.143711847586138,8.8927149324513,2017
"Maumee",2017-06-24,2017,1.62205512140166,0.466219436091495,16.3662447877952,2017
"Maumee",2017-06-25,2017,3.38941236449451,0.573868760126054,47.0034381340746,2017
"Maumee",2017-06-26,2017,3.26572166012844,0.255215887314662,41.0637154201796,2017
"Maumee",2017-06-27,2017,1.80175609527299,0.335621233433203,20.7996843351367,2017
"Maumee",2017-06-28,2017,1.21465136144177,0.217549497571661,14.1951047165509,2017
"Maumee",2017-06-29,2017,0.973003094739648,0.23731782798528,9.75376273019501,2017
"Maumee",2017-06-30,2017,6.23471244394411,1.23360620548627,38.3862687725186,2017
"Maumee",2017-07-01,2017,38.0731737038231,5.87656572537754,206.55132496613,2017
"Maumee",2017-07-02,2017,46.6262387084417,6.96292682042631,203.334377148724,2017
"Maumee",2017-07-03,2017,23.7955359699339,4.4579053028039,114.923039006823,2017
"Maumee",2017-07-04,2017,16.7062209257007,3.49273124981222,66.6461858249053,2017
"Maumee",2017-07-05,2017,5.13443237285019,1.82685796037741,37.4602032296336,2017
"Maumee",2017-07-06,2017,4.16422816053544,1.52729925049578,27.7407414885969,2017
"Maumee",2017-07-07,2017,2.00631427669411,0.823517328864384,12.8775503876342,2017
"Maumee",2017-07-08,2017,2.58569761810139,1.09870814630546,18.2193545037837,2017
"Maumee",2017-07-09,2017,2.09531580191523,0.825866041388774,14.6016521750696,2017
"Maumee",2017-07-10,2017,4.68631270264978,1.54599108766906,19.2965817167932,2017
"Maumee",2017-07-11,2017,27.4554870904089,5.93136358077877,23.0732081561566,2017
"Maumee",2017-07-12,2017,63.9576928886531,9.31653793274373,66.4058342432427,2017
"Maumee",2017-07-13,2017,44.8110346029162,10.4753067902921,44.4687043156518,2017
"Maumee",2017-07-14,2017,27.3643358408078,9.28360430747407,41.6748699916303,2017
"Maumee",2017-07-15,2017,18.6982961327157,7.49058248690116,49.7307092927348,2017
"Maumee",2017-07-16,2017,15.5148120319482,6.87233284636631,37.0168837406549,2017
"Maumee",2017-07-17,2017,18.265278357837,6.55134213469962,58.3990732475959,2017
"Maumee",2017-07-18,2017,13.0363331405852,5.75630294519347,85.7519835806028,2017
"Maumee",2017-07-19,2017,11.5375609609586,5.53170731004864,81.7507316035045,2017
"Maumee",2017-07-20,2017,6.60810268737239,3.44981831473117,42.7340170113531,2017
"Maumee",2017-07-21,2017,2.9589912217956,1.57736107932295,20.1142321574977,2017
"Maumee",2017-07-22,2017,2.22229551934063,1.06965261511831,16.15544294558,2017
"Maumee",2017-07-23,2017,2.85967982722262,1.38830929371389,19.9940270077598,2017
"Maumee",2017-07-24,2017,7.97647239038442,3.69907543138211,53.8711958841695,2017
"Maumee",2017-07-25,2017,8.89379142569165,4.19636637691085,36.8904447164252,2017
"Maumee",2017-07-26,2017,6.71628047172494,3.38067808979443,24.9944800105468,2017
"Maumee",2017-07-27,2017,3.45802412911326,1.88394146102228,11.5887188556305,2017
"Maumee",2017-07-28,2017,3.23874245605487,1.78312786906391,13.9011193057636,2017
"Maumee",2017-07-29,2017,1.86176570027116,0.989277715273236,6.62266470502361,2017
"Maumee",2017-07-30,2017,1.38474218656747,0.703361110637445,5.83569921482005,2017
"Maumee",2017-07-31,2017,0.988272988248914,0.424735301129449,5.00660206265988,2017
"Maumee",2017-08-01,2017,0.817968495525512,0.313186135674182,3.29029669596523,2017
"Maumee",2017-08-02,2017,0.774859834400763,0.200281567366299,4.73452492036398,2017
"Maumee",2017-08-03,2017,0.407021115544453,0.101153176644184,3.14538211184056,2017
"Maumee",2017-08-04,2017,0.479303722112786,0.0668795891320167,3.82606982826079,2017
"Maumee",2017-08-05,2017,0.357093848372333,0.0685809377668719,2.65100797367805,2017
"Maumee",2017-08-06,2017,0.589556202528545,0.209086792757217,3.09517006327486,2017
"Maumee",2017-08-07,2017,0.615532310628157,0.292154828595249,9.12370537239055,2017
"Maumee",2017-08-08,2017,0.612287335928661,0.29874889337582,2.95495192556876,2017
"Maumee",2017-08-09,2017,0.468904797411047,0.227488466070706,2.43273380042959,2017
"Maumee",2017-08-10,2017,0.331505114734209,0.104496177470566,2.12055173935959,2017
"Maumee",2017-08-11,2017,0.776626261945148,0.273018258356014,5.11540290825153,2017
"Maumee",2017-08-12,2017,0.322788455378065,0.0418119760852416,3.90022112923134,2017
"Maumee",2017-08-13,2017,0.395064456192423,0.0539445442190458,3.53971406331444,2017
"Maumee",2017-08-14,2017,0.232701955454707,0.0105773616115776,2.14138685826389,2017
"Maumee",2017-08-15,2017,0.227457149903714,0.00167247904340966,1.8865563609661,2017
"Maumee",2017-08-16,2017,0.186159933313402,0.0199457071407216,1.61427256458907,2017
"Maumee",2017-08-17,2017,0.202684104552707,0.034995816613417,1.49607116022358,2017
"Maumee",2017-08-18,2017,0.223342009834939,0.0246203790369224,2.02942267204346,2017
"Maumee",2017-08-19,2017,0.154381852858399,0.0232630189238684,1.24245669252479,2017
"Maumee",2017-08-20,2017,0.150202123195203,0.0225867854428877,1.32358562695322,2017
"Maumee",2017-08-21,2017,0.225260125063191,0.0262060046484405,1.97102609430292,2017
"Maumee",2017-08-22,2017,0.509303631460781,0.100603186461389,4.2882108229167,2017
"Maumee",2017-08-23,2017,0.382937025867266,0.0746606779992783,3.23208483467844,2017
"Maumee",2017-08-24,2017,0.231377542559009,0.0423649021586918,2.10520975342423,2017
"Maumee",2017-08-25,2017,0.240175428223288,0.0548972407367516,2.14270792750634,2017
"Maumee",2017-08-26,2017,0.252270074436126,0.0460115230103626,2.05941230577416,2017
"Maumee",2017-08-27,2017,0.225094736556265,0.0425483953246598,1.68546546640911,2017
"Maumee",2017-08-28,2017,0.184146075428773,0.0353683485165911,1.47547523485518,2017
"Maumee",2017-08-29,2017,0.214415923612037,0.0640917162970762,1.46362173943868,2017
"Maumee",2017-08-30,2017,0.253346567676471,0.079259261395991,1.92769846466678,2017
"Maumee",2017-08-31,2017,1.33535071943998,0.363585591926726,9.10286109242004,2017
"Maumee",2017-09-01,2017,0.864517041868274,0.296774506910005,4.92473638278196,2017
"Maumee",2017-09-02,2017,0.536954828284385,0.158645744720387,3.49325726355467,2017
"Maumee",2017-09-03,2017,0.433843901888101,0.111632349023839,3.48851090699496,2017
"Maumee",2017-09-04,2017,0.252266098750863,0.0488256965324251,1.98187940924798,2017
"Maumee",2017-09-05,2017,0.233214309150349,0.0438255077597971,1.85475809626284,2017
"Maumee",2017-09-06,2017,0.207190696708881,0.0579104431795008,1.47864664918325,2017
"Maumee",2017-09-07,2017,0.230024586281939,0.0555764101083878,2.12579768664584,2017
"Maumee",2017-09-08,2017,0.373327855751854,0.0905037226065101,2.40117689040397,2017
"Maumee",2017-09-09,2017,0.288188984003139,0.0434257373155415,2.25419054610675,2017
"Maumee",2017-09-10,2017,0.207514623311203,0.0316547730474716,1.66890997900281,2017
"Maumee",2017-09-11,2017,0.215596287576406,0.0268780517668199,1.81684192474866,2017
"Maumee",2017-09-12,2017,0.211499116245809,0.024700626714839,1.61017210397357,2017
"Maumee",2017-09-13,2017,0.17833333814098,0.0339682548839962,1.59084660373382,2017
"Maumee",2017-09-14,2017,0.130061423983446,0.0264352487771232,0.907257738030868,2017
"Maumee",2017-09-15,2017,0.131982719759908,0.0246874152068893,0.972304352763642,2017
"Maumee",2017-09-16,2017,0.0892119307180953,0.0193573057218509,0.813006840317737,2017
"Maumee",2017-09-17,2017,0.0877586648436288,0.0166741463202895,0.907424594483122,2017
"Maumee",2017-09-18,2017,0.109072333924771,0.0191660650666531,0.893835579926641,2017
"Maumee",2017-09-19,2017,0.152654815180309,0.0501080691049868,0.732976173652017,2017
"Maumee",2017-09-20,2017,0.155576515697628,0.0398914142814432,0.707407746590926,2017
"Maumee",2017-09-21,2017,0.338058022677258,0.0905037226065101,1.72489447791231,2017
"Maumee",2017-09-22,2017,0.525898753390927,0.111321633929466,2.65252582914694,2017
"Maumee",2017-09-23,2017,0.314433889202765,0.0602664954305299,2.0359594325879,2017
"Maumee",2017-09-24,2017,0.256415796699229,0.0405837951610291,1.85947570555988,2017
"Maumee",2017-09-25,2017,0.184674535746761,0.0215363890083686,1.33740975741969,2017
"Maumee",2017-09-26,2017,0.419245185603686,0.0844313221007424,3.0249704711266,2017
"Maumee",2017-09-27,2017,0.364676764620349,0.0718706032463463,2.46489550393025,2017
"Maumee",2017-09-28,2017,0.1026778825246,0.0193573057218509,0.681713810204314,2017
"Maumee",2017-09-29,2017,0.142138699509905,0.0218674922322931,0.776295974246406,2017
"Maumee",2017-09-30,2017,0.0903001675210629,0.010514403067521,0.451500837605315,2017
"Maumee",2017-10-01,2017,0.0976012382661523,0.0126390092718758,0.480984519513053,2018
"Maumee",2017-10-02,2017,0.0962789457359278,0.010514403067521,0.613340178938726,2018
"Maumee",2017-10-03,2017,0.0631179792296726,0.013486747698648,0.462865181017599,2018
"Maumee",2017-10-04,2017,0.0714644717056704,0.0191322207715968,0.480556368792461,2018
"Maumee",2017-10-05,2017,0.0558699991739367,0.0122744695154861,0.377545751993572,2018
"Maumee",2017-10-06,2017,0.089067093445758,0.0255520350049306,0.584046514398413,2018
"Maumee",2017-10-07,2017,0.0676429207024435,0.00892510759268352,0.462226624800031,2018
"Maumee",2017-10-08,2017,0.119509098994958,0.0173645699394384,0.871292832843586,2018
"Maumee",2017-10-09,2017,0.111888423931012,0.0307028920549478,0.789123369835342,2018
"Maumee",2017-10-10,2017,0.0960202611481721,0.0130196964268708,0.790132826905721,2018
"Maumee",2017-10-11,2017,0.195806780692226,0.022824103270873,1.45353499777665,2018
"Maumee",2017-10-12,2017,0.225100608337576,0.028137576042197,2.04173286156192,2018
"Maumee",2017-10-13,2017,0.187887215649047,0.0180165823225114,1.89431494133834,2018
"Maumee",2017-10-14,2017,0.257769731606519,0.0165540194609691,2.66046741337003,2018
"Maumee",2017-10-15,2017,0.313376968566789,0.0116065543913626,2.78557305392701,2018
"Maumee",2017-10-16,2017,0.117901209545969,0.00422963980433971,1.18747137506837,2018
"Maumee",2017-10-17,2017,0.156468292484233,0.015097817695847,1.4589982009714,2018
"Maumee",2017-10-18,2017,0.201425390365677,0.0198182405547625,1.74220351058685,2018
"Maumee",2017-10-20,2017,0.0840848870033948,0.00943008078542746,0.780339184994122,2018
"Maumee",2017-10-21,2017,0.0792814763019509,0.00757949104225152,0.753401409599801,2018
"Maumee",2017-10-22,2017,0.0977290963041988,0.00650984821343539,0.823495798999577,2018
"Maumee",2017-10-23,2017,0.0854715081599818,0.0106127554044799,0.84436117388813,2018
"Maumee",2017-10-24,2017,0.154427848478669,0.0283117722210893,1.47993354792058,2018
"Maumee",2017-10-25,2017,0.139619949985051,0.0292537038063917,1.45736633508206,2018
"Maumee",2017-10-26,2017,0.106798405059578,0.0222056089727835,1.19910288453031,2018
"Maumee",2017-10-27,2017,0.208530441478002,0.0308933987374817,2.26680313236272,2018
"Maumee",2017-10-28,2017,0.139590591078496,0.0135087668785642,1.59553546576819,2018
"Maumee",2017-10-29,2017,0.106912904795142,0.00840888015242688,1.23490411381355,2018
"Maumee",2017-10-30,2017,0.106762549135739,0.00893070753226714,1.18128904176806,2018
"Maumee",2017-11-01,2017,0.0623558709470189,0.0113374310812762,0.739362469800367,2018
"Maumee",2017-11-02,2017,0.108735603577091,0.017238571298807,1.25841570481291,2018
"Maumee",2017-11-04,2017,0.121996043037711,0.0119343955145587,1.25311152902867,2018
"Maumee",2017-11-05,2017,0.472019994869902,0.092371818956928,2.61966478561848,2018
"Maumee",2017-11-06,2017,25.0251731162996,4.92257524104945,NA,2018
"Maumee",2017-11-07,2017,21.9284935159127,5.55701577486586,55.7948349363216,2018
"Maumee",2017-11-08,2017,19.4257554688001,4.63968586588954,71.001253402249,2018
"Maumee",2017-11-09,2017,10.202747264851,3.04143653619668,39.63561318685,2018
"Maumee",2017-11-10,2017,7.90259070203907,2.6458784833878,58.6123412379616,2018
"Maumee",2017-11-11,2017,5.41011250540051,2.11824510793459,23.2148213856075,2018
"Maumee",2017-11-12,2017,4.37453579449023,1.96099880442665,14.5692154764775,2018
"Maumee",2017-11-13,2017,3.40558553369545,1.59713104078693,11.6332514237231,2018
"Maumee",2017-11-15,2017,1.40015414456345,0.696995121066129,5.2393170665175,2018
"Maumee",2017-11-16,2017,1.42265285328668,0.69348673173282,5.18104942330825,2018
"Maumee",2017-11-18,2017,2.8709620200649,1.18993388053984,11.1268679160977,2018
"Maumee",2017-11-19,2017,56.680500720895,10.8874569068117,230.00824315729,2018
"Maumee",2017-11-20,2017,108.32936270507,17.8342482217084,326.098924395231,2018
"Maumee",2017-11-21,2017,82.5904017678087,17.5869419092534,255.768715525091,2018
"Maumee",2017-11-22,2017,50.2068373597885,19.4836604751451,155.841803320942,2018
"Maumee",2017-11-23,2017,28.8834553737274,12.3212806609375,81.2227198243668,2018
"Maumee",2017-11-24,2017,20.5786973989225,9.66268895548622,59.8965426257441,2018
"Maumee",2017-11-25,2017,13.4567771482066,5.51458128122496,37.8228346570973,2018
"Maumee",2017-11-26,2017,7.86818695670784,3.18661571746668,23.1521401201128,2018
"Maumee",2017-11-27,2017,4.63988730060951,2.0177164061065,15.3802476584877,2018
"Maumee",2017-11-28,2017,3.15792130083015,1.45735654877987,14.7628325720559,2018
"Maumee",2017-11-29,2017,1.73911397498706,0.861353619686986,7.68772754441718,2018
"Maumee",2017-12-02,2017,NA,0.55914037533769,NA,2018
"Maumee",2017-12-03,2017,0.85564111044407,0.452963889781966,4.06515897694154,2018
"Maumee",2017-12-04,2017,0.734154525987604,0.303493618885162,3.49075360124568,2018
"Maumee",2017-12-05,2017,0.877449640205698,0.440823981921523,4.51739623378628,2018
"Maumee",2017-12-06,2017,0.555813032594803,0.294430687536707,2.21123455129608,2018
"Maumee",2017-12-07,2017,1.05662704691013,0.336687940371364,4.69930401880031,2018
"Maumee",2017-12-08,2017,0.537598277653046,0.223213319961206,2.67227214038064,2018
"Maumee",2017-12-09,2017,0.36671965520146,0.211831850520098,1.76754318283437,2018
"Maumee",2017-12-10,2017,0.357481875253967,0.206596668166254,1.74098315870438,2018
"Maumee",2017-12-11,2017,0.408101849515745,0.236844823379674,1.75902828440827,2018
"Maumee",2017-12-12,2017,0.355859306351701,0.216610012561905,1.03405494092052,2018
"Maumee",2017-12-13,2017,0.113946809490582,0.0652247254325399,0.278973223235562,2018
"Maumee",2017-12-14,2017,0.321920410374259,0.199640564573184,0.933319639379635,2018
"Maumee",2017-12-15,2017,0.243285515057669,0.150605318845223,0.697032309014432,2018
"Maumee",2017-12-16,2017,0.22690030930939,0.136509129178007,0.704682261432415,2018
"Maumee",2017-12-17,2017,0.291974325688282,0.177181001058701,0.87841848412201,2018
"Maumee",2017-12-18,2017,0.28844364533333,0.173761232128512,1.19460847088352,2018
"Maumee",2017-12-19,2017,0.241442754356241,0.141221233680065,1.56482237964847,2018
"Maumee",2017-12-24,2017,0.165308259247907,0.0685853416028552,1.54756668232083,2018
"Maumee",2017-12-25,2017,0.243249305739584,0.077069086966997,2.29039692830044,2018
"Maumee",2017-12-26,2017,0.272509370642396,0.065507060250576,2.5704970442326,2018
"Maumee",2017-12-27,2017,0.252882941610459,0.0337177255480612,2.49029487262109,2018
"Maumee",2018-01-05,2018,1.05577319204449,0.0296011175339578,11.8207129352271,2018
"Maumee",2018-01-06,2018,1.19275451030292,0.0542161141046784,14.8226855962191,2018
"Maumee",2018-01-07,2018,0.953902679450152,0.0350056029156019,12.3219722262919,2018
"Maumee",2018-01-08,2018,0.908236307084976,0.0398932492131029,11.1745423629147,2018
"Maumee",2018-01-09,2018,0.850780743463909,0.0527175865826064,10.5191861227139,2018
"Maumee",2018-01-12,2018,3.97402636209087,0.775998715317538,23.8277252585738,2018
"Maumee",2018-01-13,2018,9.898722059468,2.01325167757634,57.2720826879759,2018
"Maumee",2018-01-14,2018,10.4973430962371,2.93513765390321,64.1120120004409,2018
"Maumee",2018-01-15,2018,8.17829339745276,2.61887155145804,46.7331051283015,2018
"Maumee",2018-01-16,2018,4.07503580242171,1.49695192742022,26.2590317268297,2018
"Maumee",2018-01-17,2018,3.70579862098317,1.58819940899279,24.4280194811748,2018
"Maumee",2018-01-18,2018,1.84636206063203,0.804355749186232,11.9465109566637,2018
"Maumee",2018-01-19,2018,1.97784103048697,0.899018650221351,12.4159207272675,2018
"Maumee",2018-01-20,2018,1.44340128186412,0.68632315853343,8.85852159261705,2018
"Maumee",2018-01-21,2018,1.49730423429888,0.726192553634957,9.37312450671099,2018
"Maumee",2018-01-22,2018,1.38163014247265,0.662190137345318,8.74587146816598,2018
"Maumee",2018-01-23,2018,1.76393203732812,0.638017970948467,10.3959398795721,2018
"Maumee",2018-01-24,2018,4.7738805346008,1.85499357915917,26.5154964550399,2018
"Maumee",2018-01-25,2018,5.9268292607664,2.12118099859008,30.8507059941998,2018
"Maumee",2018-01-29,2018,3.5180398505503,1.24213252126491,17.9267770972233,2018
"Maumee",2018-01-30,2018,3.15574482722422,1.11747338074512,16.4343085194916,2018
"Maumee",2018-01-31,2018,2.74640093285617,1.04458989522263,14.2325373224083,2018
"Maumee",2018-02-01,2018,1.19949335798749,0.519261193933978,6.12728208842094,2018
"Maumee",2018-02-02,2018,1.37577744445094,0.666501003457793,6.15767344985633,2018
"Maumee",2018-02-03,2018,0.792205076393386,0.417287925166694,4.41041237830029,2018
"Maumee",2018-02-04,2018,0.488172558467906,0.240860469376236,2.57634680636366,2018
"Maumee",2018-02-05,2018,0.456762606080095,0.228787434580723,2.59247300131411,2018
"Maumee",2018-02-06,2018,0.360775455254315,0.177430551764417,2.28572299037691,2018
"Maumee",2018-02-07,2018,0.422988446189434,0.203200331992963,3.02312330658919,2018
"Maumee",2018-02-08,2018,0.373427676034141,0.15906655571434,2.8291123123479,2018
"Maumee",2018-02-09,2018,0.311002322341609,0.146510730011036,2.28090568312636,2018
"Maumee",2018-02-10,2018,0.32911627837086,0.163514430057404,2.3900939031795,2018
"Maumee",2018-02-11,2018,0.377201763471771,0.204778373220288,2.74812576861627,2018
"Maumee",2018-02-12,2018,0.34764125909188,0.180239220491501,2.60893029948849,2018
"Maumee",2018-02-14,2018,0.23204056453204,0.107722721300947,2.58534531122273,2018
"Maumee",2018-02-16,2018,9.79824147362565,1.41216340528973,51.1637664531894,2018
"Maumee",2018-02-17,2018,14.684196371899,2.36359314054609,67.7214313117224,2018
"Maumee",2018-02-18,2018,15.550727760967,2.76984972841651,72.0556622206638,2018
"Maumee",2018-02-19,2018,13.2638374482326,2.29737113655255,59.6446279164061,2018
"Maumee",2018-02-20,2018,62.0397761048619,6.96514776733884,253.596034111252,2018
"Maumee",2018-02-21,2018,83.3176409120939,11.0619466747695,349.86348366053,2018
"Maumee",2018-02-22,2018,76.820514891499,12.1501834777371,340.858373047485,2018
"Maumee",2018-02-23,2018,56.2100120104754,11.1196858576608,205.436196220283,2018
"Maumee",2018-02-24,2018,44.8879902775146,9.85013605937868,179.449710562729,2018
"Maumee",2018-02-25,2018,40.0675187892615,8.05899810197637,165.469428771225,2018
"Maumee",2018-02-26,2018,41.2666197165314,8.18898194233083,162.609784283426,2018
"Maumee",2018-02-27,2018,29.3903793027068,7.41204741186685,113.919946091084,2018
"Maumee",2018-02-28,2018,21.3292945436312,5.50039114305677,70.5883530025619,2018
"Maumee",2018-03-02,2018,52.3576194759126,8.01013726990069,203.566266297414,2018
"Maumee",2018-03-03,2018,52.6378988986481,8.53499840341828,137.728263209533,2018
"Maumee",2018-03-04,2018,35.389950147614,7.08945827084329,111.763224505059,2018
"Maumee",2018-03-05,2018,23.7500480140904,5.11670693301768,79.4795143595413,2018
"Maumee",2018-03-06,2018,15.3704518418423,2.84402174372669,44.8464025708544,2018
"Maumee",2018-03-07,2018,9.72278908377961,1.82759193304128,43.2834689475277,2018
"Maumee",2018-03-10,2018,3.07945570854136,0.860436153857146,13.8877414306767,2018
"Maumee",2018-03-11,2018,2.00517661906511,0.594126405648922,8.15781256987173,2018
"Maumee",2018-03-12,2018,1.56898155807707,0.526233934240762,7.78289933316591,2018
"Maumee",2018-03-13,2018,1.15536104965419,0.48558652811553,6.96565502400209,2018
"Maumee",2018-03-14,2018,0.884192402411136,0.346875480945907,6.61103857802788,2018
"Maumee",2018-03-15,2018,0.796056964933386,0.301731268966687,5.76499318153372,2018
"Maumee",2018-03-16,2018,0.610175941232256,0.23670618409872,4.81828588076506,2018
"Maumee",2018-03-17,2018,0.543986286404279,0.157603503537688,4.30613443536845,2018
"Maumee",2018-03-18,2018,0.46970335966934,0.112909461458976,4.21829748010734,2018
"Maumee",2018-03-19,2018,0.405240987177009,0.0845830097846093,4.05872203667939,2018
"Maumee",2018-03-20,2018,0.516041500515126,0.0778157818237094,6.72492177655426,2018
"Maumee",2018-03-21,2018,0.432630400417165,0.0223005361039776,7.70260517031386,2018
"Maumee",2018-03-22,2018,0.364505504332113,0.0368601071796518,8.23209060345558,2018
"Maumee",2018-03-23,2018,0.371331450106122,0.0319424903317094,8.88400512350669,2018
"Maumee",2018-03-24,2018,0.320070799261302,0.0208741825605197,8.00176998153254,2018
"Maumee",2018-03-25,2018,0.283032092066774,0.0233085252290285,6.74615315914453,2018
"Maumee",2018-03-26,2018,0.266396193877525,0.0137791134764237,6.65760832802537,2018
"Maumee",2018-03-27,2018,0.339491715947355,0.0130573736902829,7.33824401393898,2018
"Maumee",2018-03-28,2018,0.472570746209533,0.0274750433842752,8.62166861398556,2018
"Maumee",2018-03-29,2018,1.94754263892233,0.0907752924921427,20.1768718312081,2018
"Maumee",2018-03-30,2018,17.4669618444658,0.987764100535296,77.0455998417531,2018
"Maumee",2018-03-31,2018,34.1520198916915,4.86270481901568,135.431983517516,2018
"Maumee",2018-04-01,2018,27.7000182386297,5.31436577139841,101.774557901418,2018
"Maumee",2018-04-02,2018,17.4011951753656,3.88362062483499,66.8154399211942,2018
"Maumee",2018-04-03,2018,9.63596011764355,2.70762515702381,44.8350871589531,2018
"Maumee",2018-04-04,2018,23.2256107837664,4.24414188089005,115.607300313815,2018
"Maumee",2018-04-05,2018,32.2098738547407,4.78965007320495,133.98470903472,2018
"Maumee",2018-04-06,2018,31.6801766568934,4.48062311595938,117.641029828713,2018
"Maumee",2018-04-07,2018,26.0884602855301,3.98067083991978,98.6920901865371,2018
"Maumee",2018-04-08,2018,17.9344752471795,2.50659004438927,68.8429660078742,2018
"Maumee",2018-04-09,2018,12.6778257220267,2.41827172538944,42.6021282400941,2018
"Maumee",2018-04-10,2018,9.0742149548743,1.91201075042256,24.2762676426603,2018
"Maumee",2018-04-11,2018,6.43583930316163,1.62415917637142,18.6474318271093,2018
"Maumee",2018-04-12,2018,3.91310186016718,1.04349382937791,13.7695816180955,2018
"Maumee",2018-04-13,2018,2.18803856854218,0.658945978171004,9.45334037914556,2018
"Maumee",2018-04-14,2018,1.79720546475698,0.56016793706711,9.40615327658523,2018
"Maumee",2018-04-15,2018,11.0936053623379,2.01833919550388,49.2968458182423,2018
"Maumee",2018-04-16,2018,26.0739813155265,4.10202795295755,129.609166848175,2018
"Maumee",2018-04-17,2018,26.0626190109272,3.63711182804767,153.84380196427,2018
"Maumee",2018-04-18,2018,17.2853498232511,2.40743033750016,104.073213490132,2018
"Maumee",2018-04-19,2018,12.8298421644826,3.08659970913638,70.2480343440799,2018
"Maumee",2018-04-20,2018,8.98088951513779,1.7013486348553,51.1799138517946,2018
"Maumee",2018-04-21,2018,6.14498795564908,1.54200072295314,35.3969718194318,2018
"Maumee",2018-04-22,2018,4.02638320110919,0.688270632668237,23.5388556372537,2018
"Maumee",2018-04-23,2018,3.15212498278269,0.952478500640513,17.2024984452698,2018
"Maumee",2018-04-24,2018,2.13808194246351,0.73040066357449,14.2228929216051,2018
"Maumee",2018-04-25,2018,1.7902278312991,0.577112919300369,10.729589173115,2018
"Maumee",2018-04-26,2018,0.895064984138627,0.326108947709422,5.91853047651355,2018
"Maumee",2018-04-27,2018,0.808544286521395,0.179676508115866,5.37906546171873,2018
"Maumee",2018-04-28,2018,0.78404917215244,0.235908600470646,6.61931778967635,2018
"Maumee",2018-04-29,2018,0.686998413384192,0.123659714409155,7.34401303907701,2018
"Maumee",2018-04-30,2018,0.639537131257646,0.0734135768908416,6.97009474309333,2018
"Maumee",2018-05-01,2018,0.560317178175431,0.0351768632038387,6.70873033958924,2018
"Maumee",2018-05-02,2018,0.535882249564914,0.0194160235349606,6.72765215486386,2018
"Maumee",2018-05-03,2018,12.7553096870419,2.71031639012467,45.570699028441,2018
"Maumee",2018-05-04,2018,23.654301382029,4.9516079375315,87.4276921037335,2018
"Maumee",2018-05-05,2018,14.0992203626743,2.57318583075792,65.2854005060867,2018
"Maumee",2018-05-06,2018,10.338053902148,2.05463414373235,39.8220538647073,2018
"Maumee",2018-05-07,2018,5.50527940099816,1.61126572324274,26.8301260702863,2018
"Maumee",2018-05-08,2018,6.93226171437146,2.44009212104246,40.5215298133773,2018
"Maumee",2018-05-09,2018,4.87627069984116,1.92874804557612,24.8429342280616,2018
"Maumee",2018-05-10,2018,3.78271161643032,1.6139569563436,18.7190186275923,2018
"Maumee",2018-05-11,2018,2.76351570743233,1.06735283410485,16.3583423487808,2018
"Maumee",2018-05-12,2018,1.82816761226731,0.673857856125337,10.7467200950898,2018
"Maumee",2018-05-13,2018,2.247703940361,0.634176847340871,11.7050926680629,2018
"Maumee",2018-05-14,2018,3.28078569469361,0.637227727047032,16.9302660813476,2018
"Maumee",2018-05-15,2018,9.12682160284797,1.12419058982819,44.8230848030067,2018
"Maumee",2018-05-16,2018,7.04024621925586,0.947118325460429,36.9612926510932,2018
"Maumee",2018-05-17,2018,6.16376738022691,1.07931930694323,31.4012034336579,2018
"Maumee",2018-05-18,2018,5.72439886609784,1.11022417740161,27.475454408967,2018
"Maumee",2018-05-19,2018,4.29436029055217,0.929686474693469,22.1740114496038,2018
"Maumee",2018-05-20,2018,5.9704272370004,1.73334984300012,29.3225015107519,2018
"Maumee",2018-05-21,2018,5.12522174989126,1.28681528191194,26.4259248777165,2018
"Maumee",2018-05-22,2018,3.94952973900033,1.32271986541992,22.8277850952283,2018
"Maumee",2018-05-23,2018,2.43789020305085,0.905502075418886,13.8890087568097,2018
"Maumee",2018-05-24,2018,2.45182100421114,0.75226326265569,14.8084416333889,2018
"Maumee",2018-05-25,2018,3.52982949034504,0.792611642880826,18.702680939778,2018
"Maumee",2018-05-26,2018,1.97356441643214,0.737251075103962,11.3876935292981,2018
"Maumee",2018-05-27,2018,1.56271587810315,0.530207172927855,10.4739171353818,2018
"Maumee",2018-05-28,2018,1.50918825754136,0.438278184144797,10.313139064152,2018
"Maumee",2018-05-29,2018,1.53667306004365,0.151352503017045,12.936187463751,2018
"Maumee",2018-05-30,2018,1.52130514040749,0.200374537237056,10.8356384367423,2018
"Maumee",2018-05-31,2018,1.03790095767921,0.21906637441033,7.58443312485493,2018
"Maumee",2018-06-01,2018,0.75680508549973,0.190960114535124,6.28660798114318,2018
"Maumee",2018-06-02,2018,1.26012683974995,0.33332634557083,9.31014965215077,2018
"Maumee",2018-06-03,2018,1.49756870911543,0.402780955465264,10.6809744937235,2018
"Maumee",2018-06-04,2018,1.2259317057603,0.289756097193024,9.35385364665844,2018
"Maumee",2018-06-05,2018,0.827460719329814,0.195422668331466,5.25069853595861,2018
"Maumee",2018-06-06,2018,0.764006825277642,0.132261874029734,4.76920757530748,2018
"Maumee",2018-06-07,2018,0.875502410728446,0.255334410307791,5.50442065298143,2018
"Maumee",2018-06-08,2018,0.907521723532308,0.243629992894579,4.92882216394418,2018
"Maumee",2018-06-09,2018,0.899667971371322,0.0806635957595328,5.77551345638255,2018
"Maumee",2018-06-10,2018,1.88106918133099,0.770201554560722,11.1827341094874,2018
"Maumee",2018-06-11,2018,8.61387030734289,1.44907611384362,62.2733066678819,2018
"Maumee",2018-06-12,2018,16.3690583496733,3.3447134292647,94.7925695390688,2018
"Maumee",2018-06-13,2018,15.3153889407569,4.08505262639147,72.3210884832581,2018
"Maumee",2018-06-14,2018,8.5123397158385,2.7289103642761,55.4930124644554,2018
"Maumee",2018-06-15,2018,4.55496095472325,1.81004998637474,29.6967541720603,2018
"Maumee",2018-06-16,2018,3.455787959064,1.345616550432,23.991731450316,2018
"Maumee",2018-06-17,2018,1.50024012495437,0.692968057717018,11.6090009669088,2018
"Maumee",2018-06-18,2018,1.13325460854355,0.432038057293248,7.65458731943472,2018
"Maumee",2018-06-19,2018,1.13359239907397,0.333409529139402,8.07173714900392,2018
"Maumee",2018-06-20,2018,0.983220238878301,0.313376968566789,6.91170314005641,2018
"Maumee",2018-06-21,2018,1.33850190874353,0.456237407862835,9.59331630587259,2018
"Maumee",2018-06-22,2018,2.48420656937427,0.714879588309143,17.840450902362,2018
"Maumee",2018-06-23,2018,26.7608366042413,4.31593867910742,122.036191342425,2018
"Maumee",2018-06-24,2018,40.0256092219962,7.07795936577596,148.888138148167,2018
"Maumee",2018-06-25,2018,29.0020832977631,7.48906561006249,123.614697419104,2018
"Maumee",2018-06-26,2018,21.3289471299037,6.24552019141962,72.1704555452934,2018
"Maumee",2018-06-27,2018,8.2938911017536,3.20697122601139,28.2545223533073,2018
"Maumee",2018-06-28,2018,10.0900425817653,1.46515623162129,25.1844076702014,2018
"Maumee",2018-06-29,2018,4.44884905876194,1.98524926124099,21.6297633796161,2018
"Maumee",2018-06-30,2018,3.5917833073773,1.53889601858496,16.8663003636912,2018
"Maumee",2018-07-01,2018,2.19524153160787,0.972765776911663,10.7505661118485,2018
"Maumee",2018-07-02,2018,1.36738764758777,0.585305685279544,6.7179115220891,2018
"Maumee",2018-07-03,2018,1.07482467582306,0.406273442057522,8.02775750698471,2018
"Maumee",2018-07-04,2018,1.0520274848832,0.383990031982368,7.76396283843802,2018
"Maumee",2018-07-05,2018,0.803656028580008,0.219178916885457,7.28508971362137,2018
"Maumee",2018-07-06,2018,0.664494811509876,0.156556369203898,6.45012241120058,2018
"Maumee",2018-07-07,2018,0.568226956916425,0.087841848412201,4.77365544965055,2018
"Maumee",2018-07-08,2018,0.685809377668719,0.197071660249632,6.1565186661985,2018
"Maumee",2018-07-09,2018,0.597298146187067,0.243116212029869,5.03250558901828,2018
"Maumee",2018-07-10,2018,0.343057942326576,0.138011815878508,2.44039941093107,2018
"Maumee",2018-07-11,2018,0.407175249803866,0.116041078158163,3.2723584040602,2018
"Maumee",2018-07-12,2018,0.263425724954316,0.0424285131228941,2.47561150482278,2018
"Maumee",2018-07-13,2018,0.238114237257092,0.00351719700527462,2.74165506561157,2018
"Maumee",2018-07-14,2018,0.170060365260147,0.00150097409761824,2.13888808910599,2018
"Maumee",2018-07-15,2018,0.149884924675633,0,1.88948417792229,2018
"Maumee",2018-07-16,2018,0.174628515975481,0.00313596616682496,2.04016998910298,2018
"Maumee",2018-07-17,2018,0.330361096008787,0.00943888845739392,3.5150420615335,2018
"Maumee",2018-07-18,2018,0.194563430999627,0.00105740995108493,2.23219240674028,2018
"Maumee",2018-07-19,2018,0.207943997319568,0.00189903193899149,2.16584592641979,2018
"Maumee",2018-07-20,2018,0.243548521928889,0.00466121573069645,2.73147241818812,2018
"Maumee",2018-07-21,2018,0.491996556046679,0.0113888091677472,4.2571368669039,2018
"Maumee",2018-07-22,2018,0.354565557202849,0.00501743713022899,3.71123099732604,2018
"Maumee",2018-07-23,2018,0.543694763335858,0.00574325454228019,6.23621722382591,2018
"Maumee",2018-07-24,2018,0.867555688696704,0.048442195815552,7.96653929366669,2018
"Maumee",2018-07-25,2018,0.861390318320179,0.0669970247582362,5.72665044957304,2018
"Maumee",2018-07-26,2018,0.532250063508966,0.0501596918490125,4.012775347921,2018
"Maumee",2018-07-27,2018,0.458516148326603,0.0367793701866259,3.22187282834843,2018
"Maumee",2018-07-28,2018,0.306063664943969,0.030104622781374,2.37324776259831,2018
"Maumee",2018-07-29,2018,0.36824876491786,0.0472531601000794,2.34636381186601,2018
"Maumee",2018-07-30,2018,0.294614289439366,0.0373760627781811,2.241553602832,2018
"Maumee",2018-07-31,2018,0.459283149760349,0.0864313976097936,3.25646911917515,2018
"Maumee",2018-08-01,2018,0.491303000810831,0.102642651836734,3.24903471006279,2018
"Maumee",2018-08-02,2018,0.574424475295627,0.127702435841762,3.81688391571487,2018
"Maumee",2018-08-03,2018,0.741831064526523,0.143283696865546,4.95274967278641,2018
"Maumee",2018-08-04,2018,0.401949951615228,0.0540497469675341,2.77455367766675,2018
"Maumee",2018-08-05,2018,0.317622755769734,0.0115850245265556,2.73792746310932,2018
"Maumee",2018-08-06,2018,0.274335157546368,0.0118078260062999,2.18950830802533,2018
"Maumee",2018-08-07,2018,0.506500589857454,0.0759881898906682,3.23866905878848,2018
"Maumee",2018-08-08,2018,0.306961068854329,0.0424285131228941,2.46085376112786,2018
"Maumee",2018-08-09,2018,0.524638766984613,0.0465827984004096,4.14878048253648,2018
"Maumee",2018-08-10,2018,0.656989207049121,0.111632349023839,4.92495657458112,2018
"Maumee",2018-08-11,2018,0.454781206097713,0.0752395377735187,3.4665920366762,2018
"Maumee",2018-08-12,2018,0.495767952251208,0.021356157943129,4.48174228835092,2018
"Maumee",2018-08-13,2018,0.688945887518999,0.0043549044723072,5.91613772562933,2018
"Maumee",2018-08-21,2018,1.70783206005283,0.23018606026799,8.81018582283776,2018
"Maumee",2018-08-22,2018,4.67785978413752,0.868661540843605,24.2814378004729,2018
"Maumee",2018-08-23,2018,6.66497211265697,1.69303150128585,27.6457042615032,2018
"Maumee",2018-08-24,2018,3.88958048286563,1.20420448385933,13.1860390982596,2018
"Maumee",2018-08-25,2018,2.82227902684725,0.881405752863969,10.1762300557931,2018
"Maumee",2018-08-26,2018,2.72927735060803,0.904327719156691,8.48112752830735,2018
"Maumee",2018-08-27,2018,3.32201899449778,1.33334942064315,10.6343537734021,2018
"Maumee",2018-08-28,2018,2.61059397085993,1.22133051268301,7.76308207124137,2018
"Maumee",2018-08-29,2018,1.71243162207976,0.989404937201641,5.86575784198116,2018
"Maumee",2018-08-30,2018,1.87537355345935,1.02752503078761,7.54641334086636,2018
"Maumee",2018-08-31,2018,1.54553113146636,0.538902302419192,4.71793713816048,2018
"Maumee",2018-09-01,2018,0.991523671624685,0.379214316516108,3.7677899521738,2018
"Maumee",2018-09-02,2018,0.704855968296198,0.259407958592281,2.97140025296613,2018
"Maumee",2018-09-03,2018,0.548413500776064,0.172358528815334,2.58459448437176,2018
"Maumee",2018-09-04,2018,0.510741043525708,0.127350128963103,2.84191866738714,2018
"Maumee",2018-09-05,2018,0.854977354498375,0.175350962550113,4.50538844100533,2018
"Maumee",2018-09-06,2018,0.541275480699045,0.127270859915405,3.27660076605738,2018
"Maumee",2018-09-07,2018,0.386715810729945,0.0756197356134044,2.56227801834256,2018
"Maumee",2018-09-08,2018,0.366457284439881,0.0936862280770591,2.06199784681143,2018
"Maumee",2018-09-09,2018,1.09384769777278,0.394944166228067,5.58089326483025,2018
"Maumee",2018-09-10,2018,0.615356157188828,0.291749240738027,3.37914925191976,2018
"Maumee",2018-09-11,2018,0.580148630238143,0.270395529370445,3.4069836700676,2018
"Maumee",2018-09-12,2018,1.10065023797406,0.456085720178968,6.72039561179372,2018
"Maumee",2018-09-13,2018,0.838750931503047,0.34548093288455,4.67166994800553,2018
"Maumee",2018-09-14,2018,0.98568369579581,0.343428256001255,5.64203563430633,2018
"Maumee",2018-09-15,2018,0.743011781885138,0.170731827918812,4.11069708758371,2018
"Maumee",2018-09-16,2018,0.741767453562321,0.0945356791067136,5.10155039750872,2018
"Maumee",2018-09-17,2018,0.543277819290477,0.0985572376608456,3.52228404747914,2018
"Maumee",2018-09-18,2018,0.488868070964191,0.0324983522958152,3.34965159734723,2018
"Maumee",2018-09-19,2018,0.427179430100143,0.00438132748820659,2.79966826496401,2018
"Maumee",2018-09-20,2018,0.294170371898587,0.0123600996596045,2.35047895193479,2018
"Maumee",2018-09-21,2018,0.31161983800948,0.0121017412819215,2.08351645737082,2018
"Maumee",2018-09-22,2018,0.114734117501362,0.0070216718177088,0.825046438580784,2018
"Maumee",2018-09-23,2018,0.168051677805173,0.00765362228130259,1.10868185617726,2018
"Maumee",2018-09-24,2018,0.16828839486294,0.00701509324790669,1.05964829586801,2018
"Maumee",2018-09-25,2018,0.294110186140149,0.0374766442173043,1.79562008380302,2018
"Maumee",2018-09-26,2018,0.228789554946197,0.0216130483754842,1.42491740361228,2018
"Maumee",2018-09-27,2018,0.256725533163383,0.0334495808681933,1.63066706732442,2018
"Maumee",2018-09-28,2018,0.715348107526248,0.0912328021192896,4.61555039812588,2018
"Maumee",2018-09-29,2018,0.609779351336211,0.119967831909878,3.3008292036918,2018
"Maumee",2018-09-30,2018,0.82484728733132,0.143344861254202,4.39044832184298,2018
"Maumee",2018-10-01,2018,0.500008574461333,0.0790890884746637,3.05228703078382,2019
"Maumee",2018-10-02,2018,0.604702951735317,0.100319383698025,3.86508292192113,2019
"Maumee",2018-10-03,2018,0.624500641055491,0.132469832951165,4.16063414105801,2019
"Maumee",2018-10-04,2018,0.594055454958081,0.132012323324018,4.04072502696124,2019
"Maumee",2018-10-05,2018,0.466583486532775,0.116065543913626,2.64397309035239,2019
"Maumee",2018-10-06,2018,0.644127070087429,0.165077791831452,3.98452474008857,2019
"Maumee",2018-10-07,2018,0.953259230081491,0.286484821806406,5.33926579402027,2019
"Maumee",2018-10-08,2018,1.54866057343173,0.570140450835312,10.5701387768816,2019
"Maumee",2018-10-09,2018,2.02752608668001,0.51532954703117,10.2896948899011,2019
"Maumee",2018-10-10,2018,2.16606098041031,0.756637739732367,7.71473773844767,2019
"Maumee",2018-10-11,2018,2.43884436751388,1.11293742968239,8.15467116687036,2019
"Maumee",2018-10-12,2018,2.56840522214057,1.35141982762768,9.45993879339377,2019
"Maumee",2018-10-13,2018,2.2798071707061,1.20219339876032,8.03538592953788,2019
"Maumee",2018-10-14,2018,2.23620430132101,1.10875867864941,8.42158277266296,2019
"Maumee",2018-10-15,2018,2.06506112250035,1.10419934919813,7.14812823980903,2019
"Maumee",2018-10-16,2018,2.42166451402818,1.22736866113113,7.61409540677754,2019
"Maumee",2018-10-17,2018,1.57787241361211,0.824447027571955,4.51459245821029,2019
"Maumee",2018-10-18,2018,1.75343133508365,1.04811296400922,5.33921074607048,2019
"Maumee",2018-10-19,2018,1.3961407820374,0.767637543388263,4.70657768789928,2019
"Maumee",2018-10-20,2018,1.25814070972152,0.634162167887593,4.21231804947233,2019
"Maumee",2018-10-21,2018,1.0255300930872,0.536519337837155,3.9808915754024,2019
"Maumee",2018-10-22,2018,0.935509406046038,0.54049339204943,3.53730133206326,2019
"Maumee",2018-10-23,2018,0.861610510119341,0.458263172415122,4.04862257282451,2019
"Maumee",2018-10-24,2018,0.8109678642575,0.420037876080668,4.00141345108426,2019
"Maumee",2018-10-25,2018,0.691930220370303,0.36627682502759,3.58285330663352,2019
"Maumee",2018-10-26,2018,0.613283336833536,0.249675481069338,3.17977509223939,2019
"Maumee",2018-10-27,2018,0.666570486203307,0.290124714575324,3.8611659544716,2019
"Maumee",2018-10-28,2018,0.66580715463288,0.280260121972884,3.87061952238227,2019
"Maumee",2018-10-29,2018,0.683831321339584,0.286139243010499,3.98106772884173,2019
"Maumee",2018-10-30,2018,0.940801267400037,0.444298119197184,5.65369356678417,2019
"Maumee",2018-10-31,2018,1.15798377863976,0.560637679571989,9.39068113283081,2019
"Maumee",2018-11-01,2018,1.2003284965502,0.559586875374878,5.4669586882174,2019
"Maumee",2018-11-02,2018,11.666036677778,4.29185295837987,35.2051994418153,2019
"Maumee",2018-11-03,2018,60.9044497905142,13.2562313506813,199.713570387484,2019
"Maumee",2018-11-04,2018,54.901327333439,15.036653307191,160.691701676182,2019
"Maumee",2018-11-05,2018,37.8487642802615,15.093892301304,109.638052869911,2019
"Maumee",2018-11-06,2018,25.7530847970184,10.7931169537487,68.6513012795818,2019
"Maumee",2018-11-07,2018,17.4441227898999,8.33381921466824,42.4723557566827,2019
"Maumee",2018-11-08,2018,8.69828068064052,4.50453703271524,23.4865380657729,2019
"Maumee",2018-11-09,2018,4.98294824406875,2.67751759835178,15.0468946724276,2019
"Maumee",2018-11-10,2018,3.19520760146996,1.74378693428038,10.1156993302036,2019
"Maumee",2018-11-11,2018,2.4091625129869,1.31762772618301,6.96246468948979,2019
"Maumee",2018-11-12,2018,2.08222433927234,1.45928118820958,7.34888009336367,2019
"Maumee",2018-11-13,2018,1.73821363518604,1.39922591380121,5.80606629180399,2019
"Maumee",2018-11-14,2018,1.52830723962083,1.37972181354659,5.63209519786196,2019
"Maumee",2018-11-15,2018,1.79098137656734,1.14048342375751,5.36449610434087,2019
"Maumee",2018-11-16,2018,1.53604820464914,0.96278619525855,5.35779493391972,2019
"Maumee",2018-11-17,2018,1.48277157555421,0.888033526018733,5.46670179778504,2019
"Maumee",2018-11-18,2018,1.15415733448544,0.735088302321086,4.74028905235093,2019
"Maumee",2018-11-19,2018,1.32797674074361,0.782121270622003,5.80887985368217,2019
"Maumee",2018-11-20,2018,1.28931595396193,0.661402340019429,5.79354961130943,2019
"Maumee",2018-11-21,2018,2.33970912638024,1.18345752322721,10.0117785873015,2019
"Maumee",2018-11-22,2018,1.79884467037296,0.8838254160792,7.96482669078432,2019
"Maumee",2018-11-23,2018,1.55015026609766,0.775075133048832,6.22643690215895,2019
"Maumee",2018-11-24,2018,1.50721286526115,0.733238691208128,6.09402823359644,2019
"Maumee",2018-11-25,2018,2.03259049806073,0.90961232233657,9.16350191390915,2019
"Maumee",2018-11-26,2018,9.75433849097356,2.03761957001689,29.7072690100746,2019
"Maumee",2018-11-27,2018,40.2255300553903,5.99654579016515,106.477626384458,2019
"Maumee",2018-11-28,2018,50.0717717101828,10.0479512067526,143.377730996665,2019
"Maumee",2018-11-29,2018,24.7533205152705,6.14954918799245,71.6754888465336,2019
"Maumee",2018-11-30,2018,9.86089729473464,3.23308108024087,31.5316222207761,2019
"Maumee",2018-12-01,2018,5.03352550519912,1.27348844510941,16.7351363904378,2019
"Maumee",2018-12-02,2018,24.1073564747104,4.47832333494591,68.5012324132014,2019
"Maumee",2018-12-03,2018,43.6601827109245,10.0546915223825,130.81021372047,2019
"Maumee",2018-12-04,2018,29.2856941408674,8.69888634400908,91.8976399950594,2019
"Maumee",2018-12-05,2018,19.6141349898174,6.43620628949357,61.877198441397,2019
"Maumee",2018-12-06,2018,5.26845578127322,1.85107905828518,18.1785456236724,2019
"Maumee",2018-12-07,2018,3.89494826961408,1.712602882368,13.7399682676838,2019
"Maumee",2018-12-08,2018,2.38237740390666,1.35234952633525,8.47145376859751,2019
"Maumee",2018-12-09,2018,2.17217741927591,1.23821188395206,8.22880240592143,2019
"Maumee",2018-12-10,2018,1.78779974099032,0.720646982396813,7.06616687164309,2019
"Maumee",2018-12-11,2018,1.48914735142772,0.554995876362359,4.87956770504728,2019
"Maumee",2018-12-12,2018,1.15230772337249,0.507564116247404,3.90961549001379,2019
"Maumee",2018-12-13,2018,0.970649489064165,0.380887774189736,3.47713677728049,2019
"Maumee",2018-12-14,2018,0.972044037125522,0.382796103115803,3.26451957601005,2019
"Maumee",2018-12-15,2018,1.04812519688695,0.419250078754779,3.7866310304554,2019
"Maumee",2018-12-16,2018,0.860800693613536,0.374649006546824,3.49672406110369,2019
"Maumee",2018-12-17,2018,0.643281914157066,0.301998761226409,3.11574331704319,2019
"Maumee",2018-12-18,2018,1.85590859841346,0.93401935998586,10.4804250263348,2019
"Maumee",2018-12-19,2018,2.01443201435654,0.998276220132307,11.5323252892896,2019
"Maumee",2018-12-20,2018,1.63613027051918,0.663486822384826,9.75466796314712,2019
"Maumee",2018-12-21,2018,3.31796795470832,0.991548137380147,14.7740672469642,2019
"Maumee",2018-12-22,2018,11.4401872542182,3.2059925957929,45.760749016873,2019
"Maumee",2018-12-23,2018,12.3229117113016,3.6953077050409,48.195581000491,2019
"Maumee",2018-12-24,2018,11.6907165901532,3.25883862759168,46.2989956370458,2019
"Maumee",2018-12-25,2018,6.31024116694719,1.93330601581876,23.4086782455894,2019
"Maumee",2018-12-26,2018,5.76393626089774,2.76433677818565,19.9679220466815,2019
"Maumee",2018-12-27,2018,3.73785658968067,1.18927058672508,12.4351801699675,2019
"Maumee",2018-12-28,2018,4.57429966647094,1.42465562002883,20.7409322699693,2019
"Maumee",2018-12-29,2018,5.44700343943205,2.05751620972582,25.2677429264575,2019
"Maumee",2018-12-30,2018,3.98433537514129,1.21325681338042,18.7488619561054,2019
"Maumee",2018-12-31,2018,1.65588343216441,0.674100067104415,7.86227603018812,2019
"Maumee",2019-01-01,2019,29.3088985507149,6.27424298833248,78.5644339408589,2019
"Maumee",2019-01-02,2019,68.9092682051774,8.29756096507296,179.780487576581,2019
"Maumee",2019-01-03,2019,53.414713818752,7.77949859315664,141.18098751233,2019
"Maumee",2019-01-04,2019,34.3517996392291,6.89268835491103,82.1783196117209,2019
"Maumee",2019-01-05,2019,23.3743478975245,6.73101864281549,48.8530247812766,2019
"Maumee",2019-01-06,2019,14.9085750773454,5.10477987722976,30.7333926967576,2019
"Maumee",2019-01-07,2019,9.85476960162153,2.52903764686775,29.5219226990512,2019
"Maumee",2019-01-08,2019,7.13288213245091,1.97565440359252,21.501277794942,2019
"Maumee",2019-01-09,2019,5.09934358636601,1.45695531039029,16.713751485232,2019
"Maumee",2019-01-10,2019,3.98591684157438,1.24033061837511,13.1499129637439,2019
"Maumee",2019-01-11,2019,2.69814712335767,0.960850954001474,8.01679684853755,2019
"Maumee",2019-01-12,2019,1.83002872228534,0.654106651740542,6.62191115975537,2019
"Maumee",2019-01-13,2019,1.86407037443572,0.672025371041203,6.69625280430342,2019
"Maumee",2019-01-14,2019,1.48728007060248,0.662162953172582,6.20001796388547,2019
"Maumee",2019-01-15,2019,1.01244189254504,0.491419164217766,4.75433239598634,2019
"Maumee",2019-01-16,2019,0.756182676680767,0.363360506976472,3.80546476901035,2019
"Maumee",2019-01-17,2019,0.606452253250879,0.296774506910005,3.44086384823194,2019
"Maumee",2019-01-18,2019,0.755306802635213,0.377653401317606,4.28192312376286,2019
"Maumee",2019-01-19,2019,0.64289644258767,0.311852752001482,3.73263755472543,2019
"Maumee",2019-01-20,2019,0.863787962355495,0.442096201205568,6.37298677737873,2019
"Maumee",2019-01-21,2019,0.627409619379971,0.308562107891789,3.53817883715918,2019
"Maumee",2019-01-22,2019,0.500592232242061,0.225454383161562,2.92464435934582,2019
"Maumee",2019-01-23,2019,1.22841090231383,0.500398096472467,7.14727900625276,2019
"Maumee",2019-01-24,2019,8.89139367291964,2.25285134502108,42.9726130391404,2019
"Maumee",2019-01-25,2019,35.8227615946216,7.1264341825988,124.022052247553,2019
"Maumee",2019-01-26,2019,24.6610756464003,8.39063685410375,87.0499680235667,2019
"Maumee",2019-01-27,2019,19.5669038488973,10.5558297079577,75.3211371844247,2019
"Maumee",2019-01-28,2019,8.68267315970587,4.74903691913737,31.0658698087722,2019
"Maumee",2019-01-29,2019,7.53471870975533,3.98155704395098,27.518103113889,2019
"Maumee",2019-01-30,2019,7.41703842598118,6.40562409516557,25.6224963806623,2019
"Maumee",2019-02-04,2019,19.9393460443014,10.2616718135944,84.2207942749884,2019
"Maumee",2019-02-06,2019,23.4321751571355,6.95316770241408,123.905448457019,2019
"Maumee",2019-02-08,2019,70.6675731187491,11.7100445369685,319.225996725185,2019
"Maumee",2019-02-09,2019,50.7978348671555,10.2944803916695,187.998915414819,2019
"Maumee",2019-02-11,2019,20.3394100776225,6.19257629659899,79.8094962363404,2019
"Maumee",2019-02-12,2019,15.3219240158826,4.57118175059482,60.6528097092812,2019
"Maumee",2019-02-13,2019,13.4780868212143,4.44386195916849,52.4473378477687,2019
"Maumee",2019-02-14,2019,14.1558861105446,5.22099221567616,61.8445366578547,2019
"Maumee",2019-02-15,2019,13.7460357750385,4.43769658879196,42.9157731086832,2019
"Maumee",2019-02-16,2019,12.571875238887,4.22298511885394,53.3940647211418,2019
"Maumee",2019-02-17,2019,9.91049035968714,3.36727085580104,40.2159280618965,2019
"Maumee",2019-02-18,2019,7.39382042404737,2.61674303073281,31.593622250902,2019
"Maumee",2019-02-19,2019,4.11523793179753,1.53840670347571,21.6723044352141,2019
"Maumee",2019-02-20,2019,3.30706063160807,1.26211492703883,16.32761335992,2019
"Maumee",2019-02-21,2019,2.83332164557521,0.992808123786461,13.3036288587386,2019
"Maumee",2019-02-22,2019,6.36915951769923,2.02884479089944,94.6188610442354,2019
"Maumee",2019-02-23,2019,7.28477043551259,1.80749943136778,75.0751278968114,2019
"Maumee",2019-02-24,2019,17.8450773767199,2.06741750096146,166.916760340783,2019
"Maumee",2019-02-25,2019,27.1049776292517,2.87482412985385,131.940230897922,2019
"Maumee",2019-02-26,2019,23.4403467194599,2.83607037320141,82.5161427631457,2019
"Maumee",2019-02-27,2019,13.9873170554087,1.77804877822992,55.4332854389328,2019
"Maumee",2019-02-28,2019,8.97633888462179,1.54721437544218,37.008369657754,2019
"Maumee",2019-03-01,2019,6.03357971294527,1.28409985489734,24.6175459024398,2019
"Maumee",2019-03-02,2019,5.06834547419515,1.00033134359115,22.8488381496454,2019
"Maumee",2019-03-03,2019,3.90361355088375,1.00336020411739,15.7554669889785,2019
"Maumee",2019-03-04,2019,3.02284564744886,0.876131207828003,13.3002120800674,2019
"Maumee",2019-03-05,2019,2.34593419320009,0.837169220412403,11.3668976371551,2019
"Maumee",2019-03-06,2019,2.26243256980692,0.842395105779172,10.6001384143879,2019
"Maumee",2019-03-07,2019,1.8175296571347,0.794452011375053,9.4451516907923,2019
"Maumee",2019-03-08,2019,1.3300289283118,0.549598730707354,6.82189424490503,2019
"Maumee",2019-03-09,2019,1.33634402911175,0.568975609033574,7.27689857869256,2019
"Maumee",2019-03-10,2019,11.4228062922226,2.78436933875826,40.7593075975653,2019
"Maumee",2019-03-11,2019,38.562362270747,6.22188627164295,123.030394014273,2019
"Maumee",2019-03-12,2019,43.0209758571716,8.09253793429805,122.536687301919,2019
"Maumee",2019-03-13,2019,30.6821491719416,6.94998715420397,84.8920489747326,2019
"Maumee",2019-03-14,2019,17.9960310879229,4.90939023766817,53.3801192405282,2019
"Maumee",2019-03-15,2019,24.6923083579818,4.1153847263303,72.1502468312815,2019
"Maumee",2019-03-16,2019,26.2699825989747,3.79182511034006,70.7898284987947,2019
"Maumee",2019-03-17,2019,19.9729619923067,3.02768616998292,80.2825171524505,2019
"Maumee",2019-03-18,2019,15.3645335755959,2.7409475159636,61.0241509456895,2019
"Maumee",2019-03-19,2019,10.2584056352402,2.58615268115299,43.7565143293931,2019
"Maumee",2019-03-20,2019,7.10880415921259,1.92932054425394,31.9327284952799,2019
"Maumee",2019-03-21,2019,4.99975328218077,1.54700886309629,23.8329046590052,2019
"Maumee",2019-03-22,2019,5.53984217373989,1.41546628227715,22.1837732860333,2019
"Maumee",2019-03-23,2019,4.83144845720383,1.5300883466185,21.8361760653012,2019
"Maumee",2019-03-24,2019,3.18594144124613,1.09860049698142,15.4028273760457,2019
"Maumee",2019-03-25,2019,3.4615669879776,NA,16.1987533132665,2019
"Maumee",2019-03-26,2019,2.27175549058342,0.646972437447705,11.3220176553348,2019
"Maumee",2019-03-27,2019,2.01300076766199,0.50150884177046,10.7963708992252,2019
"Maumee",2019-03-28,2019,1.79293619042879,0.676355809758048,9.54017668500826,2019
"Maumee",2019-03-29,2019,1.83123537334474,0.930026548694396,9.61464065833362,2019
"Maumee",2019-04-01,2019,45.5725046011942,4.7385927599722,137.024307309196,2019
"Maumee",2019-04-02,2019,36.5778946903931,5.62736841390663,140.172631400947,2019
"Maumee",2019-04-04,2019,13.716114156108,2.385411157584,60.0726043184904,2019
"Maumee",2019-04-05,2019,9.23826926260224,2.16081552243917,41.4312889302467,2019
"Maumee",2019-04-06,2019,6.01417200776717,1.37252888144064,26.726880582235,2019
"Maumee",2019-04-07,2019,3.82935557921939,1.08305006280952,17.1353992080221,2019
"Maumee",2019-04-08,2019,2.83941783223212,0.842775412355748,16.2616061108911,2019
"Maumee",2019-04-09,2019,1.93749210657838,0.62458627119961,10.0188736563856,2019
"Maumee",2019-04-10,2019,1.77309201617324,0.495084134386034,9.41811213785525,2019
"Maumee",2019-04-11,2019,1.61710814564716,0.40427703641179,12.0190470284586,2019
"Maumee",2019-04-12,2019,1.46272922867942,0.277598247778575,8.7763753720765,2019
"Maumee",2019-04-13,2019,1.16377726953326,0.117445412521705,9.71593867225014,2019
"Maumee",2019-04-14,2019,1.49760271651552,0.018603760453609,10.0832381658561,2019
"Maumee",2019-04-15,2019,1.84842860144342,0.123228573429562,16.3781976685472,2019
"Maumee",2019-04-16,2019,4.26034432744502,0.120860831984256,41.7574174505604,2019
"Maumee",2019-04-17,2019,4.33337460750029,0.270835912968768,36.6832197676587,2019
"Maumee",2019-04-18,2019,5.76716574061878,0.39532990963919,34.0681363306714,2019
"Maumee",2019-04-19,2019,8.08625757487085,1.04068699558249,40.9456504124008,2019
"Maumee",2019-04-20,2019,24.5538321820646,3.24866087331932,108.490163118292,2019
"Maumee",2019-04-21,2019,71.6455944117758,6.34165429988321,245.248380871079,2019
"Maumee",2019-04-22,2019,65.2632284151989,7.70508599791775,223.332492656064,2019
"Maumee",2019-04-23,2019,41.1616871787201,6.55622441212301,145.83323518444,2019
"Maumee",2019-04-24,2019,26.889895910881,4.67386452627051,109.744767058404,2019
"Maumee",2019-04-25,2019,18.5665725053061,3.9135422437655,72.2640125941816,2019
"Maumee",2019-04-26,2019,25.4558601202079,4.44605776072124,102.34650609974,2019
"Maumee",2019-04-27,2019,51.2687408546267,7.48696155509272,210.805724114998,2019
"Maumee",2019-04-28,2019,61.8188747987919,7.66774174062167,582.638309008673,2019
"Maumee",2019-04-29,2019,56.2861219174994,6.93300333258391,189.54776304934,2019
"Maumee",2019-04-30,2019,33.2100917044107,5.85578682334246,105.690809727601,2019
"Maumee",2019-05-01,2019,26.8673140185892,4.4294760949566,124.461016832059,2019
"Maumee",2019-05-02,2019,23.6090870348841,3.85592538965155,98.6305125984555,2019
"Maumee",2019-05-03,2019,24.5826161433662,3.52239597831038,103.855064581551,2019
"Maumee",2019-05-04,2019,26.2796465723823,4.0870961965769,112.337849664791,2019
"Maumee",2019-05-05,2019,17.3918247910235,2.87981514396818,73.7458544710283,2019
"Maumee",2019-05-06,2019,13.6196701480752,2.58976545770961,57.0060420630777,2019
"Maumee",2019-05-07,2019,9.98692137975168,2.34308540063405,44.8643237367306,2019
"Maumee",2019-05-08,2019,7.48823377437677,1.83321905679763,26.566140568847,2019
"Maumee",2019-05-09,2019,4.48457297625792,1.28812202509536,18.9878728143686,2019
"Maumee",2019-05-10,2019,6.05766233467713,1.40061556871148,16.4572329323598,2019
"Maumee",2019-05-11,2019,7.37251075103962,1.56703163736672,25.9231805152952,2019
"Maumee",2019-05-12,2019,4.95615041279568,1.23234010264109,19.4495416199441,2019
"Maumee",2019-05-13,2019,4.63802158287421,1.02300070095872,25.600121835648,2019
"Maumee",2019-05-14,2019,9.14163224694303,1.39389564121114,47.3459886131383,2019
"Maumee",2019-05-15,2019,8.08450093362865,1.49772626858061,39.9715763292158,2019
"Maumee",2019-05-16,2019,5.38407115528633,0.755659109513871,27.6996292331178,2019
"Maumee",2019-05-17,2019,10.1627689971377,1.92557728366819,49.6371033123356,2019
"Maumee",2019-05-18,2019,80.3396637203761,3.37696745021597,262.824552411094,2019
"Maumee",2019-05-19,2019,73.8093349512014,5.19425930020758,224.370207674002,2019
"Maumee",2019-05-20,2019,52.7599667079018,5.76595332651475,169.393551095019,2019
"Maumee",2019-05-21,2019,35.5504063582386,5.49951037586012,114.04936993748,2019
"Maumee",2019-05-22,2019,23.4616319267122,4.31027893434378,69.2583456041149,2019
"Maumee",2019-05-23,2019,19.5077701179446,4.11880993209504,60.1527296676298,2019
"Maumee",2019-05-24,2019,16.8369659228917,4.24346295617597,58.5415373416534,2019
"Maumee",2019-05-25,2019,14.1120924082669,3.25663670960006,50.9832091778769,2019
"Maumee",2019-05-26,2019,7.3641923941824,2.1040549697664,29.4830702638517,2019
"Maumee",2019-05-27,2019,6.84209317261478,2.1652193584224,30.7172452981525,2019
"Maumee",2019-05-28,2019,13.4958978911909,2.29175624567393,57.010973272012,2019
"Maumee",2019-05-29,2019,32.542822883994,2.82794774238789,118.43102363576,2019
"Maumee",2019-05-30,2019,31.4771190418073,3.22992825988694,115.513979767229,2019
"Maumee",2019-05-31,2019,21.7705466762734,3.28342671183139,77.850523196466,2019
"Maumee",2019-06-01,2019,15.3582311969888,2.76891187445712,47.9575536655973,2019
"Maumee",2019-06-02,2019,43.6451570841974,4.52064093664405,131.937468985972,2019
"Maumee",2019-06-03,2019,34.6405738441029,3.86987087026512,117.107173452437,2019
"Maumee",2019-06-04,2019,20.3377708720066,3.20990711666688,64.8752321157595,2019
"Maumee",2019-06-05,2019,15.837063953309,3.16283500315722,61.0926550609842,2019
"Maumee",2019-06-06,2019,16.9355727037074,3.07994502365061,56.9789829375363,2019
"Maumee",2019-06-07,2019,12.9071735243481,2.86788808818026,44.2258531493061,2019
"Maumee",2019-06-08,2019,7.89167408195175,2.64597145325856,27.4872762620064,2019
"Maumee",2019-06-09,2019,5.35813745449619,2.05233436271889,20.6557522957514,2019
"Maumee",2019-06-10,2019,4.73844878409833,1.7295152945643,19.7704225415332,2019
"Maumee",2019-06-11,2019,5.02912564490115,2.06132063470023,21.718372229462,2019
"Maumee",2019-06-12,2019,5.34332099298816,1.89071358213427,24.5518749216276,2019
"Maumee",2019-06-13,2019,5.296089852068,2.06092184288619,24.8988115669622,2019
"Maumee",2019-06-14,2019,5.05980692553878,1.83160431693711,40.3181900265782,2019
"Maumee",2019-06-15,2019,3.63999063194041,1.2730021882196,18.3192971148476,2019
"Maumee",2019-06-16,2019,6.14099942586482,1.43245774944579,102.712526034335,2019
"Maumee",2019-06-17,2019,7.99102407805,2.23137204277546,63.4276749175675,2019
"Maumee",2019-06-18,2019,11.5055597528138,2.97112134335386,56.9680222790892,2019
"Maumee",2019-06-19,2019,11.37027880456,2.99108539981117,44.0354239416645,2019
"Maumee",2019-06-20,2019,10.7257871947162,2.91607339356346,47.0258732318337,2019
"Maumee",2019-06-21,2019,27.0285922785973,4.56433133906534,87.3251316568351,2019
"Maumee",2019-06-22,2019,34.5525705217047,5.41158045072826,132.324261706164,2019
"Maumee",2019-06-23,2019,25.2831074208879,4.71699765315072,99.0569507161651,2019
"Maumee",2019-06-24,2019,18.1200072261028,5.1102438959497,63.1423634326168,2019
"Maumee",2019-06-26,2019,8.2082609576352,4.08920636798554,26.8037030543869,2019
"Maumee",2019-06-27,2019,5.45018741284792,2.48718870030758,20.7842464434399,2019
"Maumee",2019-06-28,2019,4.41714535420355,1.81672913761597,14.1954227713719,2019
"Maumee",2019-06-29,2019,2.96713342521348,1.23730665099996,9.85040246427149,2019
"Maumee",2019-06-30,2019,2.19986286815716,0.997395452935661,9.60109641610963,2019
"Maumee",2019-07-01,2019,1.95536841856957,0.706962469841511,7.59423573754353,2019
"Maumee",2019-07-02,2019,1.75358302276752,0.48503360204208,9.02908705339872,2019
"Maumee",2019-07-03,2019,1.19121316770879,0.312611190420816,5.05442935248814,2019
"Maumee",2019-07-04,2019,2.51925515046697,0.449169522951475,11.7321126483956,2019
"Maumee",2019-07-05,2019,3.03164962236783,0.179774371137715,15.3380224829769,2019
"Maumee",2019-07-06,2019,3.17362440131614,0.30398701162032,12.7674544880534,2019
"Maumee",2019-07-07,2019,2.59213455836355,0.338330815850664,10.2644364439617,2019
"Maumee",2019-07-08,2019,1.91846155461282,0.401338971022483,8.89379414410892,2019
"Maumee",2019-07-09,2019,2.62230083484869,0.428591104190323,15.8014772887011,2019
"Maumee",2019-07-10,2019,1.52832974811586,0.194737627178519,10.1479941274139,2019
"Maumee",2019-07-11,2019,1.63447491750459,0.121457796417539,12.1891574261887,2019
"Maumee",2019-07-12,2019,2.01171974070598,0.431226066053624,16.2361628125771,2019
"Maumee",2019-07-13,2019,1.86527775946779,0.146195121765571,15.6686771680512,2019
"Maumee",2019-07-14,2019,1.36176394903718,0.290114928273139,9.02908705339872,2019
"Maumee",2019-07-15,2019,0.91696159061992,0.158282292330906,6.40505431490502,2019
"Maumee",2019-07-16,2019,0.628312895071642,0.0104370912802598,6.85368994070396,2019
"Maumee",2019-07-17,2019,1.29818479031704,0.0227751717599482,11.8279058673331,2019
"Maumee",2019-07-18,2019,5.4193460038408,0.356692365325195,36.9414393021794,2019
"Maumee",2019-07-19,2019,4.03643373345314,1.07534334983887,24.3432798905552,2019
"Maumee",2019-07-20,2019,3.88379922484986,1.38992403357441,22.1269515689719,2019
"Maumee",2019-07-21,2019,3.02386364034948,1.02080918091318,20.336787348637,2019
"Maumee",2019-07-22,2019,4.95663174595221,1.35873080700373,31.050190589582,2019
"Maumee",2019-07-23,2019,11.3388174740857,4.66337687242896,38.564554810199,2019
"Maumee",2019-07-24,2019,7.11104644570072,3.35563861236644,31.9088523645242,2019
"Maumee",2019-07-25,2019,5.26663552906681,1.68461405811901,21.155206014063,2019
"Maumee",2019-07-26,2019,3.11571395813664,1.57437136400544,11.7802612551456,2019
"Maumee",2019-07-27,2019,2.26490018590286,1.16978361249928,8.92685934077463,2019
"Maumee",2019-07-28,2019,1.510405646349,0.786084723006912,6.03600769451736,2019
"Maumee",2019-07-29,2019,1.06477332795393,0.343514701670556,4.64294959766822,2019
"Maumee",2019-07-30,2019,1.1981076175981,0.397732446825598,6.5306685713339,2019
"Maumee",2019-07-31,2019,1.18709802764002,0.313978826151164,8.07742788372447,2019
"Maumee",2019-08-01,2019,0.906368163162255,0.15172682907562,6.58813863091507,2019
"Maumee",2019-08-02,2019,0.56200286872679,0.0295790983540416,4.61138143339509,2019
"Maumee",2019-08-03,2019,0.376012727756298,0.0141891595379735,3.63715456156721,2019
"Maumee",2019-08-04,2019,0.350506199056527,0.00876265497641318,3.3889568121278,2019
"Maumee",2019-08-05,2019,0.279674737997187,0.00584176998427546,2.97930269198048,2019
"Maumee",2019-08-06,2019,0.316107346876393,0.0439943214724877,2.76349515619774,2019
"Maumee",2019-08-07,2019,0.213453930107255,0.0244412897069376,2.42620535824201,2019
"Maumee",2019-08-08,2019,0.376322464220452,0.0313602053517043,3.1323310992467,2019
"Maumee",2019-08-09,2019,0.222056089727835,0.0190333791195287,1.92871575077891,2019
"Maumee",2019-08-10,2019,0.244425129947107,0.00168569055135936,2.54033566089856,2019
"Maumee",2019-08-11,2019,0.299495098917423,0.00154378916967744,3.11536654440907,2019
"Maumee",2019-08-12,2019,0.206471794950373,0.00126282443394724,2.05714100290005,2019
"Maumee",2019-08-13,2019,0.285845145057237,0.00312740858924767,2.91161739658958,2019
"Maumee",2019-08-14,2019,0.287678726207215,0.0126917085091419,3.04812532694557,2019
"Maumee",2019-08-15,2019,0.588562501404684,0.00375598277858765,5.86684510015391,2019
"Maumee",2019-08-16,2019,0.923563479005405,0.0893935889524037,6.85265711883712,2019
"Maumee",2019-08-17,2019,1.29192816267265,0.223725877538144,8.52644177728703,2019
"Maumee",2019-08-18,2019,0.97881143634671,0.0656553227286781,6.90748707874635,2019
"Maumee",2019-08-19,2019,1.58141206474406,0.207219511931981,11.3670808584793,2019
"Maumee",2019-08-20,2019,5.07031252093433,1.38225401923694,29.7645365475689,2019
"Maumee",2019-08-21,2019,5.9664696563968,1.57316764883669,28.0393998586775,2019
"Maumee",2019-08-22,2019,3.58091537414334,0.940505231758942,19.1521065376366,2019
"Maumee",2019-08-23,2019,7.4768617854159,2.2495344681847,24.2790664571247,2019
"Maumee",2019-08-24,2019,4.22117220637418,1.30551717722913,18.2244923124308,2019
"Maumee",2019-08-25,2019,2.49075482882378,0.832775170731356,11.128904554319,2019
"Maumee",2019-08-26,2019,1.7686066276718,0.619407686293402,8.47402430397143,2019
"Maumee",2019-08-27,2019,1.13732587335753,0.453418952833567,5.36545760853054,2019
"Maumee",2019-08-28,2019,2.0419119508919,0.801057765349901,10.8142798322237,2019
"Maumee",2019-08-29,2019,1.90298560507421,0.76333157042688,9.61797778737869,2019
"Maumee",2019-08-30,2019,1.17502931512797,0.461566049402546,6.56995078830433,2019
"Maumee",2019-08-31,2019,0.84136167226844,0.286542927975629,4.49514218261768,2019
"Maumee",2019-09-01,2019,0.641154480798747,0.20132870170009,3.69825338199857,2019
"Maumee",2019-09-02,2019,0.593057252135215,0.197976893201741,2.8881335008254,2019
"Maumee",2019-09-03,2019,0.530345159788663,0.12901771485542,3.07720975218992,2019
"Maumee",2019-09-04,2019,0.783556921152537,0.197071660249632,5.15145319892538,2019
"Maumee",2019-09-05,2019,0.909832514135731,0.251018651044224,5.09083439661619,2019
"Maumee",2019-09-06,2019,0.609768831061362,0.161209755892846,3.7417632815129,2019
"Maumee",2019-09-07,2019,0.575964937122562,0.0980783204976691,3.97707589618048,2019
"Maumee",2019-09-08,2019,0.500008112330397,0.0618885750176871,3.27751578531168,2019
"Maumee",2019-09-09,2019,0.336036890308006,0.0540702982021225,2.19018084445881,2019
"Maumee",2019-09-10,2019,0.348315535312424,0.037241283649756,2.81062158368453,2019
"Maumee",2019-09-11,2019,0.233112164621293,0.00617515667870976,2.13969178917293,2019
"Maumee",2019-09-12,2019,0.177535754512906,0.00308757833935488,5.015771012282,2019
"Maumee",2019-09-13,2019,0.357608607867262,0.00227776183354944,3.25947718380925,2019
"Maumee",2019-09-14,2019,0.280976479292824,-0.00334495808681933,2.44683684050834,2019
"Maumee",2019-09-15,2019,0.249262009802024,0.024720199319209,1.90345534757909,2019
"Maumee",2019-09-16,2019,0.257853176143149,0.0489555417334986,1.72211962629611,2019
"Maumee",2019-09-17,2019,0.297951309747746,0.0694705126354848,2.05941475234971,2019
"Maumee",2019-09-18,2019,0.229076782915325,0.0524937249201254,1.60397492811494,2019
"Maumee",2019-09-19,2019,0.152681238196208,0.0288304462368922,1.55324029101257,2019
"Maumee",2019-09-20,2019,0.161156714135004,0.0203281068985989,1.5494534813821,2019
"Maumee",2019-09-21,2019,0.194511343406247,0.0240542414555224,1.89919170037466,2019
"Maumee",2019-09-22,2019,0.147230806125806,0.0128112481903311,1.47329354188808,2019
"Maumee",2019-09-23,2019,0.121443524726852,0.00464115381121728,1.25311152902867,2019
"Maumee",2019-09-24,2019,0.0789827983592659,0.00464604696230976,0.798087622636765,2019
"Maumee",2019-09-25,2019,0.124109884309663,0.00657052328698214,1.19510518008775,2019
"Maumee",2019-09-26,2019,0.12723513991243,0.00664661178647021,1.32837284132455,2019
"Maumee",2019-09-27,2019,0.153372395788021,0.00262175035535078,1.65170272387099,2019
"Maumee",2019-09-28,2019,0.264540751759515,0.00477510382237392,2.80298594373349,2019
"Maumee",2019-09-29,2019,0.503193309034047,0.0890125348110768,4.12182533645578,2019
"Maumee",2019-09-30,2019,1.4261741177238,0.407094268153285,9.47838352643687,2019
"Maumee",2019-10-01,2019,2.98698820129641,1.63929695480119,18.1544256508873,2020
"Maumee",2019-10-02,2019,1.93952276428176,1.21594804648128,11.2047043578926,2020
"Maumee",2019-10-03,2019,1.75263864460667,0.786163013424392,10.2489691933584,2020
"Maumee",2019-10-04,2019,1.55427029931753,1.02569254570347,8.02934778108976,2020
"Maumee",2019-10-05,2019,1.55278033480987,0.919949104019434,7.96312632077968,2020
"Maumee",2019-10-06,2019,1.29925394383075,0.60491580380784,6.59621233021766,2020
"Maumee",2019-10-07,2019,1.05982934245843,0.410887683537731,5.66601071545085,2020
"Maumee",2019-10-08,2019,0.745011612736635,0.261470421777761,4.04383707105606,2020
"Maumee",2019-10-09,2019,0.629330181183769,0.196457569787526,4.11228980826431,2020
"Maumee",2019-10-10,2019,0.567879543188859,0.188229736225521,3.65612335109232,2020
"Maumee",2019-10-11,2019,0.641154480798747,0.167257690643151,3.47214576316616,2020
"Maumee",2019-10-12,2019,0.517807928059511,0.168588627740306,2.69500963487718,2020
"Maumee",2019-10-13,2019,0.440843554525893,0.140081129475517,2.14241727433144,2020
"Maumee",2019-10-14,2019,0.39126321176623,0.143743653068239,2.17368450981239,2020
"Maumee",2019-10-15,2019,0.243337627116803,0.0811125423722678,1.58235943316391,2020
"Maumee",2019-10-16,2019,0.400701121593406,0.106590446138147,2.51869276430141,2020
"Maumee",2019-10-17,2019,0.237679921166124,0.0874895415335424,1.5733535885782,2020
"Maumee",2019-10-18,2019,0.229649036935591,0.0780506530761485,1.80867378762998,2020
"Maumee",2019-10-19,2019,0.228148062837972,0.0735477307832938,1.64656858508721,2020
"Maumee",2019-10-20,2019,0.236265800500397,0.0700650304932211,1.88360872674799,2020
"Maumee",2019-10-21,2019,0.207023785888282,0.0466458656811571,1.78459744544202,2020
"Maumee",2019-10-22,2019,0.250430494282908,0.0468431140385295,2.08271691648231,2020
"Maumee",2019-10-23,2019,0.153762379930092,0.022824103270873,1.38145888218442,2020
"Maumee",2019-10-24,2019,0.150567152266702,0.0064344936866112,1.5275488012015,2020
"Maumee",2019-10-25,2019,0.214036997991435,-0.00900829116125568,2.48809001873882,2020
"Maumee",2019-10-26,2019,0.179465490975002,-0.00694705126354848,2.18446167509358,2020
"Maumee",2019-10-27,2019,1.09305182674759,0.119359721965774,9.42537194302613,2020
"Maumee",2019-10-28,2019,1.56331963857962,0.351984746211638,12.4621626361418,2020
"Maumee",2019-10-29,2019,1.83030763189761,0.421525394012782,13.266957137876,2020
"Maumee",2019-10-30,2019,1.8502863678082,0.855508750707018,10.8729193549159,2020
"Maumee",2019-10-31,2019,5.90187419019475,1.80527916405957,27.5739033856599,2020
"Maumee",2019-11-01,2019,11.9024160537521,3.01119081396672,58.9864905994135,2020
"Maumee",2019-11-02,2019,12.0896307329676,3.36673260918086,62.9476975716543,2020
"Maumee",2019-11-03,2019,6.87629629875122,2.39928324093118,32.9468585249519,2020
"Maumee",2019-11-04,2019,5.18545097582097,2.40818290413818,23.8014286490776,2020
"Maumee",2019-11-05,2019,4.20168523214837,2.31067806094855,19.4242929603069,2020
"Maumee",2019-11-07,2019,2.966472849816,1.5010352620069,14.9154254888748,2020
"Maumee",2019-11-08,2019,2.29704672063512,1.17417766218032,10.8241419782506,2020
"Maumee",2019-11-09,2019,1.76219496869028,1.14912228201128,7.74120968585798,2020
"Maumee",2019-11-10,2019,1.34757381086899,0.958124979527853,5.96301411309529,2020
"Maumee",2019-11-11,2019,1.10171645559712,0.727830780620719,5.54458608372405,2020
"Maumee",2019-11-12,2019,0.70709311697568,0.359064564974829,4.42622948920673,2020
"Maumee",2019-11-13,2019,0.605321935348516,0.270783066936969,3.87549310087038,2020
"Maumee",2019-11-14,2019,0.586210755126617,0.31392304422871,3.40451752191699,2020
"Maumee",2019-11-15,2019,0.499243312814642,0.248992886491937,3.11869878030305,2020
"Maumee",2019-11-16,2019,0.444566263877052,0.214031321936168,2.50906597884206,2020
"Maumee",2019-11-17,2019,0.498733935785915,0.254784420124997,3.20778838224384,2020
"Maumee",2019-11-18,2019,0.422882509468281,0.229632400221876,2.76564569610289,2020
"Maumee",2019-11-19,2019,0.484300852665981,0.259771275060898,3.18265226508177,2020
"Maumee",2019-11-20,2019,0.471253020620329,0.253128088480192,2.57549539807357,2020
"Maumee",2019-11-21,2019,0.340936174149855,0.1803502950213,2.10271424636706,2020
"Maumee",2019-11-22,2019,0.401876456485819,0.182551723697807,2.69887620287045,2020
"Maumee",2019-11-23,2019,0.454883228297991,0.244139859238416,2.80223423339691,2020
"Maumee",2019-11-24,2019,0.346750705593049,0.162748651911431,1.84875481151626,2020
"Maumee",2019-11-25,2019,0.366007701717504,0.139216020362367,2.07892374575542,2020
"Maumee",2019-11-26,2019,0.28143080837176,0.115978690481734,2.1384415890688,2020
"Maumee",2019-11-27,2019,0.414673759195537,0.126697137949812,2.95207475272638,2020
"Maumee",2019-11-28,2019,1.2364890054524,0.523129963845247,7.06565145972801,2020
"Maumee",2019-11-29,2019,1.66187362773182,0.770199597300285,8.29644532662387,2020
"Maumee",2019-11-30,2019,2.35444680815568,0.825950203587565,8.67492077732502,2020
"Maumee",2019-12-01,2019,5.01351282305282,1.81551318956949,16.3613271709472,2020
"Maumee",2019-12-02,2019,4.38650444206244,2.17523930857203,18.4452223582126,2020
"Maumee",2019-12-03,2019,3.68249988205633,1.4522309730105,18.9157477672655,2020
"Maumee",2019-12-04,2019,4.00851830647054,1.3859238825563,17.7966841124153,2020
"Maumee",2019-12-05,2019,3.46277293224852,1.26526611634239,15.2454195985517,2020
"Maumee",2019-12-06,2019,2.49253202130057,1.02047889321444,11.5950065547843,2020
"Maumee",2019-12-07,2019,1.86181463178209,0.756914202769093,8.59367000343439,2020
"Maumee",2019-12-08,2019,1.60119072514332,0.644861042751301,7.1063233316087,2020
"Maumee",2019-12-09,2019,1.36563443155134,0.550019541701307,6.87977043602688,2020
"Maumee",2019-12-10,2019,1.85145501539412,0.672613364697483,11.939981862056,2020
"Maumee",2019-12-11,2019,2.08248228988743,0.61149097558836,13.0204915639233,2020
"Maumee",2019-12-12,2019,2.26321938850259,0.73890496017322,14.1192853403729,2020
"Maumee",2019-12-13,2019,1.83830793393381,0.626812654946688,10.2961685287964,2020
"Maumee",2019-12-14,2019,1.32390319245912,0.468458052716304,8.11450818270328,2020
"Maumee",2019-12-15,2019,1.02391388528136,0.390062432488136,7.32034976039378,2020
"Maumee",2019-12-16,2019,0.863819767837596,0.310558513537521,6.39737913557474,2020
"Maumee",2019-12-17,2019,0.696848326533354,0.275371864031497,4.07897968220225,2020
"Maumee",2019-12-19,2019,0.650632514464881,0.24457926420652,3.71174869271163,2020
"Maumee",2019-12-21,2019,0.535711967906895,0.215049097363404,2.73414603594505,2020
"Maumee",2019-12-23,2019,0.427017956114091,0.183566563234387,2.22386377426577,2020
"Maumee",2019-12-25,2019,0.478290839836643,0.212176817672118,2.88260424009089,2020
"Maumee",2019-12-27,2019,0.4342671594576,0.155641349949604,3.07808562623547,2020
"Maumee",2019-12-29,2019,0.643664667309189,0.165598912422801,4.17190062144845,2020
"Maumee",2019-12-30,2019,11.2725968293008,1.2620659955279,31.214634106703,2020
"Maumee",2019-12-31,2019,48.2210987834383,5.15972996399831,131.559951505518,2020
"Maumee",2020-01-01,2020,39.3178880418936,5.25216158813526,102.870672677644,2020
"Maumee",2020-01-02,2020,20.9027096313888,3.40480132468036,65.4348862719619,2020
"Maumee",2020-01-03,2020,14.4798127128668,3.7432605857472,52.2588536676864,2020
"Maumee",2020-01-04,2020,10.8666365489132,2.91888695544163,43.9534636608655,2020
"Maumee",2020-01-05,2020,8.6932162692598,3.73145830531214,42.1366366602277,2020
"Maumee",2020-01-06,2020,7.41619741563717,2.20716283794325,27.2176942190051,2020
"Maumee",2020-01-07,2020,4.80035982173776,1.51870932375293,19.3149554991455,2020
"Maumee",2020-01-08,2020,4.20478259678991,1.3885955430528,16.3274420996318,2020
"Maumee",2020-01-09,2020,2.99371791509893,1.00122679024107,9.68848809462133,2020
"Maumee",2020-01-10,2020,3.62533564441843,1.04082216888142,12.9518039554626,2020
"Maumee",2020-01-11,2020,29.6294488787832,4.18692259530236,87.4900308486517,2020
"Maumee",2020-01-12,2020,102.719857605722,11.4146395686809,281.479141830885,2020
"Maumee",2020-01-13,2020,122.076498674549,17.6968882958842,333.885296336563,2020
"Maumee",2020-01-14,2020,97.8116029868699,16.0886536079015,279.547896647201,2020
"Maumee",2020-01-15,2020,63.5424763974489,12.8011764543324,191.935482652892,2020
"Maumee",2020-01-16,2020,44.4824989241067,9.99702573675765,148.598148267088,2020
"Maumee",2020-01-17,2020,31.2890100033087,6.91030369884396,120.868171710895,2020
"Maumee",2020-01-18,2020,24.0440881670055,5.97025597671216,92.1576076757683,2020
"Maumee",2020-01-19,2020,23.846649520424,5.68559691190714,94.8708599565485,2020
"Maumee",2020-01-20,2020,21.4762695113522,5.5196854494583,82.2837486684472,2020
"Maumee",2020-01-21,2020,15.1899883519257,4.06214996086139,53.4272837802252,2020
"Maumee",2020-01-22,2020,9.03941160220385,2.62586060226847,32.5844717550428,2020
"Maumee",2020-01-23,2020,5.32747941632626,1.69376425066195,19.7146280803792,2020
"Maumee",2020-01-24,2020,4.95794864582217,1.67510911212187,17.8553529940141,2020
"Maumee",2020-01-25,2020,6.97067430965607,1.67841606673521,26.4943471686513,2020
"Maumee",2020-01-26,2020,9.39414059065319,2.09554088686548,35.9235580605512,2020
"Maumee",2020-01-27,2020,9.88925408394578,3.12261330117704,38.4366804616489,2020
"Maumee",2020-01-28,2020,8.62420326625146,4.3405920053617,32.3114339240824,2020
"Maumee",2020-01-29,2020,7.28379792173295,3.79635127510061,26.5311545385358,2020
"Maumee",2020-01-30,2020,6.31245849836475,3.47991119394993,25.8681325655048,2020
"Maumee",2020-01-31,2020,4.69238999630664,2.7319000795936,19.7753765511924,2020
"Maumee",2020-02-01,2020,4.05685285296206,2.0416575070351,15.7958746307002,2020
"Maumee",2020-02-02,2020,3.27788032506807,1.45591551578314,14.6750983729677,2020
"Maumee",2020-02-03,2020,2.77003811473357,0.978047933515995,13.7321881574468,2020
"Maumee",2020-02-04,2020,2.47976334352475,0.803934938192279,12.9699575460157,2020
"Maumee",2020-02-05,2020,2.03185652539686,0.357004303707341,12.5788235134383,2020
"Maumee",2020-02-06,2020,2.03380155295612,0.698793354092615,12.7093972503412,2020
"Maumee",2020-02-07,2020,1.92796269482578,0.836263987460295,12.4138019928444,2020
"Maumee",2020-02-08,2020,1.79857554706287,0.824601161831368,10.1512823249481,2020
"Maumee",2020-02-09,2020,1.4223680718931,0.691123339755153,8.91730301669101,2020
"Maumee",2020-02-10,2020,1.71100404524853,0.632952336279977,9.22442164501052,2020
"Maumee",2020-02-11,2020,10.5807650700041,1.74879588994871,43.63347876359,2020
"Maumee",2020-02-12,2020,19.8245200986645,3.01303933771277,64.9961337240029,2020
"Maumee",2020-02-13,2020,17.8996482442788,3.92272913494164,59.124800951877,2020
"Maumee",2020-02-14,2020,11.9666903117691,3.4486928899799,38.6754662349619,2020
"Maumee",2020-02-15,2020,9.0859699348488,3.2294797210368,29.144831194584,2020
"Maumee",2020-02-16,2020,5.31867908408643,1.91824734333166,21.0513146300675,2020
"Maumee",2020-02-17,2020,4.92886239651983,1.69664387007988,18.5915765073887,2020
"Maumee",2020-02-18,2020,3.73081974909457,1.49761984254434,14.7821605188712,2020
"Maumee",2020-02-19,2020,10.1292814943485,2.50521384564451,36.826833752223,2020
"Maumee",2020-02-20,2020,9.00628496930777,2.10496020271851,33.8016430892972,2020
"Maumee",2020-02-21,2020,10.5498784129415,1.81873532956389,41.0466872543777,2020
"Maumee",2020-02-22,2020,5.98637890956188,1.24479317217145,24.5100384797869,2020
"Maumee",2020-02-23,2020,4.27902637831611,1.0076833031076,15.349032072935,2020
"Maumee",2020-02-24,2020,3.78558389612161,0.871957893629572,14.4616346565583,2020
"Maumee",2020-02-25,2020,3.64815240796267,0.858938849622847,14.0529342115589,2020
"Maumee",2020-02-26,2020,4.94642160513606,0.850854140730297,19.9966081449611,2020
"Maumee",2020-02-27,2020,7.11301063810176,1.24353998180832,30.9219964872,2020
"Maumee",2020-02-28,2020,8.4234739755602,1.42568685162157,40.0270157310935,2020
"Maumee",2020-02-29,2020,5.30373540065,1.06545918463206,27.2516710369035,2020
"Maumee",2020-03-01,2020,3.8493245288278,0.822225536975969,17.8148866344793,2020
"Maumee",2020-03-02,2020,10.0557300937019,1.2224525733929,38.5068849469482,2020
"Maumee",2020-03-03,2020,48.0320518909803,3.62292168987948,137.616612375272,2020
"Maumee",2020-03-04,2020,47.3881295177136,3.98526768352944,135.413878858474,2020
"Maumee",2020-03-05,2020,26.3814676097823,3.01595619944734,81.9259743730472,2020
"Maumee",2020-03-06,2020,17.0706261204354,2.44020221694204,64.520600990332,2020
"Maumee",2020-03-07,2020,9.49973479122891,1.76402990034997,37.9073638422199,2020
"Maumee",2020-03-08,2020,5.98261118322067,0.848411235047376,26.0296065515566,2020
"Maumee",2020-03-09,2020,4.38983178480532,0.831752502153028,18.3547479945127,2020
"Maumee",2020-03-10,2020,3.03719356255561,0.497501351025719,13.3014929982867,2020
"Maumee",2020-03-11,2020,2.51900886186198,0.563492833234451,11.9036420599425,2020
"Maumee",2020-03-12,2020,2.20857267710177,0.632841017092623,10.0659947014062,2020
"Maumee",2020-03-13,2020,1.99452667571233,0.480688483871958,10.388159769335,2020
"Maumee",2020-03-14,2020,1.69610317688416,0.466522811459228,8.87715471197722,2020
"Maumee",2020-03-15,2020,2.7961226876824,0.779337067650382,14.4551512313607,2020
"Maumee",2020-03-16,2020,2.37172990712943,0.681097273166661,14.3873321572189,2020
"Maumee",2020-03-23,2020,29.133772673115,4.45002732954501,NA,2020
"Maumee",2020-03-24,2020,21.3272883516833,3.61775126022509,NA,2020
"Maumee",2020-03-25,2020,17.942328754683,2.83100596182069,NA,2020
"Maumee",2020-03-26,2020,9.15409972408495,1.59634895213731,NA,2020
"Maumee",2020-03-27,2020,5.98314942984084,1.4901357679484,NA,2020
"Maumee",2020-03-28,2020,18.6275949925804,1.59930196882163,NA,2020
"Maumee",2020-03-29,2020,53.8315124288095,4.20948002183869,NA,2020
"Maumee",2020-03-30,2020,105.453375687277,7.28790816865064,NA,2020
"Maumee",2020-03-31,2020,87.5922977064845,6.74667672631143,NA,2020
"Maumee",2020-04-01,2020,61.9405647480447,5.05029463981499,NA,2020
"Maumee",2020-04-02,2020,43.486559183621,4.39725469501261,NA,2020
"Maumee",2020-04-03,2020,26.0848012958798,2.9347162992258,NA,2020
"Maumee",2020-04-04,2020,13.3235121782029,1.50728626252754,NA,2020
"Maumee",2020-04-05,2020,8.00696650799276,1.36300925599022,NA,2020
"Maumee",2020-04-06,2020,4.54525049638022,1.02317991261748,NA,2020
"Maumee",2020-04-07,2020,3.53955625919171,0.727513704429926,NA,2020
"Maumee",2020-04-08,2020,12.3738983456853,1.72806523982024,NA,2020
"Maumee",2020-04-09,2020,15.9962002364264,3.02372271759802,NA,2020
"Maumee",2020-04-10,2020,19.4117420277547,2.66478561920915,NA,2020
"Maumee",2020-04-11,2020,9.09891231948841,1.58772966648791,37.3269137938744,2020
"Maumee",2020-04-12,2020,7.62680047358916,1.54866030159,42.8040869349974,2020
"Maumee",2020-04-13,2020,6.67428255589818,1.59668413298715,28.5581423785957,2020
"Maumee",2020-04-14,2020,5.29961536743013,1.31846445501983,19.3664559143938,2020
"Maumee",2020-04-15,2020,3.44490069788323,1.09949105048026,15.1565355089568,2020
"Maumee",2020-04-16,2020,2.97406702031153,0.637910321624433,9.81546536547118,2020
"Maumee",2020-04-17,2020,2.49763557789003,0.769252283248781,12.6001576522015,2020
"Maumee",2020-04-18,2020,1.73959105721857,0.584775593911192,13.3552197972821,2020
"Maumee",2020-04-19,2020,1.72718447262359,0.584780487062285,10.6093301987151,2020
"Maumee",2020-04-20,2020,1.57525213120209,0.568241636369702,9.5049459971424,2020
"Maumee",2020-04-21,2020,1.51425410968323,0.503104009026609,10.8626975622838,2020
"Maumee",2020-04-22,2020,1.12478864162838,0.347178856313641,7.39526390361965,2020
"Maumee",2020-04-23,2020,0.954626865811839,0.290286188561376,6.21212443521345,2020
"Maumee",2020-04-24,2020,0.713377390923752,0.149510231630726,6.36486414656521,2020
"Maumee",2020-04-25,2020,0.71143970309113,0.0601123611711168,6.89640714974131,2020
"Maumee",2020-04-26,2020,1.39794635479053,0.0253807747166938,9.61797778737869,2020
"Maumee",2020-04-27,2020,0.576530634320364,0.0102951898985779,6.00338260960825,2020
"Maumee",2020-04-28,2020,0.547563179852882,0.0144788340826483,7.10120998871706,2020
"Maumee",2020-04-29,2020,0.614423196380529,0.0147968889036595,7.90576635709809,2020
"Maumee",2020-04-30,2020,0.630707603216302,-0.0148751793211392,11.6770157670943,2020
"Maumee",2020-05-01,2020,0.707402853439834,0.0510404590456589,21.7145812606531,2020
"Maumee",2020-05-02,2020,0.692635323442729,0.052846031798784,6.64450773150044,2020
"Maumee",2020-05-03,2020,0.64981658152021,0.022034471013324,7.94442836716754,2020
"Maumee",2020-05-04,2020,0.53967786686735,0.0364368496101523,6.64800633453156,2020
"Maumee",2020-05-05,2020,0.604910910656748,0,7.51313991343749,2020
"Maumee",2020-05-06,2020,0.414988144153229,0.0005382466201728,5.59238238359539,2020
"Maumee",2020-05-07,2020,0.487622078970002,0,5.5300436386772,2020
"Maumee",2020-05-08,2020,0.537855168085402,0,16.9928617166982,2020
"Maumee",2020-05-09,2020,0.406288121510799,0.00094927131194112,5.41084647806438,2020
"Maumee",2020-05-10,2020,0.422102785841695,0,5.78986996168789,2020
"Maumee",2020-05-11,2020,0.450027999126478,0,17.2308890515918,2020
"Maumee",2020-05-12,2020,0.492094419068529,0,5.53669832416297,2020
"Maumee",2020-05-13,2020,0.40706857911005,0,5.13333141385438,2020
"Maumee",2020-05-14,2020,0.416624903193663,0,5.66729652682126,2020
"Maumee",2020-05-15,2020,0.389394517364012,0,4.45722026165096,2020
"Maumee",2020-05-16,2020,0.555820372321442,0.00306800573498496,7.62910759432927,2020
"Maumee",2020-05-17,2020,7.45903144865685,0.399432816830235,52.2185341026844,2020
"Maumee",2020-05-18,2020,3.7003182917596,0.19203660777547,34.1536074473793,2020
"Maumee",2020-05-19,2020,118.271645549426,7.92947367414115,423.292066214722,2020
"Maumee",2020-05-20,2020,127.286126546813,16.4409876707328,535.31855855906,2020
"Maumee",2020-05-21,2020,94.9819344863478,20.2928762107331,416.661601826857,2020
"Maumee",2020-05-22,2020,61.8356066571109,17.8853235444556,280.54930720245,2020
"Maumee",2020-05-23,2020,35.3361352718989,11.2206315646987,168.148488799537,2020
"Maumee",2020-05-24,2020,23.61336854209,8.24310019341366,114.984157522188,2020
"Maumee",2020-05-25,2020,15.7259025700778,4.86633662449321,85.3218755995738,2020
"Maumee",2020-05-26,2020,9.7302756049511,3.61334742424186,50.368874058216,2020
"Maumee",2020-05-27,2020,7.80499191034846,3.62633874039239,44.0904718914549,2020
"Maumee",2020-05-28,2020,5.67429373288351,2.77231261446639,30.8351702394812,2020
"Maumee",2020-05-30,2020,3.86587805897366,1.72831968367705,20.4238658654787,2020
"Maumee",2020-05-31,2020,3.12276009570981,1.46581680701877,20.6077504835341,2020
"Maumee",2020-06-01,2020,2.93561419245128,1.26188250236194,15.3766783766075,2020
"Maumee",2020-06-02,2020,1.80899306573876,0.779596404658284,9.31489600871048,2020
"Maumee",2020-06-03,2020,1.7247403436529,0.617549919928623,10.6319610225179,2020
"Maumee",2020-06-04,2020,1.61092320266627,0.515248810038144,10.9127055664489,2020
"Maumee",2020-06-05,2020,1.50948818051916,0.218958725086295,10.7074134123639,2020
"Maumee",2020-06-06,2020,1.05859409364931,0.00678190741417728,9.35286686118812,2020
"Maumee",2020-06-07,2020,1.54746392614789,0.024903692485177,14.4355541612353,2020
"Maumee",2020-06-08,2020,0.984991314916224,0.0096884391631104,9.61093164980552,2020
"Maumee",2020-06-09,2020,0.999612050380554,0.00055781922454272,7.85967287380693,2020
"Maumee",2020-06-10,2020,0.648787796503016,0.120880404588626,5.55766547659425,2020
"Maumee",2020-06-11,2020,0.82502931255196,0.144937581934804,6.71597220320611,2020
"Maumee",2020-06-12,2020,0.672539151905914,0.15692580211138,5.10580743895918,2020
"Maumee",2020-06-13,2020,0.686117646187546,0.079024390143552,5.12263987871731,2020
"Maumee",2020-06-14,2020,1.13540433292351,0.0672539151905914,8.14394048652455,2020
"Maumee",2020-06-15,2020,0.867049247558632,0.135102348238919,7.18835700967413,2020
"Maumee",2020-06-16,2020,0.704246770985184,0.0291582873600883,6.51366487128753,2020
"Maumee",2020-06-17,2020,0.770084118934502,0.00626812654946688,7.25311786438311,2020
"Maumee",2020-06-18,2020,0.499069605950859,0.0102413652365606,6.16845306171306,2020
"Maumee",2020-06-19,2020,0.507028316202778,0.00845047193671296,5.10485327449615,2020
"Maumee",2020-06-20,2020,0.431157561938329,0.079993234059863,3.0310869099922,2020
"Maumee",2020-06-21,2020,0.555910895616653,0.0287717284237824,5.7372196559328,2020
"Maumee",2020-06-22,2020,0.384654413164036,0.0560744241529114,3.36345691636618,2020
"Maumee",2020-06-23,2020,0.37799592189408,0.02354828963256,3.1744317712464,2020
"Maumee",2020-06-24,2020,0.718882185902792,0.0723550252045018,5.68726058327858,2020
"Maumee",2020-06-25,2020,0.80471539579153,0.0941075283861216,6.74885417854758,2020
"Maumee",2020-06-26,2020,0.820023618984353,0.0245734047864346,7.09443297445398,2020
"Maumee",2020-06-27,2020,0.801772165409403,0.0577000376825242,6.37283998284595,2020
"Maumee",2020-06-28,2020,0.57106743112561,0.0274138789956192,3.82142867444957,2020
"Maumee",2020-06-29,2020,0.560816279586864,0.0285270708691584,4.66028603198888,2020
"Maumee",2020-06-30,2020,0.751309098192657,0.111035384590556,5.4015984224996,2020
"Maumee",2020-07-01,2020,0.424617865503229,0.0938017064428416,3.00693920935081,2020
"Maumee",2020-07-02,2020,0.357133482896182,0.0825631170136335,2.40489079208316,2020
"Maumee",2020-07-03,2020,0.434416400565921,0.13320502890281,2.38088988597455,2020
"Maumee",2020-07-04,2020,0.313908120117878,0.0740248130148106,1.99759712802286,2020
"Maumee",2020-07-05,2020,0.29418798724252,0.0603462537933373,2.25010574357474,2020
"Maumee",2020-07-06,2020,0.241038797549384,0.0412607897988465,1.54885847420925,2020
"Maumee",2020-07-07,2020,0.284942867568388,0.0738229705322458,1.7300102673795,2020
"Maumee",2020-07-08,2020,0.419647891938597,0.149218599825615,2.25240063143712,2020
"Maumee",2020-07-09,2020,0.375966242820919,0.144524110667489,1.868635684405,2020
"Maumee",2020-07-10,2020,0.342521555103818,0.12298592750372,1.75858382318403,2020
"Maumee",2020-07-11,2020,0.487382314566471,0.173584535005728,2.37366759496205,2020
"Maumee",2020-07-12,2020,0.372694682000487,0.0855993172665174,2.31610945866121,2020
"Maumee",2020-07-13,2020,0.350705323121819,0.115920108589488,1.59343154671929,2020
"Maumee",2020-07-14,2020,0.473828286040301,0.192149150250597,1.94243418918179,2020
"Maumee",2020-07-15,2020,0.399750871651246,0.17155974908366,1.47199930342412,2020
"Maumee",2020-07-16,2020,0.435858656850429,0.189834689783854,1.73940511747706,2020
"Maumee",2020-07-17,2020,0.373013715451717,0.146260200675101,1.49607116022358,2020
"Maumee",2020-07-18,2020,0.35290580035228,0.133610426470822,1.37785752298035,2020
"Maumee",2020-07-19,2020,0.377078945379349,0.142978853552484,1.44830911240988,2020
"Maumee",2020-07-20,2020,0.41805631299325,0.175577651366559,1.94402935643793,2020
"Maumee",2020-07-21,2020,0.355729882505304,0.154464302454308,1.24937316159401,2020
"Maumee",2020-07-22,2020,0.376398063404831,0.138285832339687,1.88934594640392,2020
"Maumee",2020-07-23,2020,0.297947639884427,0.110091006429708,1.52575790790165,2020
"Maumee",2020-07-24,2020,0.299492652341877,0.12741398458486,1.82447254921982,2020
"Maumee",2020-07-25,2020,0.295916737523493,0.111132758297297,1.71852848834099,2020
"Maumee",2020-07-26,2020,0.249838667658272,0.0943218484039722,1.56006379021103,2020
"Maumee",2020-07-27,2020,0.252358123971618,0.0903417049370035,1.55812229659422,2020
"Maumee",2020-07-28,2020,0.335919715649844,0.114034886210246,1.85741568894995,2020
"Maumee",2020-07-29,2020,0.298776784337047,0.0909030037356564,1.63090683172795,2020
"Maumee",2020-07-30,2020,0.354190741829165,0.0932321436556769,2.11600404473424,2020
"Maumee",2020-07-31,2020,0.26287671340174,0.0670638162706485,1.62869268085861,2020
"Maumee",2020-08-01,2020,0.245671415530362,0.0563524638716552,1.68424217863599,2020
"Maumee",2020-08-02,2020,0.286244201101433,0.0745270949744536,1.70276030894548,2020
"Maumee",2020-08-03,2020,0.257355037051431,0.0778815947059033,1.70993733831037,2020
"Maumee",2020-08-10,2020,0.206414642945613,0.0456217835258465,1.5170040605972,2020
"Maumee",2020-08-11,2020,0.228259137367772,0.0619157320062503,1.69518571105432,2020
"Maumee",2020-08-12,2020,0.207832188817105,0.0543702483640915,1.67399102709724,2020
"Maumee",2020-08-13,2020,0.262066162923271,0.0670444883238332,1.79464390016007,2020
"Maumee",2020-08-14,2020,0.254437985027649,0.0728404257928758,1.9351385009029,2020
"Maumee",2020-08-15,2020,0.270770834059238,0.0750083363843991,1.94280851524036,2020
"Maumee",2020-08-16,2020,0.215724841529275,0.0690061525968085,1.56876136627791,2020
"Maumee",2020-08-17,2020,0.342112596409178,0.0639853446291602,2.36810082006917,2020
"Maumee",2020-08-18,2020,0.386363210262221,0.0626812654946688,2.38394321225626,2020
"Maumee",2020-08-19,2020,0.293988102020392,0.033789410211566,2.15078700927513,2020
"Maumee",2020-08-20,2020,0.196917525990219,0.027030745265078,1.53028896581329,2020
"Maumee",2020-08-21,2020,0.160710654481413,0.0308611039402714,1.15175969045013,2020
"Maumee",2020-08-22,2020,0.120879915273517,0.0174516680288845,0.995829644586067,2020
"Maumee",2020-08-23,2020,0.103766119327568,0.00340367589992909,0.84171985092841,2020
"Maumee",2020-08-24,2020,0.105101623365742,0.014112391434167,0.796498979582074,2020
"Maumee",2020-08-25,2020,0.124961537257309,0.0284982012777128,0.972834281026957,2020
"Maumee",2020-08-26,2020,0.090767952765504,0.0184276070142797,0.7706712970656,2020
"Maumee",2020-08-27,2020,0.198701079563428,0.0497457312665887,1.43882129244156,2020
"Maumee",2020-08-28,2020,0.167854655076434,0.0353246363668316,1.26392049979195,2020
"Maumee",2020-08-29,2020,0.127433067874121,0.0254167393772235,0.898756866637903,2020
"Maumee",2020-08-30,2020,0.102170218098756,0.0224845185850549,0.677363798883099,2020
"Maumee",2020-08-31,2020,0.768637920944947,0.133963603243008,5.11323415495066,2020
"Maumee",2020-09-01,2020,0.630188929200499,0.128371818911213,4.81199818161122,2020
"Maumee",2020-09-02,2020,0.27277360080139,0.0618127311757536,2.14350600044952,2020
"Maumee",2020-09-03,2020,0.360038057384678,0.056995423925207,3.19581484152054,2020
"Maumee",2020-09-04,2020,0.18942709029785,0.0330483424786099,1.6163643866811,2020
"Maumee",2020-09-05,2020,0.20583774043181,0.0235825416902074,1.56780230866379,2020
"Maumee",2020-09-06,2020,0.178606620629495,0.0253362470417522,1.23757822088559,2020
"Maumee",2020-09-07,2020,0.198149920461205,0.0427716589353406,1.32847964793923,2020
"Maumee",2020-09-08,2020,0.180416352561049,0.0591643131469488,1.43804083484231,2020
"Maumee",2020-09-09,2020,0.189877749513468,0.053027567704315,1.55176989910927,2020
"Maumee",2020-09-10,2020,0.750031985757519,0.121829675900567,6.10880554989573,2020
"Maumee",2020-09-11,2020,0.732761608976611,0.140934984341155,5.23114550419306,2020
"Maumee",2020-09-12,2020,0.303424299244685,0.014312466945504,2.49991089314803,2020
"Maumee",2020-09-13,2020,0.560931268637537,0.00331021671406272,3.91809287428151,2020
"Maumee",2020-09-14,2020,0.374945042187919,0.0115173903047885,3.08720047935385,2020
"Maumee",2020-09-15,2020,0.352111152614861,0.0095905761412608,2.67166049649408,2020
"Maumee",2020-09-16,2020,0.336220644442032,0.0050644113807168,2.58847692792192,2020
"Maumee",2020-09-17,2020,0.252207686759697,0.000810305820914688,2.03791913960044,2020
"Maumee",2020-09-18,2020,0.198574836265242,0.00245587253331571,1.65595976532145,2020
"Maumee",2020-09-19,2020,0.267474318168234,0.00502037302088448,2.54086656779209,2020
"Maumee",2020-09-20,2020,0.171934564457344,0.000356710714641792,1.70507721598777,2020
"Maumee",2020-09-21,2020,0.179097159026516,0.00329733141618586,1.8916269703382,2020
"Maumee",2020-09-22,2020,0.176494002645317,0.00082938911017536,2.01043920306507,2020
"Maumee",2020-09-23,2020,0.161711793194935,0.000491027712130368,1.87572586033801,2020
"Maumee",2020-09-24,2020,0.150959582984319,0,1.74394840826643,2020
"Maumee",2020-09-25,2020,0.165505942552044,0.000591092651971584,1.69495817952852,2020
"Maumee",2020-09-26,2020,0.154310412852449,-0.00140922751463424,1.6586607847245,2020
"Maumee",2020-09-27,2020,0.167753611506374,0.00177156535303238,1.73204581823397,2020
"Maumee",2020-09-28,2020,0.166890541206179,0.0079493317123248,1.45858880733,2020
"Maumee",2020-09-29,2020,0.154887804681362,0.00978238766408602,1.0574295236893,2020
"Portage",2010-10-01,2010,0.00524839386179405,0.00293232844149267,0.0360954055269191,2011
"Portage",2010-10-02,2010,0.00788077458789324,0.00425344498440463,0.0694367131943135,2011
"Portage",2010-10-03,2010,0.00828692325459791,0.00466309470071596,0.0507009526502583,2011
"Portage",2010-10-04,2010,0.00437129652846701,0.002518495352839,0.0269748994598178,2011
"Portage",2010-10-05,2010,0.00170473714198684,0.000842099070138077,0.01391722755916,2011
"Portage",2010-10-06,2010,0.00185646152448691,0.00111387691469215,0.0202168660016625,2011
"Portage",2010-10-07,2010,0.00292309506538116,0.00130214090297531,0.0259237432276708,2011
"Portage",2010-10-08,2010,0.00343620312181635,0.00166996151717258,0.0318521089378802,2011
"Portage",2010-10-09,2010,0.00309556396193781,0.00129028479787824,0.0291055783365201,2011
"Portage",2010-10-10,2010,0.00259736289030586,0.00107477085116105,0.0248092938143008,2011
"Portage",2010-10-11,2010,0.0019699543582928,0.00065379892690517,0.0177116183117229,2011
"Portage",2010-10-12,2010,0.00261992520999329,0.000721923279306768,0.0221617320869372,2011
"Portage",2010-10-13,2010,0.00256657518363198,0.000750100489872814,0.0248792658749233,2011
"Portage",2010-10-14,2010,0.00412423154350551,0.00131449610948383,0.042261049919905,2011
"Portage",2010-10-15,2010,0.00226602071750303,0.000799100504912909,0.025479890385223,2011
"Portage",2010-10-16,2010,0.00560807961230007,0.00262031176892959,0.0554596203781125,2011
"Portage",2010-10-17,2010,0.00682000059543224,0.00391710201118528,0.0423688656110767,2011
"Portage",2010-10-18,2010,0.00410716314512803,0.00198223779858529,0.0299825707389404,2011
"Portage",2010-10-19,2010,0.00616492754635093,0.00363440999311944,0.0419845868831799,2011
"Portage",2010-10-20,2010,0.00551946219943971,0.00304028848062161,0.044562780854081,2011
"Portage",2010-10-21,2010,0.00401013304633106,0.00177075798310212,0.0353805895495741,2011
"Portage",2010-10-22,2010,0.00427901169886283,0.00190903843297561,0.0326725974062184,2011
"Portage",2010-10-23,2010,0.00447424842745279,0.00246083663509903,0.0356509581666136,2011
"Portage",2010-10-24,2010,0.00432140595992808,0.00243181780254508,0.0353804843468256,2011
"Portage",2010-10-25,2010,0.00638762953202297,0.00351627709286924,0.040909583607342,2011
"Portage",2010-10-26,2010,0.00649488740397013,0.00334880899672911,0.0420196689415814,2011
"Portage",2010-10-27,2010,0.00798221694976699,0.00420603524346959,0.0472185948807621,2011
"Portage",2010-10-28,2010,0.011242503950082,0.0064589594420736,0.0701012398113055,2011
"Portage",2010-10-29,2010,0.0123253093553369,0.0077868138540399,0.0644539562724525,2011
"Portage",2010-10-30,2010,0.00692774778248865,0.00410671895574552,0.0453112152260068,2011
"Portage",2010-10-31,2010,0.00343587283411761,0.00205427939027815,0.0313989101768458,2011
"Portage",2010-11-01,2010,0.00365183450415976,0.00228667552378957,0.0270142643166734,2011
"Portage",2010-11-02,2010,0.0046291655910407,0.00310940179322734,0.0295567855850599,2011
"Portage",2010-11-03,2010,0.0026272698297831,0.00188310962533656,0.0205919260329011,2011
"Portage",2010-11-04,2010,0.00310241437346728,0.00224994916273978,0.021716900614271,2011
"Portage",2010-11-05,2010,0.00238663199878157,0.00174992294575035,0.0179880576982177,2011
"Portage",2010-11-06,2010,0.00432198335175699,0.00340771764273148,0.0299651679752383,2011
"Portage",2010-11-07,2010,0.00664483067947255,0.00560370513522339,0.0304244880682894,2011
"Portage",2010-11-08,2010,0.00437228277025387,0.00338134790781065,0.019926731500785,2011
"Portage",2010-11-09,2010,0.00593231937629216,0.0052545396595662,0.0248787080556988,2011
"Portage",2010-11-10,2010,0.00479336995540215,0.00389898022611428,0.0230375229489226,2011
"Portage",2010-11-11,2010,0.00414668376729335,0.00353580321230378,0.0218456198469097,2011
"Portage",2010-11-12,2010,0.00339588600338986,0.00296965339802611,0.0228244066462407,2011
"Portage",2010-11-13,2010,0.00246057240494004,0.00227161358920174,0.0230283287180198,2011
"Portage",2010-11-14,2010,0.00203746896969993,0.00184029455327736,0.0202555634870774,2011
"Portage",2010-11-15,2010,0.00290260907280732,0.00214590772211075,0.0184988512941862,2011
"Portage",2010-11-16,2010,0.00376621925067312,0.00270063773726375,0.019784879050614,2011
"Portage",2010-11-17,2010,0.00447557936454994,0.00263031336976262,0.0394708870902533,2011
"Portage",2010-11-18,2010,0.0159985978804617,0.011489118765143,0.120707554026284,2011
"Portage",2010-11-19,2010,0.0159383142590023,0.0116422376957045,0.166288014891155,2011
"Portage",2010-11-20,2010,0.00447194864643932,0.00214202582224404,0.0387631515025392,2011
"Portage",2010-11-21,2010,0.00297863722343191,0.00162802965888558,0.0274501861767254,2011
"Portage",2010-11-22,2010,0.00362198465144527,0.00176626362382368,0.0293877973499804,2011
"Portage",2010-11-23,2010,0.0035160422216168,0.00151829095933453,0.0310793017803628,2011
"Portage",2010-11-24,2010,0.00226952421368525,0.00141091075861005,0.0225884955991945,2011
"Portage",2010-11-25,2010,0.00173759954472393,0.000985872082112871,0.018534395143722,2011
"Portage",2010-11-26,2010,0.121869995465569,0.0614133521835854,0.743841170995314,2011
"Portage",2010-11-27,2010,0.175923151328364,0.0858168830745927,1.10018352922286,2011
"Portage",2010-11-28,2010,0.068888031929436,0.224062770990861,0.491792805235188,2011
"Portage",2010-11-29,2010,0.0235250526017053,0.0128847759407475,0.217184838204911,2011
"Portage",2010-11-30,2010,0.0154743750313199,0.0070728835370427,0.145228572737123,2011
"Portage",2010-12-01,2010,0.0800646557164967,0.0364996715537409,0.667925326343548,2011
"Portage",2010-12-02,2010,0.092709892202742,0.0352539031493725,0.574192480128664,2011
"Portage",2010-12-03,2010,0.0451196483607362,0.0193282404043616,0.30710766766106,2011
"Portage",2010-12-04,2010,0.0119697583175041,0.00681997857625232,0.121566615204684,2011
"Portage",2010-12-05,2010,0.00887662869823477,0.00535532144604247,0.0932412816153421,2011
"Portage",2010-12-06,2010,0.00770605185157506,0.00442226032814555,0.0630336615374139,2011
"Portage",2010-12-07,2010,0.008361690603291,0.00545598090374142,0.0594293164238153,2011
"Portage",2010-12-08,2010,0.00745133941513947,0.00546560083878924,0.0583479398186794,2011
"Portage",2010-12-09,2010,0.00584189394410313,0.0043709735804949,0.0453060186995466,2011
"Portage",2010-12-10,2010,0.0044836726364569,0.00355294636715628,0.0378926990683957,2011
"Portage",2010-12-11,2010,0.00591347095828393,0.00379630234358968,0.0414527013594274,2011
"Portage",2010-12-12,2010,0.0042558670941954,0.00284663957956116,0.0423613790899053,2011
"Portage",2010-12-13,2010,0.0111869987625062,0.00856971367936906,0.0664710153652622,2011
"Portage",2010-12-14,2010,0.0544372845340585,0.0493471841101062,0.205184627089741,2011
"Portage",2010-12-15,2010,0.0155134517359445,0.010179481554694,0.110508920678214,2011
"Portage",2010-12-16,2010,0.0112521043125255,0.00912454264491082,0.0744047270519329,2011
"Portage",2010-12-17,2010,0.0126645123753698,0.0103907433531119,0.0793151607540715,2011
"Portage",2010-12-18,2010,0.0114814144987479,0.00945109197621857,0.0680454875825485,2011
"Portage",2010-12-19,2010,0.0112212676743407,0.00907043418013018,0.064872614279925,2011
"Portage",2010-12-20,2010,0.00896400814386874,0.00706991828748065,0.0544930664565128,2011
"Portage",2010-12-21,2010,0.00827304627809964,0.00691891564476672,0.0496580459990114,2011
"Portage",2010-12-22,2010,0.00739335557469358,0.00604910910656748,0.0534239129428059,2011
"Portage",2010-12-23,2010,0.00654331736690796,0.00525837589002271,0.0521488556311275,2011
"Portage",2010-12-24,2010,0.00539812428522394,0.00410643025983106,0.0471853899574485,2011
"Portage",2010-12-25,2010,0.00473979973724168,0.00360517586191741,0.0410386135550751,2011
"Portage",2010-12-26,2010,0.00463005614453954,0.00300034324167815,0.0415618577739984,2011
"Portage",2010-12-27,2010,0.00417287925166694,0.00323339424191078,0.035974446831913,2011
"Portage",2010-12-28,2010,0.00425898892459241,0.00327556341802578,0.0338752262954259,2011
"Portage",2010-12-29,2010,0.00449715816086778,0.00345317501638062,0.0370869536642992,2011
"Portage",2010-12-30,2010,0.00564473910028493,0.00420419541865882,0.0426995936934175,2011
"Portage",2010-12-31,2010,0.0148805006229523,0.00946940948733326,0.109033486382723,2011
"Portage",2011-01-01,2011,NA,NA,NA,2011
"Portage",2011-01-02,2011,0.804070723135095,0.18722600414192,3.11872941142889,2011
"Portage",2011-01-03,2011,0.290439686711147,0.0945660655749979,1.8047561351393,2011
"Portage",2011-01-04,2011,0.13040545532032,0.0506630380690182,0.938537799684117,2011
"Portage",2011-01-05,2011,NA,NA,NA,2011
"Portage",2011-01-06,2011,NA,NA,NA,2011
"Portage",2011-01-07,2011,NA,NA,NA,2011
"Portage",2011-01-08,2011,NA,NA,NA,2011
"Portage",2011-01-09,2011,NA,NA,NA,2011
"Portage",2011-01-10,2011,NA,NA,NA,2011
"Portage",2011-01-11,2011,NA,NA,NA,2011
"Portage",2011-01-12,2011,NA,NA,NA,2011
"Portage",2011-01-13,2011,NA,NA,NA,2011
"Portage",2011-01-14,2011,NA,NA,NA,2011
"Portage",2011-01-15,2011,NA,NA,NA,2011
"Portage",2011-01-16,2011,NA,NA,NA,2011
"Portage",2011-01-17,2011,NA,NA,NA,2011
"Portage",2011-01-18,2011,NA,NA,NA,2011
"Portage",2011-01-19,2011,0.00604910910656748,0.00449729516909837,0.0404460040262649,2011
"Portage",2011-01-20,2011,0.00857001161790225,0.0068884802449715,0.0510721666647382,2011
"Portage",2011-01-21,2011,0.00969394395808944,0.00749664999425583,0.0625008060823781,2011
"Portage",2011-01-22,2011,0.0069070840054251,0.00551368094142394,0.0660892571538615,2011
"Portage",2011-01-23,2011,0.00464147920576493,0.00380249462629722,0.0557789425252567,2011
"Portage",2011-01-24,2011,0.0101878863572206,0.00322739741340522,0.0820293416461924,2011
"Portage",2011-01-25,2011,0.00665233677324841,0.00415487245564662,0.0635491147724311,2011
"Portage",2011-01-26,2011,0.00525602717749832,0.00360997114998805,0.0501536243416578,2011
"Portage",2011-01-27,2011,0.00760860529125178,0.00526493271248663,0.0700991357563357,2011
"Portage",2011-01-28,2011,0.0115155907125534,0.00528812624866499,0.0916260646725922,2011
"Portage",2011-01-29,2011,0.00676737964858371,0.00453183592266018,0.0702859807308021,2011
"Portage",2011-01-30,2011,0.0084683368313516,0.00442248867519653,0.0883039771739791,2011
"Portage",2011-01-31,2011,0.00764984585602611,0.00360500949478027,0.0861039631618216,2011
"Portage",2011-02-01,2011,0.00616382903393067,0.00359225304988217,0.0854717626038386,2011
"Portage",2011-02-02,2011,0.0054129211741276,0.00278931142136167,0.0854606355782543,2011
"Portage",2011-02-03,2011,0.00773553363059071,0.00424416023020665,0.0926187382347236,2011
"Portage",2011-02-04,2011,0.0119443286112765,0.00595145159706376,0.124870015759275,2011
"Portage",2011-02-05,2011,0.00931864905559841,0.00487804104190642,0.102359328602178,2011
"Portage",2011-02-06,2011,0.0118768765234666,0.00749664999425583,0.117476239373588,2011
"Portage",2011-02-07,2011,0.0114699702338678,0.00723814482204012,0.125638300829658,2011
"Portage",2011-02-08,2011,0.0153092507545531,0.00845886369083656,0.158478031966692,2011
"Portage",2011-02-09,2011,0.0157725220671114,0.00760015481931506,0.158605547484162,2011
"Portage",2011-02-10,2011,0.0102782204505892,0.00636770217419885,0.120282148363455,2011
"Portage",2011-02-11,2011,0.00981507880653487,0.0085043210644857,0.121479155022057,2011
"Portage",2011-02-12,2011,0.0115667437140741,0.00864509212826526,0.140194327632891,2011
"Portage",2011-02-13,2011,0.016095308565229,0.0126620339943415,0.176652247151647,2011
"Portage",2011-02-14,2011,0.0141055527118318,0.00891863395378817,0.131706946657487,2011
"Portage",2011-02-15,2011,0.0210202186548747,0.0154682292335478,0.198960098516508,2011
"Portage",2011-02-16,2011,0.114883113952128,0.0695676416846705,1.28922518600916,2011
"Portage",2011-02-17,2011,0.796116123130094,0.281051527997704,4.16663803744849,2011
"Portage",2011-02-18,2011,4.44210156651045,1.00180363838653,19.0779894615396,2011
"Portage",2011-02-19,2011,3.8876815868475,1.25459847609315,16.3435977622255,2011
"Portage",2011-02-20,2011,1.06801558423615,0.37366602686069,6.02871094605574,2011
"Portage",2011-02-21,2011,NA,NA,NA,2011
"Portage",2011-02-22,2011,NA,NA,NA,2011
"Portage",2011-02-23,2011,0.174503321986363,0.0573542386948186,1.2796910279,2011
"Portage",2011-02-24,2011,0.102158865988221,0.0421543987986933,0.826448081711225,2011
"Portage",2011-02-25,2011,0.0753332416169397,0.0293611084728716,0.67162413265162,2011
"Portage",2011-02-26,2011,0.0717416687150594,0.0295406871179656,0.677191070649534,2011
"Portage",2011-02-27,2011,0.0741547261763159,0.0307284995456652,0.627013763456589,2011
"Portage",2011-02-28,2011,4.19197926938791,0.892636360340457,15.6746858505551,2011
"Portage",2011-03-01,2011,15.3684888183607,2.95120029225781,40.1653003945138,2011
"Portage",2011-03-02,2011,10.8781293375417,2.84134885994242,37.0004305201064,2011
"Portage",2011-03-03,2011,3.59080358979189,0.955381226605263,15.4823752246194,2011
"Portage",2011-03-04,2011,0.717871750202195,0.269585712864639,3.572164218072,2011
"Portage",2011-03-05,2011,2.62058078350299,0.558503178328758,9.34206169620902,2011
"Portage",2011-03-06,2011,9.85287187452283,1.47700948238023,24.5542880606414,2011
"Portage",2011-03-07,2011,6.1806361516319,1.06619019082308,20.3763868252914,2011
"Portage",2011-03-08,2011,1.63748322679625,0.369299813772524,6.51090121955049,2011
"Portage",2011-03-09,2011,1.65465427260998,0.364015210592646,6.76767128038882,2011
"Portage",2011-03-10,2011,6.51850376277122,0.917792257386214,21.382925545602,2011
"Portage",2011-03-11,2011,4.01682424016082,0.735307760147583,14.298729450996,2011
"Portage",2011-03-12,2011,1.9210815787732,0.393123220825259,7.64906981585492,2011
"Portage",2011-03-13,2011,0.784169054354206,0.178058098392028,3.5299497803094,2011
"Portage",2011-03-14,2011,0.387530335534468,0.0952009628029163,1.8309975118333,2011
"Portage",2011-03-15,2011,0.15352261552656,0.0528117797411366,0.970508566312702,2011
"Portage",2011-03-16,2011,0.589602075820037,0.137789789147686,4.94718615999426,2011
"Portage",2011-03-17,2011,1.37856482797077,0.172424124224146,4.78431395601774,2011
"Portage",2011-03-18,2011,0.412722713060432,0.087192478330718,2.30265025940321,2011
"Portage",2011-03-19,2011,0.173945258104266,0.0488287547518579,1.07262412791375,2011
"Portage",2011-03-20,2011,0.096466027212697,0.0276206146292765,0.773542108811558,2011
"Portage",2011-03-21,2011,0.0651198162731171,0.0260817675422024,0.490235706694539,2011
"Portage",2011-03-22,2011,0.0474685076796594,0.0237673560069703,0.432049485519466,2011
"Portage",2011-03-23,2011,0.0350737645103202,0.0181991947212827,0.347224509413334,2011
"Portage",2011-03-24,2011,0.0854794350647516,0.0395073019206835,0.666146983976252,2011
"Portage",2011-03-25,2011,0.0867222954422416,0.0322086777511404,0.645637585829677,2011
"Portage",2011-03-26,2011,0.0467807752936114,0.0205075387491602,0.455621164414248,2011
"Portage",2011-03-27,2011,0.0242416491423644,0.0140179971127586,0.279516754458915,2011
"Portage",2011-03-28,2011,0.0230984133211174,0.0115110400820373,0.237365585139943,2011
"Portage",2011-03-29,2011,0.013856327400663,0.00638629614835027,0.150213426374227,2011
"Portage",2011-03-30,2011,0.0104811296400922,0.00476103601298304,0.118477867402218,2011
"Portage",2011-03-31,2011,0.0123092108882427,0.006251783424818,0.14942734165122,2011
"Portage",2011-04-01,2011,0.00774184579550001,0.00272098345950628,0.0876221459281486,2011
"Portage",2011-04-02,2011,0.00725316679589403,0.00300351400358607,0.11141758862239,2011
"Portage",2011-04-03,2011,0.00646678848382157,0.0014434795722816,0.10369957247271,2011
"Portage",2011-04-04,2011,0.00918266675568803,0.00249538744680476,0.116538184251317,2011
"Portage",2011-04-05,2011,NA,NA,NA,2011
"Portage",2011-04-06,2011,0.542068171176027,0.0772556138866423,3.29466999868565,2011
"Portage",2011-04-07,2011,0.199751027459097,0.0456516317475107,1.31746184836098,2011
"Portage",2011-04-08,2011,0.684163443969987,0.125266453967637,3.44993934682345,2011
"Portage",2011-04-09,2011,1.14470420152154,0.201323808548997,6.16607064081448,2011
"Portage",2011-04-10,2011,0.48162011537421,0.101031850962845,2.82190000336363,2011
"Portage",2011-04-11,2011,0.215257969673038,0.0591947104889022,1.50345700209292,2011
"Portage",2011-04-12,2011,0.112879123922203,0.0401629841670758,0.856317099267496,2011
"Portage",2011-04-13,2011,0.0615990228017895,0.0191383127447069,0.545713103890571,2011
"Portage",2011-04-14,2011,0.0352401805789754,0.0139517438469664,0.358595898963192,2011
"Portage",2011-04-15,2011,0.0245984087885171,0.00904210283530472,0.234122404595847,2011
"Portage",2011-04-16,2011,0.0247576319250664,0.00825254397502214,0.309887662522742,2011
"Portage",2011-04-17,2011,0.0539766432902124,0.0163999830645778,0.569461547868569,2011
"Portage",2011-04-18,2011,0.0580766879878678,0.0100132220668738,0.568132913270845,2011
"Portage",2011-04-19,2011,0.0700441856695672,0.0168159009074386,0.530031900255723,2011
"Portage",2011-04-22,2011,1.07501171652357,0.254211187474513,5.05641328059859,2011
"Portage",2011-04-23,2011,2.65337305107443,0.415404388206162,10.5199812597665,2011
"Portage",2011-04-24,2011,2.10797884199581,0.388470962279479,8.93503362151634,2011
"Portage",2011-04-25,2011,1.14282773244591,0.242823601594539,4.89292405026931,2011
"Portage",2011-04-26,2011,7.31784536411213,1.14566233487379,25.1492434476379,2011
"Portage",2011-04-27,2011,7.14062578871232,1.31343967816296,26.9022853694471,2011
"Portage",2011-04-28,2011,4.57881207604008,0.636408396080769,16.8186269362806,2011
"Portage",2011-04-29,2011,1.49207529071268,0.289759073859939,7.34460266378366,2011
"Portage",2011-04-30,2011,0.422802751105474,0.125243333828725,2.1095407793192,2011
"Portage",2011-05-01,2011,0.196414069674314,0.0728477655195145,1.12831567386735,2011
"Portage",2011-05-02,2011,0.140425941677753,0.0702663918159285,0.80587324582404,2011
"Portage",2011-05-03,2011,0.162413593390373,0.0656966698554096,1.00293107476658,2011
"Portage",2011-05-04,2011,0.946864615576284,0.199845261393886,4.51817758846323,2011
"Portage",2011-05-05,2011,0.506911027371091,0.130548145722615,2.39844013876507,2011
"Portage",2011-05-06,2011,0.178104363135607,0.0656105993276929,1.02316371628737,2011
"Portage",2011-05-07,2011,0.111339542862465,0.052395078994101,0.728470217605484,2011
"Portage",2011-05-08,2011,0.0693261646782566,0.041218926172833,0.566515332664276,2011
"Portage",2011-05-09,2011,0.06469972701895,0.0286541827016633,0.464002006810915,2011
"Portage",2011-05-10,2011,0.0302719685487368,0.0144632738621742,0.262741466705544,2011
"Portage",2011-05-11,2011,NA,0.0774260749602007,2.5283721674455,2011
"Portage",2011-05-12,2011,0.39576745520988,0.0755485130808361,1.50189622825212,2011
"Portage",2011-05-13,2011,0.192511640999967,0.0598530241632154,0.932210851342079,2011
"Portage",2011-05-14,2011,0.434812745804412,0.0964164840578856,1.74650355060253,2011
"Portage",2011-05-15,2011,3.89713066936967,0.560988980636256,14.0017475288481,2011
"Portage",2011-05-16,2011,4.11680289913678,0.777139155926223,17.8127194578605,2011
"Portage",2011-05-17,2011,2.14761153770928,0.386498261232373,10.2555877306904,2011
"Portage",2011-05-18,2011,0.927472935468008,0.176479445520817,5.01084911392685,2011
"Portage",2011-05-19,2011,2.85906861828283,0.417733310652801,13.4155571346668,2011
"Portage",2011-05-20,2011,2.44168900090149,0.367551001572072,10.3345661863781,2011
"Portage",2011-05-21,2011,0.659694630288154,0.121149527898712,3.58238845727974,2011
"Portage",2011-05-22,2011,0.28001277318516,0.0822526465768157,1.69281253277446,2011
"Portage",2011-05-23,2011,0.166531764494409,0.0590399999250271,1.0519199986642,2011
"Portage",2011-05-24,2011,0.374924919104051,0.0996132347145526,1.83721673677443,2011
"Portage",2011-05-25,2011,1.18221032425575,0.160882762915839,4.56561305106251,2011
"Portage",2011-05-26,2011,11.4049418868991,0.977566447448495,33.0873565509005,2011
"Portage",2011-05-27,2011,15.1369204972774,2.1416726998402,45.7892638548644,2011
"Portage",2011-05-28,2011,8.97447372416202,1.69573146050617,33.1024596423258,2011
"Portage",2011-05-29,2011,5.05700032280882,0.801374841540693,23.1215015458106,2011
"Portage",2011-05-30,2011,5.3913197062097,0.822228962181734,21.9026035272723,2011
"Portage",2011-05-31,2011,1.36753052759967,0.41666600566284,5.81078965055357,2011
"Portage",2011-06-01,2011,0.407163886819662,0.169474668666463,2.36202831082671,2011
"Portage",2011-06-02,2011,0.243140188470222,0.116587153820084,1.34157138242385,2011
"Portage",2011-06-06,2011,0.0471195036779883,0.0221177157462848,0.301872717731893,2011
"Portage",2011-06-07,2011,0.0319137186032857,0.0155300297318458,0.250286293120212,2011
"Portage",2011-06-08,2011,0.022749238059158,0.00666887562394099,0.225817944287733,2011
"Portage",2011-06-09,2011,0.0193724010929712,0.00296490704146641,0.204905228162361,2011
"Portage",2011-06-10,2011,0.0176515532510124,0.00451672097893551,0.18599026329927,2011
"Portage",2011-06-11,2011,0.0268262115494124,0.0108133745992716,0.258579058797215,2011
"Portage",2011-06-12,2011,0.0290830796277969,0.016172157949712,0.261345646424903,2011
"Portage",2011-06-13,2011,0.0177007783510027,0.00709696110251842,0.1807851982904,2011
"Portage",2011-06-14,2011,0.0137798474490876,0.0053157358537043,0.167160500429577,2011
"Portage",2011-06-15,2011,0.0099613668981712,0.00364674318044803,0.149861951331254,2011
"Portage",2011-06-16,2011,0.0150221891525617,0.00260108168513615,0.181830688525423,2011
"Portage",2011-06-17,2011,0.0129419931875222,0.00359499810764506,0.153796338398673,2011
"Portage",2011-06-18,2011,0.0110767729225798,0.00390179868114355,0.33798247242439,2011
"Portage",2011-06-19,2011,0.0101574379090224,0.00346588252976779,0.120499470329501,2011
"Portage",2011-06-20,2011,0.158078585693696,0.0535508076417311,1.43162824106506,2011
"Portage",2011-06-21,2011,0.241415809404225,0.0716169422937121,2.19512760273993,2011
"Portage",2011-06-22,2011,0.129512913978857,0.0450176506262135,1.10235131748561,2011
"Portage",2011-06-23,2011,0.0836118171557738,0.0313544314334152,0.602845511580612,2011
"Portage",2011-06-24,2011,0.103127367383956,0.0423909826540148,0.707346288613205,2011
"Portage",2011-06-25,2011,0.0752527492814684,0.0270875058177508,0.49489134423299,2011
"Portage",2011-06-26,2011,0.0300670923124946,0.0152731882310015,0.202353767922453,2011
"Portage",2011-06-27,2011,0.0218755170000848,0.0116331547839891,0.141966919324365,2011
"Portage",2011-06-28,2011,0.0160777005610227,0.00921687640602592,0.123664470552016,2011
"Portage",2011-06-29,2011,0.0127548154787816,0.00602565623338122,0.0939023585608139,2011
"Portage",2011-06-30,2011,0.00967654880595567,0.00371155296666793,0.0858959400857435,2011
"Portage",2011-07-01,2011,0.00952442073849047,0.000351915426571162,0.124782398995813,2011
"Portage",2011-07-02,2011,0.00890861767350186,0.000222980895284314,0.113422948734621,2011
"Portage",2011-07-03,2011,0.00700787313162801,0.000128494147688525,0.0890563285133545,2011
"Portage",2011-07-04,2011,0.00631791925498396,7.10876990715494e-05,0.0811910383020934,2011
"Portage",2011-07-05,2011,0.00707383280835464,0.00116389225858393,0.0771829187874369,2011
"Portage",2011-07-06,2011,0.00661432677556203,0.0017667407060552,0.0727721956940422,2011
"Portage",2011-07-07,2011,0.00673148838532037,0.00160499270354218,0.0779742024834796,2011
"Portage",2011-07-08,2011,0.00561085158239396,0.00131689620009469,0.0574254120240343,2011
"Portage",2011-07-09,2011,0.0052888308624223,0.000674706817839882,0.0694621551334188,2011
"Portage",2011-07-10,2011,0.0049372995482119,0.00109020140313118,0.0533684980066836,2011
"Portage",2011-07-11,2011,0.00527041739117785,0.00149655993164937,0.0483741505690931,2011
"Portage",2011-07-12,2011,0.156225738984579,0.0643978318294217,0.880054411326758,2011
"Portage",2011-07-13,2011,0.111136379229105,0.046267581607032,0.759471167803979,2011
"Portage",2011-07-14,2011,0.0355769272371599,0.0162968843710593,0.235890495811604,2011
"Portage",2011-07-15,2011,0.0187251106007025,0.00917530419434421,0.123117602199619,2011
"Portage",2011-07-16,2011,0.0131765708508957,0.00634387252837847,0.0882276244443321,2011
"Portage",2011-07-17,2011,0.00807334699571334,0.00303377324994197,0.0590624671001099,2011
"Portage",2011-07-18,2011,0.00816363541967178,0.00219526330613023,0.0568092982439513,2011
"Portage",2011-07-19,2011,0.641342690962368,0.11484393449133,2.38744935563321,2011
"Portage",2011-07-20,2011,0.952762575245604,0.246569798070941,4.28965821700985,2011
"Portage",2011-07-21,2011,0.133493724817266,0.0482366834696678,0.787541658744698,2011
"Portage",2011-07-22,2011,0.121814384803403,0.0309247149044736,0.652100765614568,2011
"Portage",2011-07-23,2011,0.139750743913753,0.0632578744194067,1.12122016439965,2011
"Portage",2011-07-24,2011,1.56968311361496,0.624289623914628,9.91809920963595,2011
"Portage",2011-07-25,2011,2.50461749285511,1.19752655590587,12.9077756877544,2011
"Portage",2011-07-26,2011,0.837597371132995,0.371249489825323,5.38220319485678,2011
"Portage",2011-07-27,2011,0.323197522809397,0.0700699236443136,0.868867053189489,2011
"Portage",2011-07-28,2011,0.0692723400162394,0.0362347624700329,0.418831225021263,2011
"Portage",2011-08-01,2011,0.0868067621037668,0.0251840548196393,0.476099761805747,2011
"Portage",2011-08-02,2011,0.0396661770998218,0.0131297814527825,0.322193763541623,2011
"Portage",2011-08-03,2011,0.0446562180207674,0.00992360400461499,0.247785428062601,2011
"Portage",2011-08-04,2011,0.021381504465788,0.00992213605928725,0.16490310633745,2011
"Portage",2011-08-05,2011,0.0199573773060772,0.0101537533662498,0.139908535803608,2011
"Portage",2011-08-06,2011,0.012207218046871,0.00561455814434651,0.076787339327092,2011
"Portage",2011-08-07,2011,0.305649734943739,0.116280555089068,1.49469403178011,2011
"Portage",2011-08-08,2011,0.431677867004496,0.206569130599272,2.1080901204069,2011
"Portage",2011-08-09,2011,0.115404430269521,0.0679981634717576,0.652397474063938,2011
"Portage",2011-08-15,2011,0.00476798428753436,0.00078269621587537,0.0570937395635327,2011
"Portage",2011-08-16,2011,0.0124053857729654,0.000421314988515805,0.175750767246427,2011
"Portage",2011-08-17,2011,0.00767402672135823,2.27042210691072e-05,0.11495147127289,2011
"Portage",2011-08-18,2011,0.00667964055634445,6.40513478005632e-05,0.0985018227247233,2011
"Portage",2011-08-19,2011,0.00551961144054803,4.85596314417715e-05,0.0779382084640433,2011
"Portage",2011-08-20,2011,0.0059535067205226,4.53888695338445e-05,0.0874492219685404,2011
"Portage",2011-08-21,2011,0.00622013452355184,3.51817563549312e-05,0.0849287598408039,2011
"Portage",2011-08-22,2011,0.00493193067409654,9.41453143862247e-05,0.0645259146805768,2011
"Portage",2011-08-23,2011,0.0107640516362594,0.000234704885301896,0.147297548706707,2011
"Portage",2011-08-24,2011,0.0176137291930675,0.000399486641492252,0.125257220591525,2011
"Portage",2011-08-25,2011,0.807831892653841,0.270870654341525,3.84361917717756,2011
"Portage",2011-08-26,2011,0.629148976925145,0.255095635408148,2.88535712689552,2011
"Portage",2011-08-27,2011,0.226869384594486,0.106511959994624,1.16737980309359,2011
"Portage",2011-08-28,2011,0.0530388219518277,0.0246649067118639,0.309377673850128,2011
"Portage",2011-08-29,2011,0.0166549869153451,0.00682721527487637,0.113603342904897,2011
"Portage",2011-08-30,2011,0.0256999427295785,0.0139535910115038,0.109901323427608,2011
"Portage",2011-08-31,2011,0.0145288665525689,0.00724913973254492,0.0877237668900372,2011
"Portage",2011-09-01,2011,0.0122602793773179,0.00413216823457751,0.0924061797512663,2011
"Portage",2011-09-02,2011,0.0115348207963468,0.00381528776982851,0.0742201965379333,2011
"Portage",2011-09-03,2011,0.00991499205869223,0.00293138895648292,0.0761040303496315,2011
"Portage",2011-09-04,2011,0.00893293663443149,0.00205903797971558,0.0710407248210616,2011
"Portage",2011-09-05,2011,0.00483874822310862,0.00157778107479172,0.0413418168469955,2011
"Portage",2011-09-06,2011,0.00919730135508045,0.00948402777622205,0.15489843505211,2011
"Portage",2011-09-07,2011,0.00772250072265589,0.00297655274106651,0.0788786476382625,2011
"Portage",2011-09-08,2011,0.856111195469525,0.327178394812195,5.34800491293993,2011
"Portage",2011-09-09,2011,2.21143549670095,0.896647592306971,11.876909633789,2011
"Portage",2011-09-10,2011,2.29536127474132,1.14545731184301,11.1610941487809,2011
"Portage",2011-09-11,2011,0.393448493044132,0.220808336199253,2.5792484449615,2011
"Portage",2011-09-12,2011,0.946512064040071,0.347766523759848,3.87193626934126,2011
"Portage",2011-09-13,2011,0.177220146267441,0.0821980879421345,0.843265108043415,2011
"Portage",2011-09-14,2011,0.0534097228046377,0.0248967197448702,0.26264416639607,2011
"Portage",2011-09-15,2011,0.0153368970582256,0.00806092817824063,0.120068581890873,2011
"Portage",2011-09-16,2011,0.0220386301917526,0.0128216461364027,0.150163834287904,2011
"Portage",2011-09-17,2011,0.0103644279865365,0.00560446846679382,0.0802283499698567,2011
"Portage",2011-09-21,2011,0.0686584452801768,0.0351366415018585,0.386781476817606,2011
"Portage",2011-09-22,2011,0.045271433907625,0.0232874846793308,0.238546987539711,2011
"Portage",2011-09-23,2011,0.0276292755067102,0.0111497298053686,0.148407804689591,2011
"Portage",2011-09-24,2011,0.687373337494567,0.20780690753646,2.95730025751473,2011
"Portage",2011-09-25,2011,0.46208714552814,0.143937593111789,2.1105174278115,2011
"Portage",2011-09-26,2011,0.94684171868739,0.28910952028529,4.70261236388408,2011
"Portage",2011-09-27,2011,4.922459028711,1.693064258214,20.807360465913,2011
"Portage",2011-09-28,2011,4.40188274605257,1.83205416062755,21.6818773960114,2011
"Portage",2011-09-29,2011,1.40276635327417,0.496141666665896,7.61740011869662,2011
"Portage",2011-09-30,2011,1.60332511764986,0.424794018942559,7.81893298712605,2011
"Portage",2011-10-01,2011,1.1985205995503,0.333694310532985,6.51252966023407,2012
"Portage",2011-10-02,2011,0.574399177704479,0.19275883687672,3.56659238692299,2012
"Portage",2011-10-03,2011,0.333521935693666,0.123255540128916,1.89487683818879,2012
"Portage",2011-10-06,2011,0.0655958220113936,0.0360832705122097,0.426484211192923,2012
"Portage",2011-10-07,2011,0.0514784205341913,0.0291578714422455,0.271022635614457,2012
"Portage",2011-10-08,2011,0.0375554239498933,0.0227903405283349,0.243606505769335,2012
"Portage",2011-10-09,2011,0.0280323732937087,0.01804349465352,0.18499634198361,2012
"Portage",2011-10-10,2011,0.0235048438876933,0.0147126342786816,0.169191083376481,2012
"Portage",2011-10-11,2011,0.0177662487126201,0.0114344133359291,0.125384256580188,2012
"Portage",2011-10-12,2011,0.0144366551202311,0.00849725046115707,0.108751799907207,2012
"Portage",2011-10-13,2011,0.0119652223664413,0.00717494977568074,0.106515580926432,2012
"Portage",2011-10-14,2011,0.011525939727114,0.00552241032297293,0.118167029979068,2012
"Portage",2011-10-15,2011,0.0105389373270987,0.00422771190280928,0.138826731047751,2012
"Portage",2011-10-16,2011,0.00978832550293674,0.00357116601524913,0.125712445117112,2012
"Portage",2011-10-17,2011,0.00984859689151836,0.00420366940491637,0.11224655202842,2012
"Portage",2011-10-18,2011,0.00873732068663187,0.00385142369064647,0.105357127405288,2012
"Portage",2011-10-19,2011,0.121614232904541,0.0489765854093762,0.528815672076342,2012
"Portage",2011-10-20,2011,5.59184970973063,2.51624947804007,20.3166671191073,2012
"Portage",2011-10-21,2011,9.44955498309207,5.22864564766825,31.4633809764317,2012
"Portage",2011-10-22,2011,6.580412149614,3.75947061668637,25.267620010502,2012
"Portage",2011-10-23,2011,1.07095419330891,0.642960542866981,5.31635630526283,2012
"Portage",2011-10-24,2011,0.46679835023408,0.288356982190648,2.43270237552591,2012
"Portage",2011-10-25,2011,0.325189524619145,0.178129293740423,1.86269388210189,2012
"Portage",2011-10-26,2011,0.235225345317847,0.124484601820325,1.4465805823207,2012
"Portage",2011-10-27,2011,0.399369303729054,0.173668990793584,2.45055964772252,2012
"Portage",2011-10-28,2011,1.06722561217644,0.379881497667567,6.16830993704361,2012
"Portage",2011-10-29,2011,0.468727078163369,0.189246728748582,3.07160122240771,2012
"Portage",2011-10-30,2011,0.200279071859242,0.0955808317143119,1.33691598954295,2012
"Portage",2011-10-31,2011,0.129268439917399,0.07077846062144,0.857799832785208,2012
"Portage",2011-11-01,2011,0.0803925151890094,0.0412011640343673,0.559550176741685,2012
"Portage",2011-11-02,2011,0.0591188557732997,0.0371732199180596,0.448765859733684,2012
"Portage",2011-11-03,2011,0.0413086665638691,0.0252372096636404,0.294748008385054,2012
"Portage",2011-11-04,2011,0.0518033502324874,0.0347287973583003,0.342597741466328,2012
"Portage",2011-11-05,2011,0.0391357160267206,0.0247296431008175,0.290139247234069,2012
"Portage",2011-11-06,2011,0.0158302734828804,0.00863117600655825,0.15183902903017,2012
"Portage",2011-11-07,2011,0.0252252812486438,0.0123320999616864,0.200107316819061,2012
"Portage",2011-11-08,2011,0.0198567007223494,0.0133133833554414,0.179422945026253,2012
"Portage",2011-11-09,2011,0.0227396474830168,0.011758535664295,0.167729194682423,2012
"Portage",2011-11-10,2011,0.0212362757413632,0.0143173600965965,0.20499856501945,2012
"Portage",2011-11-11,2011,0.0202410088091528,0.0115869817869926,0.223121818035777,2012
"Portage",2011-11-12,2011,0.014180351866007,0.0078779732588928,0.184313062365056,2012
"Portage",2011-11-13,2011,0.0109262106634641,0.00588991043577364,0.157946342168983,2012
"Portage",2011-11-14,2011,0.0375646597725803,0.00885574105950875,0.228914957234039,2012
"Portage",2011-11-15,2011,3.3424604920177,1.39899700131944,11.0317515395666,2012
"Portage",2011-11-16,2011,2.90952635740172,1.3858629628252,10.1007350955325,2012
"Portage",2011-11-17,2011,0.780909873206038,0.396694536081617,3.37634327170736,2012
"Portage",2011-11-18,2011,0.262981231109075,0.111461382324667,1.41024010332132,2012
"Portage",2011-11-19,2011,0.121051664876863,0.0754244988848145,0.661974838697249,2012
"Portage",2011-11-20,2011,0.0782990538913583,0.0495455551738126,0.466217443491633,2012
"Portage",2011-11-21,2011,0.0555499870924884,0.0358896485234803,0.405405984231847,2012
"Portage",2011-11-22,2011,0.122421985723873,0.0483217509014106,0.582166963317208,2012
"Portage",2011-11-23,2011,4.63316818863435,1.37992960936298,13.5260806412848,2012
"Portage",2011-11-24,2011,6.43314002354564,2.49029014257503,20.6144334405596,2012
"Portage",2011-11-25,2011,2.42652463635079,1.01720977896955,13.3538740584029,2012
"Portage",2011-11-26,2011,0.573758174911364,0.259417157716335,2.53360821425604,2012
"Portage",2011-11-27,2011,0.384554848412973,0.179299197235124,1.68227771303401,2012
"Portage",2011-11-28,2011,2.77875697600771,0.968575526973618,10.493766121236,2012
"Portage",2011-11-29,2011,4.83316339792505,1.58870427344884,13.0618469274591,2012
"Portage",2011-11-30,2011,8.95873577356659,3.02059313971178,21.5549795844985,2012
"Portage",2011-12-02,2011,2.04294146988176,0.905332772391087,6.97167359984584,2012
"Portage",2011-12-03,2011,0.702521935225085,0.34812323447449,2.7007625126166,2012
"Portage",2011-12-04,2011,0.349393007182988,0.193073955807076,1.40222174555758,2012
"Portage",2011-12-05,2011,2.65842831498102,0.721095725128252,9.38809216658778,2012
"Portage",2011-12-06,2011,6.43334542715483,1.86913500328982,20.4916566680809,2012
"Portage",2011-12-07,2011,5.71753690129495,1.88592791726079,16.9210055210634,2012
"Portage",2011-12-08,2011,2.00172596891469,0.719583619111899,5.15041634020888,2012
"Portage",2011-12-09,2011,0.525746087076841,0.229758398862508,2.07872753039661,2012
"Portage",2011-12-10,2011,0.254037725268284,0.13221294251881,1.18443908933636,2012
"Portage",2011-12-11,2011,0.149761250281771,0.0862799545834814,0.791809709785114,2012
"Portage",2011-12-12,2011,0.104496751056611,0.0608344597883377,0.562040434535094,2012
"Portage",2011-12-13,2011,0.0708533171342197,0.0430029690611512,0.353504722045999,2012
"Portage",2011-12-14,2011,0.0552001757208871,0.0352390551542241,0.341488708771218,2012
"Portage",2011-12-15,2011,1.43531143516292,0.345329000543129,5.01633690520585,2012
"Portage",2011-12-16,2011,5.10033298151691,1.12007604781121,16.126710362365,2012
"Portage",2011-12-17,2011,1.32329154857256,0.33762742538112,4.0276749929976,2012
"Portage",2011-12-18,2011,0.461890587648755,0.148272631390661,1.67553640654102,2012
"Portage",2011-12-19,2011,0.224034488577546,0.0899459033819674,0.991065476956385,2012
"Portage",2011-12-20,2011,0.135267589951312,0.0624483515026668,0.634408342319056,2012
"Portage",2011-12-21,2011,0.745407957975126,0.155112400316507,2.50423301350802,2012
"Portage",2011-12-22,2011,8.13507311811476,1.20681546928228,20.921414190755,2012
"Portage",2011-12-23,2011,2.38718443553992,0.481304042279392,7.36170471616698,2012
"Portage",2011-12-24,2011,0.624158120479018,0.174257343280944,2.07026776147283,2012
"Portage",2011-12-25,2011,0.260276982226305,0.0980753846070136,1.05082841820799,2012
"Portage",2011-12-26,2011,0.138781704271398,0.0666108572740177,0.555562894710956,2012
"Portage",2011-12-27,2011,0.0883404115770137,0.0460429859718872,0.398034305316493,2012
"Portage",2011-12-28,2011,0.375226887690846,0.14944637600897,1.56782383852859,2012
"Portage",2011-12-29,2011,0.462706936511269,0.131611794441343,1.75364355104653,2012
"Portage",2011-12-30,2011,0.205356009706755,0.0769762149592617,0.892846600693584,2012
"Portage",2011-12-31,2011,0.327272392244681,0.10446779719423,1.31683459532243,2012
"Portage",2012-01-01,2012,0.524553136840495,0.12656477821276,1.96604755772388,2012
"Portage",2012-01-02,2012,0.262652374657028,0.0814963856097174,1.17700372605954,2012
"Portage",2012-01-03,2012,0.132816610569089,0.0574832710891273,0.658233877892516,2012
"Portage",2012-01-04,2012,0.0730241146848875,0.0364757990928485,0.407760274948483,2012
"Portage",2012-01-05,2012,0.0670233009796028,0.0375422613734545,0.41603581673364,2012
"Portage",2012-01-06,2012,0.0473982420299714,0.0281250495754002,0.281815507910651,2012
"Portage",2012-01-07,2012,0.0445837015215769,0.0287388464484409,0.269298387032489,2012
"Portage",2012-01-08,2012,0.0368891724971412,0.0230937158960686,0.230511748404706,2012
"Portage",2012-01-09,2012,0.0306261837563214,0.0199237695133236,0.1859610593425,2012
"Portage",2012-01-10,2012,0.0315001984044602,0.0238864063730504,0.182432428674172,2012
"Portage",2012-01-11,2012,0.0301449912778869,0.0227685660059733,0.169657781254013,2012
"Portage",2012-01-12,2012,0.0350252733829937,0.0227747803078608,0.255589832794819,2012
"Portage",2012-01-13,2012,0.111480905997526,0.0510435417308472,0.533976562940436,2012
"Portage",2012-01-14,2012,0.0834060601523351,0.0391805372907277,0.418864840969268,2012
"Portage",2012-01-15,2012,0.0602274970163229,0.0305897297806824,0.330902180656594,2012
"Portage",2012-01-16,2012,0.0405461722659625,0.0212256195456507,0.229068410190123,2012
"Portage",2012-01-17,2012,1.05640285360074,0.187438209231132,3.76545199370815,2012
"Portage",2012-01-18,2012,9.68597953916125,1.61679454903048,26.9175871228069,2012
"Portage",2012-01-19,2012,5.05719863134893,1.28302862179442,12.8106113467164,2012
"Portage",2012-01-23,2012,1.31590969190293,0.205572243490367,4.22559882269416,2012
"Portage",2012-01-24,2012,4.69626243608123,0.97533810644098,11.5484785596761,2012
"Portage",2012-01-25,2012,1.74039622523084,0.438261194036837,5.03190422074902,2012
"Portage",2012-01-26,2012,0.390968888728018,0.128317994249196,1.39290640916527,2012
"Portage",2012-01-27,2012,1.55428862144996,0.361050037146287,5.52048518335444,2012
"Portage",2012-01-28,2012,3.26598238352915,0.736632091490763,9.39853708690978,2012
"Portage",2012-01-29,2012,0.897616273118246,0.245930752538263,2.97130190062917,2012
"Portage",2012-01-30,2012,0.364843131757494,0.114779460701485,1.4406354282091,2012
"Portage",2012-01-31,2012,0.134037207109108,0.0640855019951887,0.648934884624856,2012
"Portage",2012-02-01,2012,0.105409117135645,0.0619868539573795,0.582110049853564,2012
"Portage",2012-02-02,2012,0.116632660125244,0.0662400542842295,0.56457960209209,2012
"Portage",2012-02-03,2012,0.0865093944382078,0.0472038371370672,0.496290736513929,2012
"Portage",2012-02-04,2012,0.0642594535165264,0.0370048465889674,0.42517186806992,2012
"Portage",2012-02-05,2012,0.0696907044346464,0.0464604696230976,0.500843862536992,2012
"Portage",2012-02-06,2012,0.138293253618843,0.0585554692301806,0.744023576794372,2012
"Portage",2012-02-07,2012,0.139544840115782,0.053746567325844,0.743512351241899,2012
"Portage",2012-02-08,2012,0.0791342413855782,0.0396090794634071,0.427392037515111,2012
"Portage",2012-02-09,2012,0.0490369338650875,0.0282083065412388,0.382363940011315,2012
"Portage",2012-02-10,2012,0.0342129124386202,0.0221342668298551,0.240739902133317,2012
"Portage",2012-02-11,2012,0.0277622224218929,0.0169450800962801,0.224335808821821,2012
"Portage",2012-02-12,2012,0.0162947313845786,0.0128887067721251,0.159038126506493,2012
"Portage",2012-02-13,2012,0.0142419240172541,0.0114324397649885,0.113935392138033,2012
"Portage",2012-02-14,2012,0.0196113825923279,0.0139551445869756,0.178078771955394,2012
"Portage",2012-02-15,2012,0.0176347208112542,0.0131225504628347,0.139421924160339,2012
"Portage",2012-02-16,2012,0.0193650613663325,0.0146451033567708,0.156376178914917,2012
"Portage",2012-02-17,2012,0.0604118220179766,0.0275562696924104,0.474815723930763,2012
"Portage",2012-02-18,2012,0.079014603841367,0.0319649988267348,0.525087958254903,2012
"Portage",2012-02-19,2012,0.0553434471848749,0.0227725783898691,0.452140421384613,2012
"Portage",2012-02-20,2012,0.0403795985291054,0.0178015609530041,0.266949930039322,2012
"Portage",2012-02-21,2012,0.0245721814986614,0.00806709354861715,0.170197128833181,2012
"Portage",2012-02-22,2012,0.0223668627670362,0.00992499855267635,0.162931435570491,2012
"Portage",2012-02-23,2012,0.0211991122588158,0.0116382375446864,0.178377890281677,2012
"Portage",2012-02-24,2012,0.470124170663293,0.0744363270216881,1.66245028558807,2012
"Portage",2012-02-25,2012,1.89320667251848,0.229700284538033,5.56496670500754,2012
"Portage",2012-02-26,2012,0.527061072501435,0.0816829369951183,1.57831837540268,2012
"Portage",2012-02-27,2012,0.180558319184745,0.044025572397465,0.821127426881464,2012
"Portage",2012-02-28,2012,0.0696586542949907,0.0266220203543232,0.447746518498098,2012
"Portage",2012-02-29,2012,0.797519283137374,0.12984842511639,2.77182963598781,2012
"Portage",2012-03-01,2012,3.09242187933212,0.566195075925273,8.68133102272955,2012
"Portage",2012-03-02,2012,1.00115590479225,0.196351279672128,3.70294951308073,2012
"Portage",2012-03-03,2012,6.63654472614923,0.775302175259523,19.7572444905041,2012
"Portage",2012-03-04,2012,2.78234357420598,0.471280911581556,8.00475284643852,2012
"Portage",2012-03-05,2012,0.707614754066311,0.151364409684703,2.83794406949141,2012
"Portage",2012-03-06,2012,0.239559282637723,0.0692149922854355,1.10797851463923,2012
"Portage",2012-03-07,2012,0.150348722001934,0.0473116821871454,0.781618254689696,2012
"Portage",2012-03-08,2012,0.102974896795914,0.0325831016727369,0.61262378899778,2012
"Portage",2012-03-09,2012,0.0831573412823043,0.034930052662734,0.559377008124522,2012
"Portage",2012-03-10,2012,0.0606104839523313,0.0261573177950703,0.425543160374817,2012
"Portage",2012-03-11,2012,0.0400507597467698,0.0203421257764789,0.299571236348422,2012
"Portage",2012-03-12,2012,0.0402750862586046,0.0143816561019517,0.26931747032175,2012
"Portage",2012-03-13,2012,0.460691594370809,0.063524453290925,1.71697124300581,2012
"Portage",2012-03-14,2012,0.69468457512026,0.107847985968915,2.44631718786232,2012
"Portage",2012-03-15,2012,0.210751956539743,0.0490358145567751,0.913741854385996,2012
"Portage",2012-03-16,2012,1.18019795062696,0.0961922554090727,4.13992216645621,2012
"Portage",2012-03-17,2012,1.2235242754228,0.147822366345548,4.28056174039224,2012
"Portage",2012-03-18,2012,0.839305358142833,0.122201571694099,3.10771816867311,2012
"Portage",2012-03-19,2012,3.98532477029219,0.469529652805557,13.4247049893709,2012
"Portage",2012-03-20,2012,0.948653877825767,0.260884589263214,5.35009095295842,2012
"Portage",2012-03-21,2012,0.321921291141456,0.101141359684295,1.31616389110219,2012
"Portage",2012-03-22,2012,0.137760356843865,0.0507204469642107,0.647047987700574,2012
"Portage",2012-03-23,2012,0.101523098866775,0.0447426800005716,0.49253206250224,2012
"Portage",2012-03-24,2012,0.111769601911983,0.0427781287684518,0.591379879940713,2012
"Portage",2012-03-25,2012,0.178408203352695,0.0619355492681748,0.955350562858417,2012
"Portage",2012-03-26,2012,0.11244465288145,0.0397750796142195,0.678240529230094,2012
"Portage",2012-03-27,2012,0.0569659671556303,0.0182988192775256,0.36145614150279,2012
"Portage",2012-03-28,2012,0.0387327650342549,0.0146979004570587,0.265991791250235,2012
"Portage",2012-03-29,2012,0.0289032563251483,0.00924732159212333,0.220387329479256,2012
"Portage",2012-03-30,2012,0.0103754375764946,0.00211971305326234,0.119633629690262,2012
"Portage",2012-03-31,2012,0.00625540435662643,0.0021294993554473,0.103180898456907,2012
"Portage",2012-04-01,2012,0.00567214074640282,0.00126047572142285,0.0850821111960423,2012
"Portage",2012-04-02,2012,0.00991136297163197,0.00218144830954579,0.110940873377205,2012
"Portage",2012-04-03,2012,0.0190656739167391,0.00417762560822665,0.191581985107468,2012
"Portage",2012-04-04,2012,0.0162338605849881,0.00451407867734557,0.161553548688604,2012
"Portage",2012-04-05,2012,0.00828065512804844,0.00347839431711126,0.0998351085344022,2012
"Portage",2012-04-06,2012,0.00472025159862722,0.0019708266983959,0.0788817303234508,2012
"Portage",2012-04-07,2012,0.00382803442842442,0.00173621233638922,0.0668337158405246,2012
"Portage",2012-04-08,2012,0.00410305398557725,0.00117230113873636,0.0678762359328351,2012
"Portage",2012-04-09,2012,0.00867619299660906,0.00193011160368056,0.0871218864709571,2012
"Portage",2012-04-10,2012,0.00425579369692902,0.00196136579075859,0.0531974212116127,2012
"Portage",2012-04-11,2012,0.0036636832695302,0.00203537959418344,0.0470727789782062,2012
"Portage",2012-04-12,2012,0.00342383568243011,0.00167698074241475,0.0512701924894508,2012
"Portage",2012-04-13,2012,0.00371568278618998,0.00270969006678483,0.0552971481892378,2012
"Portage",2012-04-14,2012,0.00394691353421622,0.00227584127174564,0.0596334073093071,2012
"Portage",2012-04-15,2012,0.00501347367784408,0.00282990500282488,0.0695248266126113,2012
"Portage",2012-04-16,2012,0.0148570224684854,0.00323153647554601,0.151292224288737,2012
"Portage",2012-04-17,2012,0.00836355978700833,0.00227592445531421,0.0987344137687532,2012
"Portage",2012-04-18,2012,0.0095580415796469,0.00213319613109766,0.104394319190849,2012
"Portage",2012-04-19,2012,0.00458474556542317,0.00107876366245251,0.0734757916759321,2012
"Portage",2012-04-20,2012,0.00429748579081249,0.000779970730716858,0.0660069347798816,2012
"Portage",2012-04-21,2012,0.00362861405565039,0.000732088800701395,0.0643760695399379,2012
"Portage",2012-04-22,2012,0.00245007904242222,0.00110334685354113,0.0530904544821556,2012
"Portage",2012-04-23,2012,0.00722664455776415,0.00131650366064038,0.0921609064751298,2012
"Portage",2012-04-24,2012,0.00451159540316614,0.000672915924540035,0.0835945100803597,2012
"Portage",2012-04-25,2012,0.00527423948586453,0.000499336282685399,0.109370250166936,2012
"Portage",2012-04-26,2012,0.00584124804815892,0.000502996359702574,0.0923241705389563,2012
"Portage",2012-04-27,2012,0.00359833034353903,0.000267202748282602,0.0812296354779109,2012
"Portage",2012-04-28,2012,0.00487434915940715,0.000683732235029962,0.0994940681361341,2012
"Portage",2012-04-29,2012,0.00408819103913385,0.000403061088365309,0.0920706686137327,2012
"Portage",2012-04-30,2012,0.00521003808143046,0.000600109098384661,0.0976950334483937,2012
"Portage",2012-05-01,2012,0.00758722222097764,0.000816067506326083,0.133261618195194,2012
"Portage",2012-05-02,2012,0.0091241976777588,0.000827260589450131,0.177301409274209,2012
"Portage",2012-05-03,2012,0.0128038106006706,0.00131713841107377,0.212334964315427,2012
"Portage",2012-05-04,2012,0.06910147118009,0.0165513771593791,0.682432516236777,2012
"Portage",2012-05-05,2012,0.129970329820608,0.0397799183969665,1.43756182253453,2012
"Portage",2012-05-06,2012,0.258429719825872,0.0942428240138287,2.45434429213363,2012
"Portage",2012-05-07,2012,0.135629340611579,0.042207342693514,0.905273402157831,2012
"Portage",2012-05-10,2012,1.08960913612295,0.269874188587297,6.64983905204038,2012
"Portage",2012-05-11,2012,0.128230896159749,0.0769385376958496,0.874200196428205,2012
"Portage",2012-05-12,2012,0.0501629702602444,0.0310998897135844,0.354826704676654,2012
"Portage",2012-05-13,2012,0.0288530525949394,0.0189593946750104,0.202302536630515,2012
"Portage",2012-05-14,2012,0.0169332386706363,0.00948121421434387,0.122713501316646,2012
"Portage",2012-05-21,2012,0.0126832237851475,0.00280562885696732,0.118023453916425,2012
"Portage",2012-05-22,2012,0.00765635510618774,0.00243085140520432,0.0874279685667702,2012
"Portage",2012-05-23,2012,0.00535738390922795,0.00151624072902678,0.067405323964846,2012
"Portage",2012-05-24,2012,0.00474594798158938,0.00128983952112882,0.0794904945905928,2012
"Portage",2012-05-25,2012,0.004546826091032,0.0011838905670989,0.079011826978122,2012
"Portage",2012-05-26,2012,0.00441394523338906,0.00104452139110734,0.0819275407250802,2012
"Portage",2012-05-27,2012,0.00674685287975075,0.00100872065113921,0.0982758496675459,2012
"Portage",2012-05-28,2012,0.00469633876923827,0.000843356609968844,0.0777045629459529,2012
"Portage",2012-05-29,2012,0.0206106635394845,0.00333633744196129,0.363265688581969,2012
"Portage",2012-05-30,2012,0.382249782796327,0.130198848131878,5.55357365239043,2012
"Portage",2012-05-31,2012,0.130680890795315,0.0633787230185132,2.29042944328945,2012
"Portage",2012-06-01,2012,0.0310504688875503,0.0105824178677065,1.39030325278407,2012
"Portage",2012-06-02,2012,0.127615631341381,0.0700927257284046,1.23940556816107,2012
"Portage",2012-06-03,2012,0.0932316298748122,0.0356056744998282,0.910221372853051,2012
"Portage",2012-06-04,2012,0.0377306612826013,0.017493183697487,0.341306343748418,2012
"Portage",2012-06-05,2012,0.0127714179404384,0.00334860348438323,0.125351986248733,2012
"Portage",2012-06-06,2012,0.0154167288182994,0.0103963557974149,0.134587833401545,2012
"Portage",2012-06-07,2012,0.00976348052826467,0.0049194371001488,0.11243081341911,2012
"Portage",2012-06-08,2012,0.00837127628628117,0.00426521301278204,0.101378383923215,2012
"Portage",2012-06-09,2012,0.00658664132668077,0.00266503516991486,0.0913982787029351,2012
"Portage",2012-06-10,2012,0.00698644112984294,0.00252782142697954,0.0882578054002705,2012
"Portage",2012-06-11,2012,0.0073288638432947,0.00326764629955814,0.0979640360607532,2012
"Portage",2012-06-12,2012,0.00835099417500284,0.00461293011571586,0.0876721832912203,2012
"Portage",2012-06-13,2012,0.0115576913845531,0.0065728328542978,0.126250862997573,2012
"Portage",2012-06-14,2012,0.0104255458902571,0.0065237325296603,0.0909221922276656,2012
"Portage",2012-06-15,2012,0.00884857870959713,0.00578840201636014,0.0638902652665988,2012
"Portage",2012-06-16,2012,0.00799115184366186,0.00444381302765756,0.05702732727033,2012
"Portage",2012-06-17,2012,0.00768635746211128,0.00486950738640114,0.0493082052685035,2012
"Portage",2012-06-18,2012,0.0133424780318373,0.00733016297490975,0.0846175505381711,2012
"Portage",2012-06-19,2012,0.228846902677001,0.0818491451048521,1.31765548992231,2012
"Portage",2012-06-20,2012,0.210592317485351,0.0854883650654954,1.36338996761097,2012
"Portage",2012-06-21,2012,0.0377149406755081,0.0220487345487586,0.240294282863325,2012
"Portage",2012-06-22,2012,0.0241756160683714,0.0150781716942107,0.140420738627091,2012
"Portage",2012-06-23,2012,0.0254453643111145,0.0170578182974508,0.134313826726668,2012
"Portage",2012-06-24,2012,0.0177715039568934,0.00972116455761691,0.0953613102768499,2012
"Portage",2012-06-25,2012,0.013895374746381,0.00802776892433725,0.0732211564425471,2012
"Portage",2012-06-26,2012,0.011251125682307,0.00620606182100986,0.0605548390381076,2012
"Portage",2012-06-27,2012,0.0085047125165731,0.00337905356363173,0.0463992000316931,2012
"Portage",2012-06-28,2012,0.00822401690415298,0.00219598749249191,0.0488235386527933,2012
"Portage",2012-06-29,2012,0.00853497665608009,0.000457093709304019,0.0310554843674201,2012
"Portage",2012-06-30,2012,0.00809841950191121,0.000901377149047926,0.0524720286881814,2012
"Portage",2012-07-01,2012,NA,NA,NA,2012
"Portage",2012-07-02,2012,0.00918732612289498,0.00241074680657395,0.0569040307364686,2012
"Portage",2012-07-03,2012,0.007411922636514,0.00281718036340889,0.0520876692232915,2012
"Portage",2012-07-04,2012,0.00554274136576218,0.0025236182101911,0.0401627884410321,2012
"Portage",2012-07-05,2012,0.00588672010126134,0.00271210728342452,0.0386459556407232,2012
"Portage",2012-07-06,2012,0.00594864782148777,0.00226027615812046,0.0389996081359322,2012
"Portage",2012-07-07,2012,0.00553951677919224,0.0012117692954483,0.0367653537553215,2012
"Portage",2012-07-08,2012,0.00842263480014784,0.00151022215318303,0.0574859770016814,2012
"Portage",2012-07-09,2012,0.00586194607728012,0.001792471341075,0.0314430586325777,2012
"Portage",2012-07-10,2012,0.0065099705422127,0.00280315169922675,0.0394343695036501,2012
"Portage",2012-07-11,2012,0.00682803759610164,0.00296664411010424,0.0392084527177103,2012
"Portage",2012-07-12,2012,0.00539568260282879,0.00157629437238478,0.0321363031533315,2012
"Portage",2012-07-13,2012,0.0046798537432077,0.0014414635940315,0.0325800189875487,2012
"Portage",2012-07-14,2012,0.0056997381185644,0.00143541565928119,0.0378059337132239,2012
"Portage",2012-07-15,2012,0.00481788464237547,0.00114631850643529,0.0290294702644277,2012
"Portage",2012-07-16,2012,0.00464252389352317,0.00131715580894432,0.0258196381760776,2012
"Portage",2012-07-17,2012,0.00681998591597896,0.00231908938767653,0.0371029787341271,2012
"Portage",2012-07-18,2012,0.0115306738507959,0.00337983402123098,0.0519043815696694,2012
"Portage",2012-07-19,2012,0.00639595522860683,0.00235748349772367,0.0354237520353609,2012
"Portage",2012-07-20,2012,0.019109736130683,0.00577426570285397,0.122850305869821,2012
"Portage",2012-07-21,2012,0.0424939834845115,0.0202638781740713,0.247113665698432,2012
"Portage",2012-07-22,2012,0.0170703202984921,0.00806739692398489,0.0842459793236614,2012
"Portage",2012-07-23,2012,0.0158068352891474,0.00378142716426854,0.0806052041564959,2012
"Portage",2012-07-24,2012,0.00928701483378552,0.00289152934768358,0.044085979978752,2012
"Portage",2012-07-25,2012,0.00803531008569595,0.00246450405184285,0.0410530630302512,2012
"Portage",2012-07-26,2012,0.00673936635857926,0.00203250731449216,0.0311263078363327,2012
"Portage",2012-07-27,2012,0.00730255336987043,0.001245933276376,0.0372930482951634,2012
"Portage",2012-07-28,2012,0.00844152970309145,0.00122001670161468,0.0466522884856495,2012
"Portage",2012-07-29,2012,0.00693216629792516,0.000481400437355914,0.037881234415386,2012
"Portage",2012-07-30,2012,0.00417566834778966,0.000711743078458863,0.0226556565445143,2012
"Portage",2012-07-31,2012,0.00572813307435407,0.0020135096553756,0.031019074430141,2012
"Portage",2012-08-01,2012,0.00459424561826922,0.00165137732932334,0.0293330168924497,2012
"Portage",2012-08-02,2012,0.00459405233880107,0.00149784737407015,0.0291062878434285,2012
"Portage",2012-08-03,2012,0.00409196610520169,0.00133506691667661,0.0249240479937217,2012
"Portage",2012-08-04,2012,0.00356241950767132,0.00106143701443404,0.0203745796010997,2012
"Portage",2012-08-05,2012,0.0133238546987793,0.0044281060126507,0.0785296925681023,2012
"Portage",2012-08-06,2012,0.0177824776637435,0.00729905585420622,0.105801754996658,2012
"Portage",2012-08-07,2012,0.0244849635270135,0.0137336022781125,0.12334243025944,2012
"Portage",2012-08-08,2012,0.0127953356629784,0.00552430886559681,0.0642942633933983,2012
"Portage",2012-08-09,2012,0.00678110004424702,0.00320235209138009,0.0377172551359748,2012
"Portage",2012-08-10,2012,0.0101271639832133,0.00163844717756147,0.0749784636969794,2012
"Portage",2012-08-11,2012,0.148553057879771,0.0584932419403706,0.694844948147315,2012
"Portage",2012-08-12,2012,0.0550537726402001,0.0241559211352242,0.284023786998687,2012
"Portage",2012-08-13,2012,0.0246384021434463,0.0118599462206866,0.131793729954213,2012
"Portage",2012-08-14,2012,0.0192498129786513,0.00940482478606362,0.112857897432763,2012
"Portage",2012-08-15,2012,0.010762446682701,0.00567337382047812,0.081877527827764,2012
"Portage",2012-08-16,2012,0.0144186483242108,0.00882914066688226,0.103234784283313,2012
"Portage",2012-08-17,2012,0.0135159989558788,0.0070581747248587,0.0858663463079362,2012
"Portage",2012-08-18,2012,0.0107409070315919,0.00425415449131304,0.0609354870478938,2012
"Portage",2012-08-19,2012,0.00765609821575539,0.00356077540890425,0.0435311260037713,2012
"Portage",2012-08-20,2012,0.0048926095837591,0.00217892344358207,0.0344147940663937,2012
"Portage",2012-08-21,2012,0.00201323808548997,0.000767206946092124,0.0166173759813145,2012
"Portage",2012-08-22,2012,0.00430234958299842,0.00176363844826257,0.0345673135859463,2012
"Portage",2012-08-23,2012,0.00295350844599648,0.00129806490811528,0.0275140466916334,2012
"Portage",2012-08-27,2012,0.0102390226404751,0.00174833450657695,0.0737751528248384,2012
"Portage",2012-08-28,2012,0.00775576191720702,0.00325106830365682,0.0612437751393244,2012
"Portage",2012-08-29,2012,0.0180543085174344,0.0101583578214278,0.104145641912603,2012
"Portage",2012-08-30,2012,0.0109279721978574,0.00555088846233116,0.0638732371007969,2012
"Portage",2012-08-31,2012,0.00458888517124741,0.00213662378343795,0.0379736317874653,2012
"Portage",2012-09-01,2012,0.00779645336169208,0.0028309325645543,0.0538397818541558,2012
"Portage",2012-09-02,2012,0.00617574385684086,0.00154529626021392,0.0396063784440041,2012
"Portage",2012-09-03,2012,0.00564176950125525,0.00174351617991992,0.036105503903407,2012
"Portage",2012-09-04,2012,0.0124900128211098,0.00460254684909761,0.0749217765415731,2012
"Portage",2012-09-05,2012,0.0331370455216144,0.0162363707714986,0.179791917977533,2012
"Portage",2012-09-06,2012,0.0190666011688711,0.0111774397200053,0.0864560077132133,2012
"Portage",2012-09-08,2012,0.00794182888064966,0.0044651960979317,0.0524938227831473,2012
"Portage",2012-09-09,2012,0.0404900913176081,0.0223083651457256,0.231745507521164,2012
"Portage",2012-09-10,2012,0.069225552317137,0.0180129766818001,0.22779933407605,2012
"Portage",2012-09-11,2012,0.0422381077693641,0.00738277719367553,0.113101991051724,2012
"Portage",2012-09-12,2012,0.00795184026778488,0.00469996948734889,0.0531223578272785,2012
"Portage",2012-09-13,2012,0.00643459154963305,0.00374609861338084,0.0444095542741955,2012
"Portage",2012-09-14,2012,0.00263840664166959,0.00124636387367214,0.0227178142428421,2012
"Portage",2012-09-15,2012,0.00305422662150854,0.00175397936800601,0.0246031159998681,2012
"Portage",2012-09-16,2012,0.00345925720318857,0.00212096080679092,0.0263058885416913,2012
"Portage",2012-09-17,2012,0.00553426969017073,0.00239961081021265,0.0348987264375982,2012
"Portage",2012-09-18,2012,0.0137184900528051,0.00313900970680448,0.072655158587795,2012
"Portage",2012-09-19,2012,0.00631901532082867,0.00297280948048076,0.051543059060123,2012
"Portage",2012-09-20,2012,0.00887490386247467,0.00643077489178092,0.0560302988037263,2012
"Portage",2012-09-21,2012,0.00453812362181402,0.00310899076853557,0.0255238113094291,2012
"Portage",2012-09-22,2012,0.00253660952634163,0.00153136056590254,0.0218712110271234,2012
"Portage",2012-09-23,2012,0.00565266600505475,0.00346781532444932,0.0480921202137916,2012
"Portage",2012-09-24,2012,0.0183773983909197,0.0131079297273704,0.115018037700352,2012
"Portage",2012-09-25,2012,0.00894789010417011,0.00646236507523397,0.0525274289448504,2012
"Portage",2012-09-26,2012,0.00338718598074743,0.0027713339842479,0.0357406520727143,2012
"Portage",2012-09-27,2012,0.00212374500976254,0.00189270998778,0.0171054775890916,2012
"Portage",2012-09-28,2012,0.000946912813114545,0.00120589751413733,0.0115329124674207,2012
"Portage",2012-09-29,2012,0.00234090794839789,0.00297280948048076,0.0305179717199112,2012
"Portage",2012-09-30,2012,0.00317859094967501,0.00164605602751027,0.015768081532495,2012
"Portage",2012-10-01,2012,0.00532037211436443,0.00295955393417123,0.0223920967472201,2013
"Portage",2012-10-02,2012,0.00340416521503834,0.00209545281014582,0.0216731852024107,2013
"Portage",2012-10-03,2012,0.00483903284139717,0.00325815358643873,0.0359746425579567,2013
"Portage",2012-10-04,2012,0.0120818359432773,0.00838754601366367,0.0727171966757628,2013
"Portage",2012-10-05,2012,0.00664273885738051,0.00407075918836689,0.0434461026103884,2013
"Portage",2012-10-06,2012,0.00994720122575847,0.00452145510261749,0.0747914841608581,2013
"Portage",2012-10-07,2012,0.152561165705233,0.0654492830098429,0.657858948345306,2013
"Portage",2012-10-08,2012,0.108090148016482,0.0449491709766742,0.775062998034123,2013
"Portage",2012-10-09,2012,0.0309603370444269,0.015997081003623,0.176865686402301,2013
"Portage",2012-10-10,2012,0.00623785017708216,0.00333964901788399,0.0592499799897004,2013
"Portage",2012-10-11,2012,0.0102397480501246,0.00621145652008932,0.0788756383503406,2013
"Portage",2012-10-12,2012,0.0064709965937611,0.00306154677554289,0.0561399543197088,2013
"Portage",2012-10-13,2012,0.00454358437843323,0.00296681537039247,0.0450831454535863,2013
"Portage",2012-10-14,2012,0.00293119323043922,0.00197291852048794,0.0354937436685877,2013
"Portage",2012-10-15,2012,0.00301529018721531,0.00170777497329009,0.0296672533641237,2013
"Portage",2012-10-16,2012,0.00378997060607601,0.00226944347669222,0.0400708069867957,2013
"Portage",2012-10-17,2012,0.00400616959394615,0.00238751521255377,0.0457431728181488,2013
"Portage",2012-10-18,2012,0.00231502807226977,0.000977827741716833,0.0330539206708553,2013
"Portage",2012-10-19,2012,0.00138394949609049,0.000833607006417078,0.0222079381127035,2013
"Portage",2012-10-20,2012,0.00240067778899254,0.00184667522230195,0.0369878184231656,2013
"Portage",2012-10-21,2012,0.00649465742586879,0.00345511025763769,0.0638661102262307,2013
"Portage",2012-10-22,2012,0.00842363137192034,0.00504939266896362,0.0658534931731898,2013
"Portage",2012-10-23,2012,0.00686457720188473,0.00206544800764673,0.0487688723687881,2013
"Portage",2012-10-24,2012,0.00695326556543593,0.00274354088604261,0.0522605662705688,2013
"Portage",2012-10-25,2012,0.00484284949924931,0.00109963784501303,0.0390204823184927,2013
"Portage",2012-10-26,2012,0.00853052388858593,0.00392093090191515,0.0584807399393293,2013
"Portage",2012-10-27,2012,0.00561283575516196,0.00162354753248486,0.0493442482194507,2013
"Portage",2012-10-28,2012,0.00667557924093769,0.00226592040790564,0.0499724309567033,2013
"Portage",2012-10-29,2012,0.00896088386689619,0.00325718718909797,0.0814441561149563,2013
"Portage",2012-10-30,2012,0.0113894942089001,0.000716210525406298,0.109632616035364,2013
"Portage",2012-10-31,2012,0.0113833288385236,0.0029720021105505,0.184067866563812,2013
"Portage",2012-11-01,2012,0.114705139173225,0.0477387020461516,0.88302610353774,2013
"Portage",2012-11-02,2012,0.0971048036220648,0.0398812120614154,0.704213301831711,2013
"Portage",2012-11-03,2012,0.0251752623708096,0.00955632408361344,0.287648780122529,2013
"Portage",2012-11-04,2012,0.0104996257512217,0.00232203261805865,0.167399481928934,2013
"Portage",2012-11-05,2012,0.0107956369265613,0.00771478666995859,0.12401899402812,2013
"Portage",2012-11-06,2012,0.00649135210230582,0.00495468246746794,0.0924155990671193,2013
"Portage",2012-11-12,2012,0.00799929894023084,0.0036908794033022,0.125087780555495,2013
"Portage",2012-11-16,2012,0.0281819079910949,0.0155607587207066,0.294919513330845,2013
"Portage",2012-11-17,2012,0.0130538261557408,0.00847899900758212,0.187280489379335,2013
"Portage",2012-11-18,2012,0.00708700517109559,0.00403356145376185,0.156328778960284,2013
"Portage",2012-11-19,2012,0.00650298801560374,0.00357158927281863,0.110949511419934,2013
"Portage",2012-11-20,2012,0.00287227969128576,0.00193878879161789,0.0875614463888464,2013
"Portage",2012-11-21,2012,0.00313983229987147,0.00211278435131538,0.0868589122207436,2013
"Portage",2012-11-22,2012,0.00232325590583177,0.00140174099346275,0.0845587275223128,2013
"Portage",2012-11-23,2012,0.0023570406675498,0.00130001727540118,0.0776365456991919,2013
"Portage",2012-11-24,2012,0.00241031729664472,0.00173276266486902,0.0672000905285741,2013
"Portage",2012-11-25,2012,0.00181535905531008,0.00130705851982326,0.0524379429976712,2013
"Portage",2012-11-26,2012,0.00353866570569288,0.00243557818915965,0.0587467316327165,2013
"Portage",2012-11-27,2012,0.00168363542790052,0.000786916558692634,0.0512227778553647,2013
"Portage",2012-11-28,2012,0.00212284466996152,0.00146403080687002,0.0544619460155646,2013
"Portage",2012-11-29,2012,0.00127064368939302,0.000728394471626573,0.0461963960449386,2013
"Portage",2012-11-30,2012,0.00182416672727654,0.00112738201170739,0.0455258777644339,2013
"Portage",2012-12-01,2012,0.000876852675772416,0.000759417049552896,0.0439052661226045,2013
"Portage",2012-12-02,2012,0.00320728438768131,0.0017846985705646,0.0556877684409505,2013
"Portage",2012-12-03,2012,0.00380901148802722,0.00144167019374429,0.0522409991030334,2013
"Portage",2012-12-04,2012,0.0039502408769591,0.00163074046459081,0.0514442908053213,2013
"Portage",2012-12-05,2012,0.00318045034709015,0.00102301109890479,0.0516671249060728,2013
"Portage",2012-12-06,2012,0.00284233360659978,0.00025933700790144,0.0558508180216541,2013
"Portage",2012-12-07,2012,0.00224042709071382,0.000244217171025677,0.0589094289065415,2013
"Portage",2012-12-08,2012,0.0023246382210154,0.000141216340528973,0.0818728891205283,2013
"Portage",2012-12-09,2012,0.00586862155865803,0.00147565571057798,0.0921638794721811,2013
"Portage",2012-12-10,2012,0.236850891396731,0.0672101750071537,1.29351046247053,2013
"Portage",2012-12-11,2012,1.59285190404087,0.413805083518924,7.26989099914999,2013
"Portage",2012-12-12,2012,0.383161915091477,0.138433703365701,1.98961214154957,2013
"Portage",2012-12-13,2012,0.145867598697196,0.0665895231352544,0.866577376533029,2013
"Portage",2012-12-15,2012,0.028149955714461,0.0152412359543676,0.259069058947616,2013
"Portage",2012-12-16,2012,0.0166772290054777,0.0104198673884143,0.172703180630951,2013
"Portage",2012-12-17,2012,0.0121843186434417,0.00804280992711208,0.130896524488313,2013
"Portage",2012-12-18,2012,0.0078747193134163,0.00493572150698458,0.106230187888964,2013
"Portage",2012-12-19,2012,0.00632289558964501,0.00483164662982307,0.0890772712000303,2013
"Portage",2012-12-20,2012,0.0130619536797054,0.00516446653425583,0.104571023109676,2013
"Portage",2012-12-21,2012,1.77871302349072,0.441223997023333,7.03901192189278,2013
"Portage",2012-12-22,2012,1.50182061275724,0.323652585860997,6.0148032242581,2013
"Portage",2012-12-23,2012,0.406417104973597,0.121205701273254,1.74638637186674,2013
"Portage",2012-12-24,2012,0.146671690216223,0.0572627367693892,0.758841101203556,2013
"Portage",2012-12-25,2012,0.0644871318368595,0.0316832511868298,0.406279118112789,2013
"Portage",2012-12-26,2012,0.0381548349587221,0.0193005451691781,0.243692625228563,2013
"Portage",2012-12-27,2012,0.0212480193039852,0.0135975775708927,0.154741010148588,2013
"Portage",2012-12-28,2012,0.0250885068019399,0.0162728100676843,0.186276879624512,2013
"Portage",2012-12-29,2012,0.0238003847768446,0.0165714390788583,0.168501823239925,2013
"Portage",2012-12-30,2012,0.012408908841752,0.00871056738303374,0.104526808596405,2013
"Portage",2012-12-31,2012,0.0110984495819194,0.00832383718643958,0.105630360962292,2013
"Portage",2013-01-01,2013,0.0143475019073262,0.0106551300929407,0.123457089022415,2013
"Portage",2013-01-02,2013,0.00834194184548175,0.00570367710519385,0.0885200636193742,2013
"Portage",2013-01-03,2013,0.0110841371149739,0.00817682246186602,0.1057535705068,2013
"Portage",2013-01-04,2013,0.00876473456562749,0.00545965566021187,0.0857647057734432,2013
"Portage",2013-01-05,2013,0.00697988430737902,0.00507233828548662,0.0871184938861996,2013
"Portage",2013-01-06,2013,0.00463295778313738,0.00266184483540257,0.0650635743944602,2013
"Portage",2013-01-07,2013,0.00429897330874461,0.00276975594302057,0.0559178615313477,2013
"Portage",2013-01-08,2013,0.00418194136749022,0.00329249861395685,0.0540999653771962,2013
"Portage",2013-01-09,2013,0.0170945475128388,0.00830044180777866,0.128685549409946,2013
"Portage",2013-01-10,2013,0.281803144548891,0.102014599583511,1.35840726369825,2013
"Portage",2013-01-11,2013,1.34780433809063,0.318949974072058,4.86782802432519,2013
"Portage",2013-01-12,2013,7.18745177672202,1.02509558127019,24.3312916703786,2013
"Portage",2013-01-16,2013,1.38665797754895,0.464266212504154,6.00168713275471,2013
"Portage",2013-01-17,2013,0.661644447019046,0.260193566233056,3.07013089778525,2013
"Portage",2013-01-18,2013,0.243198343570956,0.111718835469398,1.47210553373434,2013
"Portage",2013-01-19,2013,0.124847037521745,0.0664315232864783,0.943309203060977,2013
"Portage",2013-01-20,2013,0.0831160430870838,0.0446098798799217,0.591156262935786,2013
"Portage",2013-01-21,2013,0.0465556429409561,0.0315176944778352,0.490110241713199,2013
"Portage",2013-01-22,2013,0.0289490562193739,0.0251517263140548,0.205591908520924,2013
"Portage",2013-01-28,2013,0.0169057880930075,0.00681770081441877,0.134824319393844,2013
"Portage",2013-01-29,2013,0.0270550152944967,0.0147379753645061,0.184500763640963,2013
"Portage",2013-01-30,2013,0.341459855490276,0.0937434507606684,2.0529019030036,2013
"Portage",2013-01-31,2013,2.40415714562936,0.321926771470679,10.8828374459703,2013
"Portage",2013-02-01,2013,1.38498880138253,0.260754064457822,7.41261110287271,2013
"Portage",2013-02-02,2013,0.226498092289588,0.0663746159392727,1.5386650618534,2013
"Portage",2013-02-04,2013,0.0621118984335478,0.0278734437462249,0.452366631759618,2013
"Portage",2013-02-05,2013,0.034150573693702,0.0194408807425104,0.241935739328808,2013
"Portage",2013-02-06,2013,0.0235712385111837,0.0152497011057576,0.166662977059371,2013
"Portage",2013-02-07,2013,0.0123359152603299,0.00834559947592338,0.0973004440356199,2013
"Portage",2013-02-08,2013,0.0143550373600086,0.0100982405671056,0.139604291901555,2013
"Portage",2013-02-09,2013,0.0118947609907096,0.00806379067162973,0.109490739119438,2013
"Portage",2013-02-10,2013,0.00980822350185431,0.00689640714974131,0.113484210986299,2013
"Portage",2013-02-11,2013,0.024487415811236,0.011867391965599,0.195751488084881,2013
"Portage",2013-02-12,2013,0.109845908491485,0.0523983084738221,0.673937516625123,2013
"Portage",2013-02-13,2013,0.0941637996236851,0.0387635429546266,0.588856481922321,2013
"Portage",2013-02-14,2013,0.0585546509865813,0.0313119099504215,0.388984960617572,2013
"Portage",2013-02-15,2013,0.0365659309359719,0.0214725170761081,0.326985996111238,2013
"Portage",2013-02-16,2013,0.0265736270900185,0.0145308972102723,0.237769270105072,2013
"Portage",2013-02-17,2013,0.0121418651208799,0.00670997809311782,0.118990278184623,2013
"Portage",2013-02-18,2013,0.0186349461365717,0.0110307283707995,0.155550402581298,2013
"Portage",2013-02-19,2013,0.0149908534129654,0.00419900867850079,0.121300334815383,2013
"Portage",2013-02-20,2013,0.0139102499257021,0.00975743259351437,0.111214473920541,2013
"Portage",2013-02-21,2013,0.0116383598734637,0.00743465376991411,0.116696271089446,2013
"Portage",2013-02-22,2013,0.0128944317589033,0.00940659366018355,0.150258883747876,2013
"Portage",2013-02-23,2013,0.00672539151905914,0.00569680222790891,0.0657769664648372,2013
"Portage",2013-02-24,2013,0.00704356866884765,0.00582820780049747,0.066817225921343,2013
"Portage",2013-02-25,2013,0.00721972210817693,0.00545574113933789,0.0805887305478178,2013
"Portage",2013-03-04,2013,0.148449017254667,0.0577818511687904,0.886480843546945,2013
"Portage",2013-03-05,2013,0.0784629010556899,0.0338187691181209,0.50946339284395,2013
"Portage",2013-03-06,2013,0.0550400228856302,0.0300218306648892,0.470922145743455,2013
"Portage",2013-03-07,2013,0.0427233744077269,0.0233503127393583,0.400162777110211,2013
"Portage",2013-03-08,2013,0.0525720153376051,0.0204631578687514,0.455762772206865,2013
"Portage",2013-03-09,2013,0.0697373850960687,0.0246748398085817,0.606200794216236,2013
"Portage",2013-03-10,2013,0.0725393991376664,0.0218312829142088,0.637870393511518,2013
"Portage",2013-03-11,2013,0.084825677457789,0.0225260125063191,0.812980890306443,2013
"Portage",2013-03-12,2013,0.571748435428906,0.0392937158754968,3.6236018174932,2013
"Portage",2013-03-13,2013,0.581244630840844,0.0478079999392902,2.03371181256508,2013
"Portage",2013-03-14,2013,0.212413817445282,0.0306182079200407,1.37067135565579,2013
"Portage",2013-03-15,2013,0.077810203631464,0.0207397187684983,0.567876705161225,2013
"Portage",2013-03-16,2013,0.0456742381055579,0.0134071850618843,0.37540118173276,2013
"Portage",2013-03-17,2013,0.0411049157523782,0.0103734803160576,0.390042859883766,2013
"Portage",2013-03-18,2013,0.0317909983738863,0.00911879482342752,0.316700543583334,2013
"Portage",2013-03-19,2013,0.0249567831745304,0.0142524279815993,0.232609246552008,2013
"Portage",2013-03-20,2013,0.0280546371311795,0.0161092320266627,0.28423238202976,2013
"Portage",2013-03-21,2013,0.0167319344346917,0.00948498194068508,0.212772656680649,2013
"Portage",2013-03-22,2013,0.0160953844090709,0.00830578145890833,0.198306397996308,2013
"Portage",2013-03-23,2013,0.010648475407455,0.0051143215218601,0.129575534079963,2013
"Portage",2013-03-24,2013,0.00968574793000954,0.00367730090902057,0.130971011840027,2013
"Portage",2013-03-25,2013,0.0086447626560917,0.00305665362445041,0.111657140989374,2013
"Portage",2013-03-26,2013,0.0105002129293528,0.00381518990680666,0.145483657596725,2013
"Portage",2013-03-27,2013,0.0479964052852716,0.00981226035150561,0.561428632980332,2013
"Portage",2013-03-28,2013,0.153448753410819,0.0210647707955718,1.53124680013964,2013
"Portage",2013-03-29,2013,0.17424339780033,0.0264049112403498,1.55948566440945,2013
"Portage",2013-03-30,2013,0.0750988352138545,0.0189961667054704,0.797740575895531,2013
"Portage",2013-03-31,2013,0.049041778084669,0.0112713980072831,0.495120417101385,2013
"Portage",2013-04-01,2013,0.0380832481582391,0.0075054576662223,0.438908900446948,2013
"Portage",2013-04-02,2013,0.0224735089950968,0.006147021059928,0.264371081745383,2013
"Portage",2013-04-03,2013,0.0144303918868328,0.00482268971674829,0.21427059702459,2013
"Portage",2013-04-04,2013,0.0138967448286869,0.0041595698806954,0.194491403815545,2013
"Portage",2013-04-05,2013,0.00870506258805469,0.00463097605694492,0.213142138519642,2013
"Portage",2013-04-06,2013,0.00941148681127603,0.00323339424191078,0.178991466962918,2013
"Portage",2013-04-07,2013,0.00739404061584653,0.00329517027445334,0.15634645302203,2013
"Portage",2013-04-08,2013,0.0115376696976495,0.00410976847624305,0.157796581842963,2013
"Portage",2013-04-09,2013,0.0128741251818695,0.00501621384245587,0.173516520205543,2013
"Portage",2013-04-10,2013,0.017213952632373,0.00378102959574228,0.203269600663116,2013
"Portage",2013-04-11,2013,1.90307300762639,0.31697223036091,10.9649830521486,2013
"Portage",2013-04-12,2013,10.3948622717807,2.3870495476748,57.4583313776132,2013
"Portage",2013-04-13,2013,9.18957702676586,2.6505549494394,51.1106903617367,2013
"Portage",2013-04-14,2013,3.06211376942573,1.04338691402654,16.0666463210609,2013
"Portage",2013-04-15,2013,0.652162235825167,0.219425715193684,4.38439029496854,2013
"Portage",2013-04-22,2013,0.0754130489112581,0.0241916411381993,0.460992669957529,2013
"Portage",2013-04-23,2013,0.0378485237003328,0.0149064954881311,0.342732939231014,2013
"Portage",2013-04-24,2013,0.121390234233829,0.0264638247795033,0.808444723129541,2013
"Portage",2013-04-25,2013,1.7546717488856,0.256583387124147,6.93102456267024,2013
"Portage",2013-04-26,2013,0.936232085724951,0.188974339260141,3.6275393484102,2013
"Portage",2013-04-27,2013,0.196702643259993,0.0595403273426504,1.02703835797995,2013
"Portage",2013-04-28,2013,0.100126202092894,0.0313576609131362,0.668136490278944,2013
"Portage",2013-04-29,2013,0.394689552130376,0.0906030535736874,2.72900515684564,2013
"Portage",2013-04-30,2013,1.13021052488057,0.203684210267664,5.51254736142085,2013
"Portage",2013-05-01,2013,0.341892613928147,0.0922850204370654,2.32041514781982,2013
"Portage",2013-05-02,2013,0.116815908633657,0.0433682427902049,0.73465623707962,2013
"Portage",2013-05-03,2013,0.0617351257994269,0.0316340260868395,0.494786826525655,2013
"Portage",2013-05-04,2013,0.0404389578886917,0.0195360035997483,0.337693776509934,2013
"Portage",2013-05-05,2013,0.0270681778709355,0.0141514333430505,0.285260604334578,2013
"Portage",2013-05-06,2013,0.0192201235125559,0.00770917041987134,0.225664843026884,2013
"Portage",2013-05-07,2013,0.0143173600965965,0.00219213168943104,0.216335996100726,2013
"Portage",2013-05-08,2013,0.0126362691072641,0.00223734440552556,0.212925861241355,2013
"Portage",2013-05-09,2013,0.0120170897680216,0.00263789775395597,0.176152950014171,2013
"Portage",2013-05-10,2013,0.0104507921033188,0.00170330589529229,0.170243980754892,2013
"Portage",2013-05-11,2013,0.0152250396242515,0.00363536660415802,0.197552657002023,2013
"Portage",2013-05-12,2013,0.0143237211930167,0.00453644037783821,0.203246816928342,2013
"Portage",2013-05-13,2013,0.0141467848495126,0.0036075245744418,0.175626006573022,2013
"Portage",2013-05-14,2013,0.00931056556999364,0.00188454821175775,0.149888888128018,2013
"Portage",2013-05-15,2013,0.00920597691196742,0.0023859983357151,0.129659126226651,2013
"Portage",2013-05-16,2013,0.00925172542810656,0.0029605521369941,0.12957966634606,2013
"Portage",2013-05-17,2013,0.00800059562527035,0.0024106598172212,0.139608646806028,2013
"Portage",2013-05-18,2013,0.00667862278091721,0.000749004424028098,0.0918622717552795,2013
"Portage",2013-05-19,2013,0.00644826790693653,0.000919129501211443,0.0943831106556501,2013
"Portage",2013-05-20,2013,0.00751666053564853,0.00163854748715886,0.0973034288577863,2013
"Portage",2013-05-21,2013,0.00908597482799989,0.00310690628617018,0.135557773383701,2013
"Portage",2013-05-22,2013,0.00931864905559841,0.00393689725392991,0.162261142374936,2013
"Portage",2013-05-25,2013,0.0102707950938064,0.00594055210300526,0.135211837387764,2013
"Portage",2013-05-26,2013,0.00816459447728591,0.00444678806352179,0.118204374508206,2013
"Portage",2013-05-27,2013,0.00666089978766025,0.0025696872277268,0.10710035597666,2013
"Portage",2013-05-28,2013,0.0127495675742349,0.00613500592742042,0.200454290706712,2013
"Portage",2013-05-29,2013,0.0334691534725632,0.0145326587446656,0.394143320499264,2013
"Portage",2013-05-30,2013,0.0287188823919836,0.0136807611394648,0.305977545484741,2013
"Portage",2013-05-31,2013,0.0214825235700923,0.0122066259755888,0.231555995779352,2013
"Portage",2013-06-01,2013,0.0197744223867293,0.00864345781580037,0.208196777505005,2013
"Portage",2013-06-02,2013,0.135885576584976,0.0643489798322022,1.17220410755019,2013
"Portage",2013-06-03,2013,0.117291217097903,0.0516705439953987,1.47277111390792,2013
"Portage",2013-06-04,2013,0.0580056312787532,0.0246678752235267,0.495886219713113,2013
"Portage",2013-06-05,2013,0.0283319320035903,0.00986973041108678,0.305497184841992,2013
"Portage",2013-06-06,2013,0.0170356523230019,0.00768865724312475,0.18543232174595,2013
"Portage",2013-06-10,2013,0.0119840707844496,0.00703752073409734,0.132667408605977,2013
"Portage",2013-06-17,2013,0.0440540179158159,0.0210620795624709,0.350835018809942,2013
"Portage",2013-06-18,2013,0.0304229711914507,0.0164834357564601,0.217088146820906,2013
"Portage",2013-06-19,2013,0.0231613881756776,0.0144227683574307,0.171899979665422,2013
"Portage",2013-06-20,2013,0.0183512542846326,0.0116824960963178,0.130730376455601,2013
"Portage",2013-06-21,2013,0.0148727229592908,0.00934516014821747,0.11831900635885,2013
"Portage",2013-06-22,2013,0.0134622330116747,0.00728648915483382,0.092302934263215,2013
"Portage",2013-06-23,2013,0.0719633510903726,0.0377472275213479,0.50281277907153,2013
"Portage",2013-06-24,2013,0.255159219188177,0.10351127586342,1.88241693727582,2013
"Portage",2013-06-25,2013,0.0708103552676277,0.0421428509621151,0.50409457853377,2013
"Portage",2013-06-26,2013,0.0383485450241711,0.0236386685798137,0.205321072607955,2013
"Portage",2013-06-27,2013,0.03714874988109,0.0171733003330967,0.196979376643316,2013
"Portage",2013-06-28,2013,0.0813532272998486,0.0359814318050975,0.345809569144799,2013
"Portage",2013-06-29,2013,0.0549265996433065,0.03473354371486,0.298024217699024,2013
"Portage",2013-06-30,2013,0.103962138960333,0.050227021608045,0.68341046141412,2013
"Portage",2013-07-01,2013,0.07269199749132,0.0361044741669438,0.454728675402318,2013
"Portage",2013-07-02,2013,0.0412503891343577,0.0206092184288619,0.319394957232408,2013
"Portage",2013-07-03,2013,0.858279497513135,0.164386022595752,3.2001322997949,2013
"Portage",2013-07-04,2013,1.16817963757116,0.226900676295722,4.99071073896187,2013
"Portage",2013-07-05,2013,1.13432961345044,0.294032874352888,5.83522751505474,2013
"Portage",2013-07-06,2013,1.6201580467231,0.423599845418439,8.01827629277036,2013
"Portage",2013-07-07,2013,0.925559101746962,0.266177633128727,5.22626213940276,2013
"Portage",2013-07-08,2013,0.477343268894706,0.170215429218267,2.63506037466485,2013
"Portage",2013-07-09,2013,2.0067898909803,0.43625152251481,8.92811022048308,2013
"Portage",2013-07-10,2013,4.99705470935327,1.21166042283649,17.3469081105701,2013
"Portage",2013-07-11,2013,4.93007641449005,1.5705242055115,22.3455048964902,2013
"Portage",2013-07-12,2013,4.75257936344307,1.71363117807008,21.2147242855271,2013
"Portage",2013-07-13,2013,1.66732166215819,0.766502332334807,7.32117180977732,2013
"Portage",2013-07-14,2013,0.420285958841057,0.253785238671912,2.03559966365383,2013
"Portage",2013-07-15,2013,0.207080328967573,0.125164782443187,1.08527066176464,2013
"Portage",2013-07-16,2013,0.10251435341509,0.0670436075566366,0.519866378861095,2013
"Portage",2013-07-17,2013,0.0627326435811398,0.0447605889335701,0.339434466079573,2013
"Portage",2013-07-18,2013,0.0444303012348276,0.0323339424191078,0.233237429289261,2013
"Portage",2013-07-19,2013,0.0298921132294275,0.0218067192957245,0.176556390321746,2013
"Portage",2013-07-20,2013,0.328477415515823,0.10994164462366,1.47386801739894,2013
"Portage",2013-07-21,2013,4.1835756799551,1.66431237423632,18.0276824357647,2013
"Portage",2013-07-22,2013,2.09566936266386,1.13622216196423,8.99897325595905,2013
"Portage",2013-07-23,2013,1.30318227426449,0.620452428419992,6.149621824102,2013
"Portage",2013-07-24,2013,0.679957841770389,0.346866612109552,3.13557489143468,2013
"Portage",2013-07-25,2013,0.324269367556204,0.193717649833292,1.53299365507966,2013
"Portage",2013-07-26,2013,0.165907621325225,0.11086099268562,0.760365146508575,2013
"Portage",2013-07-27,2013,0.0770323394022925,0.0501075797898776,0.393591813439631,2013
"Portage",2013-07-28,2013,0.0530378433216092,0.0372329652928988,0.28997792004255,2013
"Portage",2013-07-29,2013,0.137980831358423,0.0745131875516819,0.687401848254932,2013
"Portage",2013-07-30,2013,0.0702612458520296,0.0275044022908301,0.262220541840238,2013
"Portage",2013-07-31,2013,0.0273915662266375,0.0157484110651032,0.152984564632431,2013
"Portage",2013-08-01,2013,0.0173050349700962,0.00392223248010575,0.152494946147815,2013
"Portage",2013-08-02,2013,0.0113755046899267,0.00205976216607727,0.135663426302089,2013
"Portage",2013-08-03,2013,0.297086151703085,0.0686703356373315,1.87464354424786,2013
"Portage",2013-08-04,2013,1.48380631390524,0.391902909719054,4.74224544289439,2013
"Portage",2013-08-05,2013,0.512201624661058,0.21833271368484,1.89547704637348,2013
"Portage",2013-08-06,2013,0.124697698550402,0.0686452337722271,0.603955058056587,2013
"Portage",2013-08-07,2013,0.0529714921927952,0.0155668751595722,0.302199054211128,2013
"Portage",2013-08-08,2013,0.111048889687571,0.0660218686770158,0.48186905443604,2013
"Portage",2013-08-09,2013,0.355180658916181,0.143375329275004,1.24450395432088,2013
"Portage",2013-08-10,2013,0.166182124383096,0.0790513840270788,0.641317963695164,2013
"Portage",2013-08-11,2013,0.0722206164604302,0.0410070527305286,0.277782046766487,2013
"Portage",2013-08-12,2013,0.0403387352806486,0.0260310391574598,0.183766255448889,2013
"Portage",2013-08-13,2013,0.0300776835380343,0.0246043343944901,0.144657701032041,2013
"Portage",2013-08-14,2013,0.0272637987118862,0.0201261396406813,0.123502091333013,2013
"Portage",2013-08-15,2013,0.0213071285691823,0.0153019354936698,0.144702539422077,2013
"Portage",2013-08-16,2013,0.01075133433657,0.0080049847818003,0.0887258157296618,2013
"Portage",2013-08-17,2013,0.0105182686568841,0.00630864184051261,0.0829168918376198,2013
"Portage",2013-08-18,2013,0.00766022803527744,0.00407227606520556,0.0747737097895146,2013
"Portage",2013-08-19,2013,0.0073162395134761,0.00429974234899131,0.0601499405715071,2013
"Portage",2013-08-20,2013,0.00685371929961052,0.00421360005505856,0.0433463704048215,2013
"Portage",2013-08-21,2013,0.00633498656599453,0.00353522337389932,0.0362548439621164,2013
"Portage",2013-08-22,2013,0.00565722642187294,0.00362372090455791,0.0346329209557943,2013
"Portage",2013-08-23,2013,0.00831696720230574,0.00526319075069771,0.0465102819012191,2013
"Portage",2013-08-24,2013,0.00693868397518034,0.00334084783990164,0.0687147165177404,2013
"Portage",2013-08-25,2013,0.00513960932670603,0.00321955641062125,0.056667113059506,2013
"Portage",2013-08-26,2013,0.00586465688298535,0.00374949772233975,0.0483394004974012,2013
"Portage",2013-08-27,2013,0.00730449595085414,0.00461913463130112,0.0487984172150845,2013
"Portage",2013-08-28,2013,0.00964350046347706,0.00757123140320741,0.0477569980817698,2013
"Portage",2013-08-29,2013,0.0120488952501228,0.00876069771597619,0.0620451558526464,2013
"Portage",2013-08-30,2013,0.0160839833670255,0.0122884639276106,0.0771786935514685,2013
"Portage",2013-08-31,2013,0.0340648750454683,0.021850713617197,0.14112831763397,2013
"Portage",2013-09-01,2013,0.0229384072803933,0.0163398462376512,0.0868481962198511,2013
"Portage",2013-09-02,2013,0.0203184184594358,0.0152843935470033,0.08337034014936,2013
"Portage",2013-09-03,2013,0.0182739816425802,0.013728811883193,0.0799292316435734,2013
"Portage",2013-09-04,2013,0.0145354576270905,0.0115203174965087,0.0594997386543383,2013
"Portage",2013-09-05,2013,0.0115515064415722,0.00891581060560781,0.0496877474261428,2013
"Portage",2013-09-06,2013,0.00923531869249348,0.00703779230398298,0.0418386192929402,2013
"Portage",2013-09-07,2013,0.00802048628446128,0.00626632831644039,0.0367183036609918,2013
"Portage",2013-09-08,2013,0.00818626135032341,0.00623294479311195,0.0358369786451208,2013
"Portage",2013-09-09,2013,0.0077870911326018,0.00601536430558337,0.0396061925042625,2013
"Portage",2013-09-10,2013,0.00776929147997773,0.00595924149360299,0.0453951254275162,2013
"Portage",2013-09-11,2013,0.00858149339694075,0.00624235187608724,0.0475671854111659,2013
"Portage",2013-09-12,2013,0.00859147297859386,0.00639985996317863,0.0471918587031928,2013
"Portage",2013-09-13,2013,0.0118442245262265,0.0093472837757916,0.0519020230708428,2013
"Portage",2013-09-14,2013,0.0123129810611594,0.00974642300355629,0.0450145508149964,2013
"Portage",2013-09-15,2013,0.0123593925992716,0.00995527492506107,0.0370456897211363,2013
"Portage",2013-09-16,2013,0.0132199540721651,0.0104587024257432,0.0383282289326769,2013
"Portage",2013-09-17,2013,0.0137703033578817,0.0110088168402074,0.040350191234723,2013
"Portage",2013-09-18,2013,0.0122155168311239,0.0094261833905823,0.0437428746707229,2013
"Portage",2013-09-19,2013,0.00955385793546283,0.00740598969081436,0.0360763124513562,2013
"Portage",2013-09-20,2013,0.014784733093058,0.00932498813283872,0.0620965908219989,2013
"Portage",2013-09-21,2013,0.0282204250415632,0.0189104405332618,0.127107356494937,2013
"Portage",2013-09-22,2013,0.13671195029079,0.0926198636594749,0.555189547282599,2013
"Portage",2013-09-23,2013,0.0945290978184942,0.0635318419490746,0.450905634706425,2013
"Portage",2013-09-24,2013,0.0336166966574547,0.023535802310972,0.204189543650697,2013
"Portage",2013-09-25,2013,0.0208907409838166,0.015204111617029,0.119246894600517,2013
"Portage",2013-09-26,2013,0.0151141608204959,0.0107365521271196,0.0838903353159578,2013
"Portage",2013-09-27,2013,0.0121049120438295,0.00913903615844675,0.0725346332085023,2013
"Portage",2013-09-28,2013,0.00942871070312156,0.00670564276124989,0.0647907225032413,2013
"Portage",2013-09-29,2013,0.00818847305461721,0.00612263114830753,0.0596098370004947,2013
"Portage",2013-09-30,2013,0.00842008275001139,0.00638074921790349,0.0552439082587761,2013
"Portage",2013-10-01,2013,0.0109274535238416,0.00789478612604656,0.0700257678488551,2014
"Portage",2013-10-02,2013,0.00961112737584922,0.00710387675606246,0.0527119594588501,2014
"Portage",2013-10-03,2013,0.00993738556466696,0.00714624165822116,0.0529175770074827,2014
"Portage",2013-10-04,2013,0.00942653202759764,0.00640707369117672,0.0529575320327283,2014
"Portage",2013-10-05,2013,1.0170105352939,0.302547511810927,3.94602497059883,2014
"Portage",2013-10-06,2013,6.77072351930362,1.9295710464057,20.6001546819883,2014
"Portage",2013-10-07,2013,6.03167236264942,2.33284819457592,NA,2014
"Portage",2013-10-08,2013,2.60480578088012,1.26389616995736,10.4321016253541,2014
"Portage",2013-10-09,2013,1.09973326145933,0.602582749366946,5.61693205659903,2014
"Portage",2013-10-10,2013,0.312256681624166,0.184409653167622,1.52083725730003,2014
"Portage",2013-10-11,2013,0.144670415885154,0.100509727275522,0.839318047714666,2014
"Portage",2013-10-12,2013,0.0838365106539405,0.0606907316302479,0.492308934812423,2014
"Portage",2013-10-13,2013,0.0549170090671652,0.0398817258422801,0.302107258696633,2014
"Portage",2013-10-14,2013,0.0386651579966604,0.0296779400061097,0.191984414163817,2014
"Portage",2013-10-15,2013,0.020587052454413,0.020382714464791,0.147302148268734,2014
"Portage",2013-10-16,2013,0.0170472490910911,0.0174647327423015,0.119168388884389,2014
"Portage",2013-10-17,2013,0.0180567306272252,0.0185046129795976,0.132007430172925,2014
"Portage",2013-10-18,2013,0.0230642346607364,0.0237271587707456,0.15484802336298,2014
"Portage",2013-10-19,2013,0.0168525016776104,0.0178409181982913,0.12587484390872,2014
"Portage",2013-10-20,2013,0.0177005092276926,0.0178921250244741,0.149915409006939,2014
"Portage",2013-10-21,2013,0.0223460913406486,0.0207199015065738,0.167058294736133,2014
"Portage",2013-10-22,2013,0.0204125382206997,0.0156339602610501,0.171117285896122,2014
"Portage",2013-10-23,2013,0.0141837770717718,0.00914285281629888,0.14705166786431,2014
"Portage",2013-10-24,2013,0.00936431683474453,0.00630790786784874,0.125377797620746,2014
"Portage",2013-10-25,2013,0.0072096520032286,0.0037122869393318,0.130711576969104,2014
"Portage",2013-10-26,2013,0.00557629614937886,0.00283104266045388,0.118080215692386,2014
"Portage",2013-10-27,2013,0.00498569525909207,0.00215638966727602,0.107651254382666,2014
"Portage",2013-10-28,2013,0.00561256935026915,0.00226405339892213,0.0883884544373318,2014
"Portage",2013-10-29,2013,0.0059928770142127,0.00254075891846806,0.0836241087513182,2014
"Portage",2013-10-30,2013,0.0056780712455269,0.0028961974138258,0.0746278938869587,2014
"Portage",2013-10-31,2013,0.00661715257031793,0.0027605299066357,0.0870920121524871,2014
"Portage",2013-11-01,2013,0.336687043293664,0.157506986132389,1.60356720630016,2014
"Portage",2013-11-02,2013,1.24383574560769,0.501729359779695,6.00669886120866,2014
"Portage",2013-11-03,2013,0.57062551841757,0.278542625939424,2.36277651100699,2014
"Portage",2013-11-04,2013,0.224165211827399,0.113066846945448,1.18540608472893,2014
"Portage",2013-11-05,2013,0.10093606753021,0.0621402297783733,0.500533196374131,2014
"Portage",2013-11-06,2013,0.0623477483162054,0.0446214277164999,0.348719513866619,2014
"Portage",2013-11-07,2013,0.0493410676712406,0.0291778599644582,0.27771225819903,2014
"Portage",2013-11-08,2013,0.038948699791966,0.0280220976764145,0.308162435310555,2014
"Portage",2013-11-09,2013,0.0315021067333862,0.0231015449378166,0.235686451411047,2014
"Portage",2013-11-10,2013,0.0247554300070748,0.0168030808515763,0.217807855949344,2014
"Portage",2013-11-11,2013,0.0205350056372926,0.0127788718406026,0.175174156690638,2014
"Portage",2013-11-12,2013,0.0171133066308396,0.0109065401960724,0.12168327281988,2014
"Portage",2013-11-13,2013,0.0129340662827524,0.00716164040470919,0.106179103391558,2014
"Portage",2013-11-14,2013,0.0112206315646987,0.00655322599787023,0.10716174599395,2014
"Portage",2013-11-15,2013,0.0100382994662227,0.00549825038945381,0.114824457303407,2014
"Portage",2013-11-16,2013,0.00814471115782162,0.0038099909337709,0.12554718627869,2014
"Portage",2013-11-17,2013,0.00758306304254903,0.00316334878402193,0.123437907870132,2014
"Portage",2013-11-18,2013,0.0857046400501184,0.0274951909338985,0.7210468601336,2014
"Portage",2013-11-19,2013,1.72250011772506,0.374022617964972,4.52408808547301,2014
"Portage",2013-11-20,2013,0.491221377613774,0.149642028655402,1.32192257809933,2014
"Portage",2013-11-21,2013,0.182538267532303,0.0751136614616647,0.583856293149693,2014
"Portage",2013-11-22,2013,0.0838095983229319,0.0477384138939206,0.356093565960253,2014
"Portage",2013-11-23,2013,0.0860268318774674,0.0533327046064421,0.434458432733805,2014
"Portage",2013-11-24,2013,0.0864181127045775,0.0564855820471261,0.438987459987738,2014
"Portage",2013-11-25,2013,0.063564076941105,0.0367909723915496,0.351101575934122,2014
"Portage",2013-11-26,2013,0.0424355103289563,0.0237321253191045,0.227087325544145,2014
"Portage",2013-11-27,2013,0.0299460846859776,0.0198906591909312,0.187897001951232,2014
"Portage",2013-11-28,2013,0.0237110358378959,0.0111861348494967,0.156010880720108,2014
"Portage",2013-11-29,2013,0.0170666749009282,0.0102777213491778,0.14065863140033,2014
"Portage",2013-11-30,2013,0.0121110260361195,0.0041073844242941,0.101379460416455,2014
"Portage",2013-12-01,2013,0.011829620916791,0.00604853660788966,0.121094171680403,2014
"Portage",2013-12-02,2013,0.0110057733002279,0.00529049453379375,0.0903117023092383,2014
"Portage",2013-12-03,2013,0.0078544176295336,0.00453289773644725,0.069009460366947,2014
"Portage",2013-12-04,2013,0.00703380683241815,0.00422028409945089,0.0698105328117501,2014
"Portage",2013-12-05,2013,0.00661579472088977,0.00116860191651044,0.0650835873824284,2014
"Portage",2013-12-06,2013,0.00659100112430417,0.00126475967520431,0.0910448830981585,2014
"Portage",2013-12-07,2013,0.00709263718800304,0.00417808556442934,0.0760984374779328,2014
"Portage",2013-12-08,2013,0.00669732440439267,0.00361086170348688,0.0680070592204437,2014
"Portage",2013-12-09,2013,0.387332141167885,0.00385275843352781,0.0645695433749259,2014
"Portage",2013-12-10,2013,0.00737494509370813,0.00437083901883986,0.0770106651895283,2014
"Portage",2013-12-11,2013,0.0124836272589341,0.00805039567051406,0.107919413741987,2014
"Portage",2013-12-12,2013,0.00919860122066817,0.00481105478208059,0.0854809240506291,2014
"Portage",2013-12-13,2013,0.00648507418945417,0.00368270050125112,0.102323319903288,2014
"Portage",2013-12-14,2013,0.00536036139166772,0.00281646107019829,0.100302355532223,2014
"Portage",2013-12-15,2013,0.00597814862942433,0.00280178895664749,0.102767221677247,2014
"Portage",2013-12-16,2013,0.00835369084493825,0.00377365466559987,0.0943044733681263,2014
"Portage",2013-12-17,2013,0.00851992532331962,0.00335491564929252,0.0888350455414993,2014
"Portage",2013-12-18,2013,0.00746324934489857,0.00227873801719239,0.0752289416548279,2014
"Portage",2013-12-19,2013,0.00708663084503702,0.00237688239522981,0.0735513052301668,2014
"Portage",2013-12-20,2013,0.0117761363287746,0.00374006046493272,0.0976122087109017,2014
"Portage",2013-12-21,2013,1.58664338694538,0.456178690049725,7.32780692265872,2014
"Portage",2013-12-22,2013,11.4782241642356,2.88680256372824,27.7129508369671,2014
"Portage",2013-12-23,2013,19.3965047552527,5.31371742887866,45.6922253289739,2014
"Portage",2013-12-24,2013,14.3204178267142,5.16369194843789,25.6904930761887,2014
"Portage",2013-12-25,2013,3.01414437433449,1.36216763400231,5.26129954780046,2014
"Portage",2013-12-26,2013,0.945462483130734,0.437469237532519,2.8821178608723,2014
"Portage",2013-12-27,2013,0.374243682376078,0.197469228775896,1.25748404884491,2014
"Portage",2013-12-28,2013,0.193475683511768,0.0980489615911142,0.882668675160938,2014
"Portage",2013-12-29,2013,0.239721735253994,0.106979892033598,1.22138766468777,2014
"Portage",2013-12-30,2013,0.235498211888519,0.121694135615305,1.32833829567783,2014
"Portage",2013-12-31,2013,0.137855186112037,0.06506917215931,0.911921106748045,2014
"Portage",2014-01-01,2014,0.0668113296742765,0.0356719522313758,0.402575051667293,2014
"Portage",2014-01-02,2014,0.0405161718129311,0.0223226042154047,0.23617229238302,2014
"Portage",2014-01-03,2014,0.074188170864033,0.0439434938655145,0.503225212379169,2014
"Portage",2014-01-04,2014,0.0756914202769092,0.0506081491466383,0.604206541556985,2014
"Portage",2014-01-05,2014,0.0495982027611504,0.0286567393731091,0.417273245713417,2014
"Portage",2014-01-06,2014,0.0427406961625943,0.0313800226136289,0.344688976380233,2014
"Portage",2014-01-07,2014,0.0346127807458976,0.0273207623303293,0.272235354181217,2014
"Portage",2014-01-08,2014,0.0293084092356056,0.0219813069267042,0.216335800374682,2014
"Portage",2014-01-09,2014,0.0269035233366735,0.0200237529006467,0.215843745100822,2014
"Portage",2014-01-10,2014,0.0289185229565568,0.0188630974615104,0.243825718938278,2014
"Portage",2014-01-11,2014,0.160102778321194,0.0703411510093698,0.731659475624541,2014
"Portage",2014-01-12,2014,3.41315393359522,0.782583673400243,14.8541583440459,2014
"Portage",2014-01-13,2014,2.25172548532304,1.05763655834886,9.6157095400056,2014
"Portage",2014-01-14,2014,2.37013278261284,1.00415289459438,9.14470699435286,2014
"Portage",2014-01-15,2014,1.87113743022981,0.870248634400451,8.01739699351904,2014
"Portage",2014-01-16,2014,0.564199893567314,0.246066782138634,3.24654703204737,2014
"Portage",2014-01-17,2014,0.263690664620219,0.142839545540881,1.37640731532532,2014
"Portage",2014-01-18,2014,0.133434273031493,0.0860201282604707,0.688161026083765,2014
"Portage",2014-01-19,2014,0.097092595210089,0.0646165067517446,0.504764010534733,2014
"Portage",2014-01-20,2014,0.120036164764885,0.0694553900801918,0.599967852141541,2014
"Portage",2014-01-21,2014,0.131990108418058,0.0976703295595781,0.686395577169598,2014
"Portage",2014-01-22,2014,0.0765008942621382,0.0595796927431894,0.403264937039822,2014
"Portage",2014-01-23,2014,0.0623101689158151,0.0478432741218325,0.36081802566882,2014
"Portage",2014-01-24,2014,0.117401643285183,0.0896333778216907,0.941796240743182,2014
"Portage",2014-01-25,2014,0.0403557743201196,0.0312522624386042,0.338613101737189,2014
"Portage",2014-01-26,2014,0.0398991943916802,0.0316660272949843,0.356966601978173,2014
"Portage",2014-01-27,2014,0.0442071517976724,0.0320885889496618,0.360500090458169,2014
"Portage",2014-01-28,2014,0.0440924046861364,0.0317445868357741,0.347683438054297,2014
"Portage",2014-01-29,2014,0.0345634088513745,0.0257000038939672,0.279642361647459,2014
"Portage",2014-01-30,2014,0.0317780804550021,0.0238159449973186,0.250877728292761,2014
"Portage",2014-01-31,2014,0.0355242769314048,0.0259826323010688,0.295313901308899,2014
"Portage",2014-02-01,2014,0.047587576395056,0.0262834693466733,0.342315400531853,2014
"Portage",2014-02-02,2014,0.148901360529785,0.0754672758990318,0.817342889847834,2014
"Portage",2014-02-03,2014,0.42294479010703,0.217258890270059,2.5023433244294,2014
"Portage",2014-02-04,2014,0.462329478835995,0.229101737985897,2.46018349729121,2014
"Portage",2014-02-05,2014,0.320167683652933,0.191931209300938,1.80479709081394,2014
"Portage",2014-02-06,2014,0.23121039251769,0.145432279510254,1.30862119655615,2014
"Portage",2014-02-07,2014,0.183147905226915,0.121738076112116,0.962367732977121,2014
"Portage",2014-02-08,2014,0.145009511255863,0.0991391556545188,0.822601330979872,2014
"Portage",2014-02-09,2014,0.113305855628978,0.0774392538471431,0.715067729968649,2014
"Portage",2014-02-10,2014,0.0955261344403498,0.0644486716692726,0.703424803154166,2014
"Portage",2014-02-11,2014,0.0738239246967088,0.0575513103550682,0.551328117097969,2014
"Portage",2014-02-12,2014,0.063225139238598,0.0434962476227841,0.445224148041436,2014
"Portage",2014-02-13,2014,0.0606659233542091,0.0438384256786813,0.491040042871121,2014
"Portage",2014-02-14,2014,0.0600436613297784,0.0470382529040976,0.553884543886235,2014
"Portage",2014-02-15,2014,0.0623567517142155,0.0453395465708323,0.548358610494475,2014
"Portage",2014-02-16,2014,0.059136177528167,0.0373965922654313,0.63050429278841,2014
"Portage",2014-02-17,2014,0.0534507600318,0.0403618255169706,0.608387364023926,2014
"Portage",2014-02-18,2014,0.0447812135654249,0.0353310953262737,0.527592028326479,2014
"Portage",2014-02-19,2014,0.0443913517521315,0.0325661713699569,0.493795131593742,2014
"Portage",2014-02-20,2014,0.0605576379205325,0.0354029267843113,0.610176430547365,2014
"Portage",2014-02-21,2014,0.826049167568411,0.401312276164856,4.28979840578865,2014
"Portage",2014-02-22,2014,1.96599275443164,0.852646257317917,4.6865045141726,2014
"Portage",2014-02-23,2014,3.47438910983703,1.64624522935251,9.81628350033385,2014
"Portage",2014-02-24,2014,3.51136510314505,1.43983719216088,8.47718503491962,2014
"Portage",2014-02-25,2014,3.28143397604898,0.900422739927338,5.8901225538735,2014
"Portage",2014-02-26,2014,1.4778290036357,0.452245330544035,3.25503664919282,2014
"Portage",2014-02-27,2014,0.7822533857015,0.249829615328751,1.89215216855546,2014
"Portage",2014-02-28,2014,0.561960787627395,0.186797021585643,1.68745208575265,2014
"Portage",2014-03-01,2014,0.446657596653978,0.137741713938203,1.39212741951135,2014
"Portage",2014-03-02,2014,0.263841153482068,0.0790669605580566,0.804928981836717,2014
"Portage",2014-03-03,2014,0.20763491327556,0.0661330166040815,0.780231984208938,2014
"Portage",2014-03-04,2014,0.0793806115430846,0.0426370102909447,0.522228205030414,2014
"Portage",2014-03-05,2014,0.0552760684943314,0.0291101632190938,0.406402572314852,2014
"Portage",2014-03-06,2014,0.0957648386611446,0.05236063121041,0.851807571220666,2014
"Portage",2014-03-07,2014,0.0381293905730411,0.0222295854131366,0.46610542567104,2014
"Portage",2014-03-08,2014,0.0421505821408412,0.0192688375500988,0.475871470210477,2014
"Portage",2014-03-09,2014,0.0981957561238887,0.0562086052295363,0.975016137099094,2014
"Portage",2014-03-10,2014,0.185847679934654,0.0756566712586041,1.1690234201911,2014
"Portage",2014-03-11,2014,2.24608846652782,0.65277267001604,9.10225553778817,2014
"Portage",2014-03-12,2014,3.22936656691779,1.15012293140969,10.7151904643815,2014
"Portage",2014-03-13,2014,1.03667375538522,0.459232016331433,4.12458385038417,2014
"Portage",2014-03-14,2014,0.553708977625037,0.241966321523136,2.34594789402315,2014
"Portage",2014-03-15,2014,2.84544556914208,0.728851029807674,10.3680800985911,2014
"Portage",2014-03-16,2014,2.62537889872759,0.820950871116378,9.53170609678372,2014
"Portage",2014-03-17,2014,0.755314631676961,0.304262659131863,3.20579034554774,2014
"Portage",2014-03-18,2014,0.38313984698005,0.175162576233053,1.73872619276298,2014
"Portage",2014-03-19,2014,0.282305214471987,0.145712045423966,1.3659316904802,2014
"Portage",2014-03-20,2014,0.509116713089048,0.177729033981059,2.50779865270911,2014
"Portage",2014-03-21,2014,0.518671667090356,0.16664545957846,2.4656625542955,2014
"Portage",2014-03-22,2014,0.312569720965307,0.127064173213258,1.93691412757134,2014
"Portage",2014-03-23,2014,0.220198258121042,0.0955118627496634,1.33803436815665,2014
"Portage",2014-03-24,2014,0.19123741484437,0.0497765037501258,1.30792654307973,2014
"Portage",2014-03-25,2014,0.0890186512499424,0.0390745027065537,0.841741625450771,2014
"Portage",2014-03-26,2014,0.0620412413317724,0.0318104975809898,0.626803235630835,2014
"Portage",2014-03-27,2014,0.048446110336426,0.0233496276982053,0.503676507704429,2014
"Portage",2014-03-28,2014,0.0449385039072926,0.0192512222061659,0.630676874227441,2014
"Portage",2014-03-29,2014,0.0632978025323213,0.0262233753348188,0.859569087483558,2014
"Portage",2014-03-30,2014,0.0752329320195439,0.0273863794864795,0.73608856026741,2014
"Portage",2014-03-31,2014,0.0660490582865864,0.0330738194852981,0.588009134947636,2014
"Portage",2014-04-01,2014,0.0511703722071642,0.0158527819779058,0.445015014763743,2014
"Portage",2014-04-02,2014,0.0442759223178599,0.0212475299888759,0.407326203515069,2014
"Portage",2014-04-03,2014,0.264026114593364,0.045806940363186,1.38571778303229,2014
"Portage",2014-04-04,2014,10.9527006611652,1.29394465742203,44.3479506980448,2014
"Portage",2014-04-05,2014,10.4184538929846,1.72717514845234,35.6494114415532,2014
"Portage",2014-04-06,2014,2.1609549772453,0.473547745377665,8.85301027343656,2014
"Portage",2014-04-07,2014,0.675320500539398,0.185204953325186,3.18218247364538,2014
"Portage",2014-04-08,2014,4.38249487172848,0.453657493949325,14.4152733955736,2014
"Portage",2014-04-09,2014,3.241718579286,0.501027410071306,12.6724316685713,2014
"Portage",2014-04-10,2014,0.936245743732938,0.209369983876694,4.31576140432096,2014
"Portage",2014-04-11,2014,0.276779330011738,0.0856198685011058,1.63446581624356,2014
"Portage",2014-04-12,2014,0.142544733187559,0.0414586905763645,0.862462701313607,2014
"Portage",2014-04-13,2014,0.0925025258962772,0.0318420339397808,0.638163493261958,2014
"Portage",2014-04-14,2014,0.0742855092313488,0.0266617445859423,0.527535167192368,2014
"Portage",2014-04-15,2014,0.0763018408756961,0.0334143501803274,0.561498874164265,2014
"Portage",2014-04-16,2014,0.575423814416914,0.110528856463132,2.70065790791992,2014
"Portage",2014-04-17,2014,0.371853212923552,0.0789791896603352,1.6798068429926,2014
"Portage",2014-04-18,2014,0.137423903774746,0.0392168934033448,0.919454895759093,2014
"Portage",2014-04-19,2014,0.0730045910120285,0.0239079362378573,0.552444098067631,2014
"Portage",2014-04-20,2014,0.0404847822486728,0.0108970964144639,0.387605581324602,2014
"Portage",2014-04-21,2014,0.0233795031040422,0.0080434976866823,0.318577844494641,2014
"Portage",2014-04-22,2014,0.00980499402213327,0.00597996888163073,0.302769595628511,2014
"Portage",2014-04-23,2014,0.00704895113504938,0.00364600920778416,0.261540393838384,2014
"Portage",2014-04-24,2014,0.00873456828914235,0.00256655561102761,0.277767550806375,2014
"Portage",2014-04-25,2014,0.00721446197075251,0.00290065996762214,0.246184217764854,2014
"Portage",2014-04-26,2014,0.00533705775958979,0.00274701502331827,0.263713442238554,2014
"Portage",2014-04-27,2014,0.00625442572640794,0.00361701728756122,0.236613214227963,2014
"Portage",2014-04-28,2014,0.00751661405071315,0.00159443328348461,0.207927115948299,2014
"Portage",2014-04-29,2014,0.0108716030972721,0.000979119533605248,0.179617790302756,2014
"Portage",2014-04-30,2014,0.0404642065483289,0.00804933141015145,0.506165164350064,2014
"Portage",2014-05-01,2014,0.0782394308452964,0.00139381408869293,0.958944093020735,2014
"Portage",2014-05-02,2014,0.0413788343505353,0.000912768404791219,0.715762557423781,2014
"Portage",2014-05-03,2014,0.0270684225284901,0.000979070602094323,0.475137203957539,2014
"Portage",2014-05-04,2014,0.0221487505570889,0.00014077595693065,0.395580438975125,2014
"Portage",2014-05-05,2014,0.0446520588423389,0.000637490597997389,0.335791243249494,2014
"Portage",2014-05-06,2014,0.0118766563316675,0.00159320999571149,0.240140197535422,2014
"Portage",2014-05-07,2014,0.00614384051171789,0.00285760023800832,0,2014
"Portage",2014-05-08,2014,0.00623656572492039,0.00146236713549857,0.34210788811046,2014
"Portage",2014-05-09,2014,0.00863846680168604,0.00142576636532682,0.334384146974002,2014
"Portage",2014-05-10,2014,0.00864517041868274,0.00227957229945366,0.404989674936899,2014
"Portage",2014-05-11,2014,0.0213484756959138,0.00686734183225198,0.53326402227835,2014
"Portage",2014-05-12,2014,0.0579682802254139,0.00484211008975089,0.486495023168367,2014
"Portage",2014-05-13,2014,0.0284413428620182,0.0100556212210901,0.380804590621164,2014
"Portage",2014-05-14,2014,0.0357041002340534,0.0081964195319914,0.397402159126856,2014
"Portage",2014-05-15,2014,0.0532994801105241,0.0264927922339708,0.431292612908481,2014
"Portage",2014-05-16,2014,0.413969830479373,0.138519046037193,5.42965030723329,2014
"Portage",2014-05-17,2014,0.246439444525838,0.0912177312139248,1.45025169339359,2014
"Portage",2014-05-18,2014,0.0867937354481917,0.0422239794072284,0.692786032496377,2014
"Portage",2014-05-19,2014,0.0513187162377846,0.0334813863502944,0.411481385870285,2014
"Portage",2014-05-20,2014,0.0380243346190856,0.0275257364295933,0.324662532246485,2014
"Portage",2014-05-21,2014,0.0334743402127212,0.0178163545798071,0.27430907161421,2014
"Portage",2014-05-22,2014,0.272576993990494,0.123017635122799,1.55634303812031,2014
"Portage",2014-05-23,2014,0.245678926517289,0.100085845829259,1.3105883166926,2014
"Portage",2014-05-24,2014,0.0764264694340216,0.0444929335688114,0.45450376443077,2014
"Portage",2014-05-25,2014,0.0474964475723975,0.0326588476516485,0.338684346017096,2014
"Portage",2014-05-26,2014,0.0422889604537365,0.0264962663712464,0.264962663712464,2014
"Portage",2014-05-27,2014,0.0320732659110948,0.0251127462491643,0.185710130399225,2014
"Portage",2014-05-28,2014,0.0302529831224979,0.0221184130203155,0.19016938131858,2014
"Portage",2014-05-29,2014,0.0551372497978378,0.0346778107239167,0.348655119998242,2014
"Portage",2014-05-30,2014,0.0390962772289152,0.0273174839190974,0.263858279510892,2014
"Portage",2014-05-31,2014,0.0249547769825825,0.0171388488795423,0.1897789078614,2014
"Portage",2014-06-01,2014,0.0187427259446354,0.0137432711446713,0.176340602358567,2014
"Portage",2014-06-02,2014,0.0179650085099966,0.0117015671527008,NA,2014
"Portage",2014-06-03,2014,0.0217389760654247,0.0112726971388982,0.122850093629393,2014
"Portage",2014-06-04,2014,0.0231053811682731,0.0128669713949723,0.127696172608363,2014
"Portage",2014-06-05,2014,0.027399214221795,0.0174973211285774,0.137393737498261,2014
"Portage",2014-06-06,2014,0.0483431584374402,0.0257642020363005,0.386261432719497,2014
"Portage",2014-06-07,2014,0.032457445552682,0.0189497062358473,0.245536364560209,2014
"Portage",2014-06-08,2014,0.0260786359255033,0.0123624483721289,0.195653625063031,2014
"Portage",2014-06-09,2014,0.0237420991920813,0.0142437385607842,NA,2014
"Portage",2014-06-10,2014,0.0287106618981483,0.0146076707509133,0.479445623494468,2014
"Portage",2014-06-11,2014,0.0310658333819807,0.0142151421702746,0.265797924603951,2014
"Portage",2014-06-12,2014,0.024702583975276,0.0131673594939641,0.371200435985621,2014
"Portage",2014-06-13,2014,0.0248936370596819,0.0105952256906911,0.346659325996397,2014
"Portage",2014-06-14,2014,0.0258880819425088,0.0130633408880402,0.266038814432233,2014
"Portage",2014-06-15,2014,0.0315153622796958,0.00998409803157132,0.372010228025671,2014
"Portage",2014-06-16,2014,0.0250357097016521,0.003659381102353,0.227518042450643,2014
"Portage",2014-06-17,2014,0.0248150359271079,0.000944387947150825,0.227398676748159,2014
"Portage",2014-06-18,2014,0.0247590998703942,0.000475467491656282,0.234486650763171,2014
"Portage",2014-06-19,2014,0.0395354375394653,0.00765606885684883,0.299130559161034,2014
"Portage",2014-06-20,2014,0.456184050768589,0.128738402917392,3.03233868677835,2014
"Portage",2014-06-21,2014,0.203780996796273,0.0696374995717675,1.74561621163213,2014
"Portage",2014-06-22,2014,0.116548705885375,0.045601648209101,0.844735377617927,2014
"Portage",2014-06-23,2014,0.0412632825874864,0.0267474318168234,0.297638392735382,2014
"Portage",2014-06-24,2014,0.872007803770715,0.253773168899217,0.499447194110162,2014
"Portage",2014-06-25,2014,3.59133585589406,0.541895007995699,2.6010006763014,2014
"Portage",2014-06-26,2014,2.00617408791531,0.504357022692616,6.72278591610239,2014
"Portage",2014-06-27,2014,0.621314710379178,0.190410515804417,4.24998161206137,2014
"Portage",2014-06-28,2014,0.215167903071929,0.082126843662228,1.38685896373008,2014
"Portage",2014-06-29,2014,0.0935729026977572,NA,0.64887636253779,2014
"Portage",2014-06-30,2014,0.0552225741200129,NA,0.386974792984392,2014
"Portage",2014-07-01,2014,0.0315353801608151,0.0194567345520501,0.296908579249938,2014
"Portage",2014-07-02,2014,0.018740377232111,0.00879035021159662,0.174183456699448,2014
"Portage",2014-07-03,2014,0.0170231747877161,0.00791947696645921,0.15542898719219,2014
"Portage",2014-07-04,2014,0.0153253110550688,0.00724241654294385,0.174890947629607,2014
"Portage",2014-07-05,2014,0.00831039080723744,0.00359630947213784,0.109711738288529,2014
"Portage",2014-07-06,2014,0.0057261611344638,0.00279046620501949,0.0793571244178406,2014
"Portage",2014-07-07,2014,0.00545351475559081,0.00139997945906945,0.071417252797628,2014
"Portage",2014-07-08,2014,0.0109875579336422,0.00171503905996817,0.111383305982548,2014
"Portage",2014-07-09,2014,0.0149261561692207,0.00494225631026858,0.151339658495427,2014
"Portage",2014-07-10,2014,0.0395234493192887,0.016502641374498,0.297650380955558,2014
"Portage",2014-07-11,2014,0.0238792012080667,0.00787330029959948,0.202489968783112,2014
"Portage",2014-07-12,2014,0.015354590692576,0.000655378871024586,0.177420422941656,2014
"Portage",2014-07-13,2014,0.0115735745529992,0.00028991920222944,0.140668796921724,2014
"Portage",2014-07-14,2014,0.00960081913754772,0.000283346069261875,0.117687460395746,2014
"Portage",2014-07-15,2014,0.00967798739237686,0.000234010057846764,0.118760104357232,2014
"Portage",2014-07-16,2014,0.00891211138338189,0.000230252117807739,0.113297586203632,2014
"Portage",2014-07-17,2014,0.00780872049148093,0.000113516212194444,0.0998942667311103,2014
"Portage",2014-07-18,2014,0.00801531177718098,0.000134537189287738,0.0971255016511859,2014
"Portage",2014-07-19,2014,0.00952828877442908,0.000157799229581388,0.120855645244098,2014
"Portage",2014-07-20,2014,0.00990422223313767,0.000185646152448691,0.123686749068941,2014
"Portage",2014-07-21,2014,0.00885109562419033,9.69180320448648e-05,0.102575340427019,2014
"Portage",2014-07-28,2014,0.00694859260614261,0.00214334697303901,0.0512405889253413,2014
"Portage",2014-07-29,2014,0.00531043901764669,0.00147783927925299,0.0405270346083563,2014
"Portage",2014-07-30,2014,0.00494680449420904,0.00118192107378417,0.0463472421068176,2014
"Portage",2014-07-31,2014,0.00530204481694755,0.000464800422274675,0.0542488492854871,2014
"Portage",2014-08-02,2014,0.160688145986388,0.00014276012969865,0.0674292612599904,2014
"Portage",2014-08-03,2014,0.0131858042270072,0.000185210662001461,0.119072532054487,2014
"Portage",2014-08-04,2014,0.025150727023865,0.00177295609530956,0.236467333083392,2014
"Portage",2014-08-05,2014,0.00935204481180459,0.00330121331605256,0.0904281723536422,2014
"Portage",2014-08-06,2014,0.0134533470492907,0.00300345528577296,0.110985670175457,2014
"Portage",2014-08-07,2014,0.00888327115084282,0.00151633859204863,0.0999612050380554,2014
"Portage",2014-08-08,2014,0.0110311198228869,0.00253660952634163,0.106631548607324,2014
"Portage",2014-08-09,2014,0.0079790902262189,0.00145921105304392,0.0766344528212075,2014
"Portage",2014-08-10,2014,0.00533609136224902,0.00120658010871473,0.0433121917444405,2014
"Portage",2014-08-11,2014,0.00610133860132861,0.00215623553301661,0.0442735246738246,2014
"Portage",2014-08-12,2014,0.0311043008892943,0.014155139905003,0.198727062195729,2014
"Portage",2014-08-13,2014,0.0368421982466534,0.02046467474559,0.175342644193256,2014
"Portage",2014-08-14,2014,0.0160898502551853,0.00838195069538942,0.0764548741761135,2014
"Portage",2014-08-15,2014,0.00884956712611781,0.00450133691190076,0.0413825531453655,2014
"Portage",2014-08-16,2014,0.00612540556497697,0.00284524258492426,0.0311748283225657,2014
"Portage",2014-08-17,2014,0.00588357380510888,0.00262715728730797,0.0364341094455405,2014
"Portage",2014-08-18,2014,0.00575024522414098,0.00267260242807938,0.0363208329977496,2014
"Portage",2014-08-25,2014,0.00544309234376383,0.000242264803739777,0.0591503676663352,2014
"Portage",2014-08-26,2014,0.00424783009352601,0.000109985803681219,0.0521689420163621,2014
"Portage",2014-08-27,2014,0.00379528456816245,0.000590564191653596,0.0362455274024364,2014
"Portage",2014-08-28,2014,0.00321164418530471,0.00111610329843923,0.0312508923562983,2014
"Portage",2014-08-29,2014,0.00332909449097751,0.00131398722177021,0.0301040356032429,2014
"Portage",2014-08-30,2014,0.00345411939454146,0.00140714303226884,0.035399207989481,2014
"Portage",2014-08-31,2014,0.00312031352016357,0.0010204666603367,0.0274999984548468,2014
"Portage",2014-09-01,2014,0.00444983405007686,0.0017903006169216,0.0371085324606171,2014
"Portage",2014-09-02,2014,0.00337678191823705,0.00168896039957691,0.0306017302337367,2014
"Portage",2014-09-03,2014,0.00409395272454524,0.00188517942824868,0.0326535630484686,2014
"Portage",2014-09-04,2014,0.00409885566193991,0.00178712068035538,0.0322613280568954,2014
"Portage",2014-09-05,2014,0.0128343047182789,0.00585424425746055,0.103856544759757,2014
"Portage",2014-09-06,2014,0.0307582572440341,0.0165767114491605,0.159407070098866,2014
"Portage",2014-09-07,2014,0.0491638377386709,0.0307476806979477,0.205579479917149,2014
"Portage",2014-09-08,2014,0.034828749211983,0.0258192097535152,0.179497320922859,2014
"Portage",2014-09-09,2014,0.0154200316952868,0.00916922690068735,0.0458978795762397,2014
"Portage",2014-09-10,2014,0.0320425675044284,0.0128478795426972,0.108571560686715,2014
"Portage",2014-09-11,2014,0.253232100561915,0.110361369338071,1.0493096656614,2014
"Portage",2014-09-12,2014,0.574297473559022,0.206538763839513,1.97599374362078,2014
"Portage",2014-09-13,2014,0.160337209190035,0.0779800938373949,0.767130612935082,2014
"Portage",2014-09-14,2014,0.058356698559135,0.0285390101578241,0.356941671373357,2014
"Portage",2014-09-15,2014,0.03319049694494,NA,0.191691224705607,2014
"Portage",2014-09-16,2014,0.0214848257976813,NA,0.130226127449219,2014
"Portage",2014-09-17,2014,0.0200624087942772,NA,0.107270104824893,2014
"Portage",2014-09-18,2014,0.0185996502066913,NA,0.100000350246795,2014
"Portage",2014-09-19,2014,0.0144869567134618,NA,0.0915349052677393,2014
"Portage",2014-09-20,2014,0.0111333671081154,NA,0.0732743504317569,2014
"Portage",2014-09-21,2014,0.00983681907683876,NA,0.0728262356547076,2014
"Portage",2014-09-22,2014,0.0103921656290294,NA,0.0733578602104019,2014
"Portage",2014-09-23,2014,0.01372579770212,0.00684565538661011,0.0901833190729745,2014
"Portage",2014-09-24,2014,0.0149482732121587,0.00851412204612394,0.0800424591598534,2014
"Portage",2014-09-25,2014,0.00921517358944573,0.00491345766951379,0.0552519941909564,2014
"Portage",2014-09-26,2014,0.00712341021522364,0.00392700819557201,0.04395052777021,2014
"Portage",2014-09-27,2014,0.00641638902756902,0.00343587283411761,0.0427931752080612,2014
"Portage",2014-09-28,2014,0.00619368214874589,0.0030673940910984,0.0406859152243292,2014
"Portage",2014-09-29,2014,0.00591137668961635,0.00310587872444076,0.037022657658944,2014
"Portage",2014-09-30,2014,0.00457570302220427,0.00227035360279543,0.0339021973442477,2014
"Portage",2014-10-01,2014,0.00532781704375164,0.00303566445283921,0.0338893528226299,2015
"Portage",2014-10-02,2014,0.00844192604832994,0.00562795069888663,0.0551950134464845,2015
"Portage",2014-10-03,2014,0.0115495198222286,0.00700855817278095,0.0705236166136083,2015
"Portage",2014-10-04,2014,0.012964893134635,0.00945748243154534,0.064589594420736,2015
"Portage",2014-10-05,2014,0.0161916131184556,0.00968220528861858,0.0695773790553446,2015
"Portage",2014-10-06,2014,0.022011399805923,0.0136148340837455,0.105379717452831,2015
"Portage",2014-10-07,2014,0.0145488061432708,0.0102939666108048,0.0802471886015628,2015
"Portage",2014-10-08,2014,0.0151861880045772,0.00951580879256771,0.0884231547619876,2015
"Portage",2014-10-09,2014,0.0158917999647172,0.0101692940141195,0.102664915674205,2015
"Portage",2014-10-10,2014,0.0161713407934795,0.0101753590748986,0.0996164091463238,2015
"Portage",2014-10-11,2014,0.0134820013420883,0.00921204197274655,0.0839165626058135,2015
"Portage",2014-10-12,2014,0.0112253681349562,0.00708970619049864,0.0660410987608093,2015
"Portage",2014-10-13,2014,0.00825364004086686,0.00503802751002615,0.0542502682993039,2015
"Portage",2014-10-14,2014,0.00622249057580287,0.00381962310169644,0.0494304166101893,2015
"Portage",2014-10-15,2014,0.00693693222708923,0.00354033182363987,0.0572656237285338,2015
"Portage",2014-10-16,2014,0.0184982567763285,0.0127336207948245,0.107714794396177,2015
"Portage",2014-10-17,2014,0.0277481986508618,0.0188184327783382,0.144134811566572,2015
"Portage",2014-10-18,2014,0.0231074901163939,0.0156970085128767,0.126811148370266,2015
"Portage",2014-10-19,2014,0.0178725866721619,0.0122961363885236,0.100985830876821,2015
"Portage",2014-10-20,2014,0.014443437299487,0.00994364689517324,0.0867070532765885,2015
"Portage",2014-10-21,2014,0.0105760567712863,0.00600957244574024,0.0725497726179825,2015
"Portage",2014-10-22,2014,0.0110808831694974,0.00688094479228908,0.0679859305940264,2015
"Portage",2014-10-23,2014,0.0103965759892141,0.00644232272835917,0.0657561216411832,2015
"Portage",2014-10-24,2014,0.00949412234692583,0.00544909134700321,0.0651885161144555,2015
"Portage",2014-10-25,2014,0.0086119459227648,0.00414156308467507,0.070461375731712,2015
"Portage",2014-10-26,2014,0.0082423564344476,0.00510310641955613,0.0608868491260345,2015
"Portage",2014-10-27,2014,0.00762713728548936,0.00456440962948282,0.0581984214317969,2015
"Portage",2014-10-28,2014,0.00721484363653773,0.00420657838324085,0.0540489151318484,2015
"Portage",2014-10-29,2014,0.00834450341007867,0.0053362381567818,0.0542985637005867,2015
"Portage",2014-10-30,2014,0.0106338938171994,0.00710661692067425,0.0581154662102757,2015
"Portage",2014-10-31,2014,0.0102434203600195,0.00648185938918641,0.0634519367917344,2015
"Portage",2014-11-01,2014,0.0122681084190659,0.00746890582756147,0.0815003245963469,2015
"Portage",2014-11-02,2014,0.0128011193675697,0.00821687290355797,0.0802471886015628,2015
"Portage",2014-11-03,2014,0.0175547775960722,0.0130083769373435,0.0872004106723223,2015
"Portage",2014-11-04,2014,0.016628884672684,0.0120348029749764,0.0859628783926886,2015
"Portage",2014-11-05,2014,0.0128668735319504,0.0075264101392003,0.075264101392003,2015
"Portage",2014-11-06,2014,0.0135391533468485,0.00824885453909841,0.0795634196678996,2015
"Portage",2014-11-07,2014,0.0124359630741423,0.00799812947711974,0.0707044674779864,2015
"Portage",2014-11-08,2014,0.0109016372586777,0.007437716882498,0.0679025512994105,2015
"Portage",2014-11-09,2014,0.0108588809044316,0.00745324774406554,0.060909944799191,2015
"Portage",2014-11-10,2014,0.0128928398537479,0.00916260809830959,0.0682529335386394,2015
"Portage",2014-11-11,2014,0.0115741617311303,0.00740595054560562,0.0576438643079825,2015
"Portage",2014-11-12,2014,0.010293819816272,0.00657052328698214,0.0561414711965474,2015
"Portage",2014-11-13,2014,0.0102719180719821,0.00659972561270206,0.053367250253155,2015
"Portage",2014-11-14,2014,0.00875311333178285,0.00604583069533551,0.0450996843042789,2015
"Portage",2014-11-15,2014,0.0081612182030321,0.00580127589688446,0.0430764152590494,2015
"Portage",2014-11-16,2014,0.00805367652832157,0.0059147921090789,0.0394319473938593,2015
"Portage",2014-11-17,2014,0.00761566773932859,0.00565313765045172,0.039109121750533,2015
"Portage",2014-11-18,2014,0.00929940918550278,0.00927444432862895,0.0427523173964389,2015
"Portage",2014-11-19,2014,0.00949951459942975,0.00947561644949407,0.0457052117519733,2015
"Portage",2014-11-20,2014,0.00919560098507582,0.00916839506500163,0.0433118247581086,2015
"Portage",2014-11-21,2014,0.0118723503587061,0.0118723503587061,0.0388134530957699,2015
"Portage",2014-11-22,2014,0.0116040809034853,0.0115013394099965,0.0424094053678779,2015
"Portage",2014-11-23,2014,0.012169756082107,0.01211118506353,0.0479631563235982,2015
"Portage",2014-11-24,2014,NA,NA,NA,2015
"Portage",2014-11-25,2014,0.518969684457643,0.157786507388547,2.19175320419404,2015
"Portage",2014-11-26,2014,0.50351307645794,0.169175805871404,1.8529051822729,2015
"Portage",2014-11-27,2014,0.112546634305469,0.0436889888443169,0.774529791359575,2015
"Portage",2014-11-28,2014,0.0519652646021376,0.0213634976697677,0.278302861535893,2015
"Portage",2014-11-29,2014,0.0299378641921422,0.0155757806945605,0.170119890443187,2015
"Portage",2014-11-30,2014,0.021395841398489,0.0104452139110734,0.138146377533551,2015
"Portage",2014-12-01,2014,0.0170804246554981,0.00943918204645947,0.114219097038375,2015
"Portage",2014-12-02,2014,0.0123215416289957,0.00787562454636841,0.0876480796289388,2015
"Portage",2014-12-03,2014,0.00988563315213734,0.00655339725815846,0.0738645623165318,2015
"Portage",2014-12-04,2014,0.00931851694051891,0.00557085251878848,0.06330514225896,2015
"Portage",2014-12-05,2014,0.00873721059073229,0.00629454956536627,0.055523564076589,2015
"Portage",2014-12-06,2014,0.00924169446836698,0.00631363285462695,0.0560906802882075,2015
"Portage",2014-12-07,2014,0.010837840354734,0.00790048175391821,0.0637102951694174,2015
"Portage",2014-12-08,2014,0.0771511940423288,0.0403878733912862,0.481746872453261,2015
"Portage",2014-12-09,2014,0.0479768571466572,0.0189071358213427,0.329186739746592,2015
"Portage",2014-12-10,2014,0.0337230346169965,0.0184917072935912,0.245745057454304,2015
"Portage",2014-12-11,2014,0.0247160156750249,0.0136768466185908,0.149859162235131,2015
"Portage",2014-12-12,2014,0.0216305340509131,0.0136925536335977,0.121197603108196,2015
"Portage",2014-12-13,2014,0.0206580325041605,0.0140694241307405,0.117874321680716,2015
"Portage",2014-12-14,2014,0.0139050680786952,0.00901377149047926,0.103260705751226,2015
"Portage",2014-12-15,2014,0.0127201882795504,0.0083112617881319,0.0795506485435482,2015
"Portage",2014-12-16,2014,0.0109009620038269,0.0057983840445888,0.0872076960306156,2015
"Portage",2014-12-17,2014,0.0135918036526035,0.00889183416525466,0.0901886036761544,2015
"Portage",2014-12-18,2014,0.0233357066833472,0.0160321648969561,0.122735129044475,2015
"Portage",2014-12-19,2014,0.0242790817482219,0.016612003301415,0.135664693628222,2015
"Portage",2014-12-20,2014,0.0177633128219646,0.0122122775651007,0.105099600863291,2015
"Portage",2014-12-21,2014,0.0165405143639538,0.00873838494699448,0.0909728290017461,2015
"Portage",2014-12-22,2014,0.0126764418777333,0.00816926254342814,0.0814109267258873,2015
"Portage",2014-12-23,2014,0.0113668878508529,0.00649536448620165,0.0817333364513708,2015
"Portage",2014-12-24,2014,0.0107369925107179,0.00371155296666793,0.0853657182333624,2015
"Portage",2014-12-25,2014,0.0774732612472358,0.0222344785642291,0.461365430207754,2015
"Portage",2014-12-26,2014,0.307622622882033,0.0972484420723845,1.92016056540882,2015
"Portage",2014-12-27,2014,0.121316873666075,0.0421476462501857,0.748405502334379,2015
"Portage",2014-12-28,2014,0.0625124517819782,0.0208374839273261,0.407760959989636,2015
"Portage",2014-12-29,2014,0.0509200875287839,0.0246644173967547,0.34410840400311,2015
"Portage",2014-12-30,2014,0.0471915063963141,0.0178003050442237,0.327028860114808,2015
"Portage",2014-12-31,2014,0.0323040941974437,0.0141896488530828,0.226128659382106,2015
"Portage",2015-01-01,2015,0.0657076794453677,0.0368454277263744,0.429249233012262,2015
"Portage",2015-01-02,2015,0.0312378765743923,0.0172552080125215,0.20735999973668,2015
"Portage",2015-01-03,2015,0.0222764373348471,0.00970458656171558,0.16277238369423,2015
"Portage",2015-01-04,2015,0.385616515405508,0.0649795785628066,1.77894911803094,2015
"Portage",2015-01-05,2015,2.09959241597006,0.568466721319957,8.84650401353392,2015
"Portage",2015-01-22,2015,0.132121685250935,0.0559837649368368,2.23487189627853,2015
"Portage",2015-01-23,2015,0.0841925363274294,0.051687822935194,0.469453319648514,2015
"Portage",2015-01-24,2015,0.062275133953993,0.0418070829341491,0.3388115679455,2015
"Portage",2015-01-25,2015,0.0529869545502474,0.0380843735829903,0.290600328861513,2015
"Portage",2015-01-26,2015,0.0370646408953175,0.0198104115130145,0.219512140474855,2015
"Portage",2015-01-27,2015,0.034757618018235,0.0167013033088527,0.448099118965822,2015
"Portage",2015-01-28,2015,0.0338214603512218,0.0140922751463424,0.293119323043922,2015
"Portage",2015-01-29,2015,0.0310891247811809,0.0175527115989443,0.202897445940339,2015
"Portage",2015-02-03,2015,0.034641161022234,0.0258123506430505,0.223433022445259,2015
"Portage",2015-02-04,2015,0.0284840111395446,0.0221542308863124,0.173277734432229,2015
"Portage",2015-02-05,2015,0.0295923098619913,0.0225836048946776,0.164315194233689,2015
"Portage",2015-02-06,2015,0.0341444083233254,0.0273155266586604,0.182388047793763,2015
"Portage",2015-02-07,2015,0.0316305519495638,0.0253044415596511,0.164235558199658,2015
"Portage",2015-02-08,2015,0.0328142051988348,0.0256286128195279,0.194010994241286,2015
"Portage",2015-02-09,2015,0.044034554048137,0.033191874910656,0.24893906182992,2015
"Portage",2015-02-10,2015,0.155785697906832,0.0997028466603725,1.00699875126976,2015
"Portage",2015-02-11,2015,0.132418944179803,0.0848839385767968,0.905428678152499,2015
"Portage",2015-02-12,2015,0.097922228977819,0.0620970232542267,0.71331965174086,2015
"Portage",2015-02-13,2015,0.0656347714940897,0.0449719730607652,0.456404753630198,2015
"Portage",2015-02-14,2015,0.0443011220459862,0.0296774506910005,0.280860511611932,2015
"Portage",2015-02-15,2015,0.046597477853687,0.0317908026478426,0.268697605941354,2015
"Portage",2015-02-16,2015,0.0444750463831511,0.033085095480149,0.267528251566942,2015
"Portage",2015-02-17,2015,0.0387596284337526,0.0311967741052155,0.187810882492004,2015
"Portage",2015-02-18,2015,0.0348035157754825,0.0281742746753906,0.156892039368842,2015
"Portage",2015-02-19,2015,0.0375441697023806,0.0304706304830915,0.17003700046368,2015
"Portage",2015-02-20,2015,0.0406160899582395,0.0332313463294687,0.15692580211138,2015
"Portage",2015-02-21,2015,0.00519163330912128,0.0036341433163849,0.0835852962768526,2015
"Portage",2015-02-22,2015,0.00502526617197696,0.00402021293758157,0.0791479422086371,2015
"Portage",2015-02-23,2015,0.0325028295290648,0.0263471720574586,0.154649915985749,2015
"Portage",2015-02-24,2015,0.00431135542758413,0.00383231593563034,0.0665864893815771,2015
"Portage",2015-02-25,2015,0.0322631629885551,0.019708266983959,0.170318356651498,2015
"Portage",2015-02-26,2015,0.0334025943848277,0.0275801238039862,0.15793746109975,2015
"Portage",2015-02-27,2015,0.0358305881897941,0.0292302166811478,0.177502848071809,2015
"Portage",2015-02-28,2015,0.0362313250313904,0.0282873064656269,0.196596779936107,2015
"Portage",2015-03-01,2015,0.0333059179521181,0.026904501966892,0.179286034658686,2015
"Portage",2015-03-02,2015,0.0358416521480976,0.028682700258072,0.197027485968936,2015
"Portage",2015-03-03,2015,0.0367734984053149,0.0304088544505489,0.1895249533197,2015
"Portage",2015-03-04,2015,0.0105530589611516,0.00653284602357005,0.108294486006103,2015
"Portage",2015-03-05,2015,0.0130656920471401,0.0130656920471401,0.112063435635086,2015
"Portage",2015-03-06,2015,0.0166024616567846,0.0150699267346199,0.138694410455909,2015
"Portage",2015-03-07,2015,0.0244701592983832,0.0202021082579675,0.167307600784295,2015
"Portage",2015-03-08,2015,0.0236691504645443,0.0214926768586092,0.153441389218425,2015
"Portage",2015-03-09,2015,0.0253891474418965,0.0202924412639693,0.234637251080129,2015
"Portage",2015-03-10,2015,1.13551687539864,0.679493298238546,7.0656402054805,2015
"Portage",2015-03-11,2015,2.06199181192508,0.955099598575718,10.3014313846381,2015
"Portage",2015-03-12,2015,3.92994163965195,1.7650158702951,16.534620563463,2015
"Portage",2015-03-13,2015,3.27006718606115,1.26394618883519,25.5083232629337,2015
"Portage",2015-03-14,2015,3.07894192767665,1.02196518785878,16.6515093800479,2015
"Portage",2015-03-15,2015,3.67794028076332,1.19395822547167,20.0125239344146,2015
"Portage",2015-03-16,2015,1.70925474373297,0.690472550659853,10.2984316111767,2015
"Portage",2015-03-17,2015,0.816760009534446,0.354217654160173,5.84871010357496,2015
"Portage",2015-03-18,2015,0.39059285006656,0.151181242728808,2.83774627745058,2015
"Portage",2015-03-19,2015,0.194337612076709,0.096700898465136,1.69850449078279,2015
"Portage",2015-03-20,2015,0.119918998261975,0.0618259426837033,1.0125456273482,2015
"Portage",2015-03-21,2015,0.0894853600011431,0.0461918356281204,0.728200702843311,2015
"Portage",2015-03-22,2015,0.0615821414305205,0.029858007966313,0.501614533834058,2015
"Portage",2015-03-23,2015,0.0442779611308151,0.0253783281411475,0.378198987664418,2015
"Portage",2015-03-24,2015,0.0270382317862495,0.0151051574224858,0.241682518759772,2015
"Portage",2015-03-25,2015,0.0278463356891726,0.0160299629789645,0.200603536708184,2015
"Portage",2015-03-26,2015,0.0579028098637965,0.0285681733383352,0.415980475194784,2015
"Portage",2015-03-27,2015,0.630892346854216,0.161972000096364,3.89417188964074,2015
"Portage",2015-03-28,2015,0.342638483065612,0.107882238026562,2.50376694086646,2015
"Portage",2015-03-29,2015,0.116093239148809,0.0496331887914616,0.852238168516805,2015
"Portage",2015-03-30,2015,0.0707320865974862,0.033753064972618,0.529594550411077,2015
"Portage",2015-03-31,2015,0.0414326345467971,0.0186698179933574,0.348263912568398,2015
"Portage",2015-04-01,2015,0.0256048810367294,0.015168768386688,0.295487608172682,2015
"Portage",2015-04-02,2015,0.0259023846231521,0.0122133051268301,0.259532733945139,2015
"Portage",2015-04-03,2015,0.0448745993540248,0.015770625971063,0.417204741598122,2015
"Portage",2015-04-04,2015,0.0779097303246851,0.0221268292401946,0.732514504846441,2015
"Portage",2015-04-05,2015,0.0581952245730831,0.0199640564573184,0.558993580804915,2015
"Portage",2015-04-06,2015,0.0422019602273123,0.00896180622587712,0.448633451065121,2015
"Portage",2015-04-07,2015,0.0308400633905737,0.00413960582423808,0.349796692148118,2015
"Portage",2015-04-08,2015,0.737437014845476,0.0409067431331328,3.68904447164252,2015
"Portage",2015-04-09,2015,1.02194194539109,0.0886312767884544,4.91670345973847,2015
"Portage",2015-04-10,2015,7.76008093857132,0.667425809014272,31.2972468076477,2015
"Portage",2015-04-11,2015,3.32663867281254,0.428069168073792,13.0954723083724,2015
"Portage",2015-04-12,2015,0.777506417497908,0.138812580054792,3.9662965289813,2015
"Portage",2015-04-13,2015,0.250091779490617,0.0594485236729037,1.69836272532197,2015
"Portage",2015-04-14,2015,0.13978656177975,0.0493670013720307,0.918486051842782,2015
"Portage",2015-04-15,2015,0.115381970706006,0.0438622063929907,0.828508342978714,2015
"Portage",2015-04-16,2015,0.0687071810650579,0.0208203578985024,0.564865362115891,2015
"Portage",2015-04-17,2015,0.0493895098670561,0.0137595408720538,0.466376016926454,2015
"Portage",2015-04-18,2015,0.0366531268884399,0.0120371516875008,0.354494117196899,2015
"Portage",2015-04-19,2015,0.0300427244200541,0.0095294117526048,0.30694736803127,2015
"Portage",2015-04-20,2015,0.122407557044589,0.0310421505306931,1.02827123632921,2015
"Portage",2015-04-21,2015,0.654514958015036,0.132471735843256,4.293130070815,2015
"Portage",2015-04-22,2015,0.257018877571378,0.0677224344076963,1.79097281355293,2015
"Portage",2015-04-23,2015,0.0827236123694669,0.0314140300137216,0.687967257300503,2015
"Portage",2015-04-24,2015,0.0303571093777459,0.00758927734443648,0.491233224476252,2015
"Portage",2015-04-25,2015,0.0178844672430144,-0.002630068712208,0.336648795162624,2015
"Portage",2015-04-26,2015,0.0143858642118912,0.0047952880706304,0.278606236903626,2015
"Portage",2015-04-27,2015,0.0144757758632155,0.00440567091489168,0.224899010512566,2015
"Portage",2015-04-28,2015,0.013211507949696,0.00366986331936,0.193768783262208,2015
"Portage",2015-05-04,2015,0.0155895793806413,0.0059451785773632,0.156556369203898,2015
"Portage",2015-05-05,2015,0.0143249444807898,0.00702411839325504,0.130478320456525,2015
"Portage",2015-05-06,2015,0.012351291987638,0.00431575926356736,0.109538080356257,2015
"Portage",2015-05-07,2015,0.0145377965533127,0.00595985803064064,0.1330325453268,2015
"Portage",2015-05-08,2015,0.0119402672958697,0.00369922222591488,0.121868821109307,2015
"Portage",2015-05-09,2015,0.0115341357551939,0.00385824963642048,0.153923853916143,2015
"Portage",2015-05-10,2015,0.0148482669901306,0.0070706033286336,0.142451861179824,2015
"Portage",2015-05-11,2015,0.0346002869001082,0.0187339726410144,0.228261420838282,2015
"Portage",2015-05-12,2015,0.0440677187388749,0.0278322434140262,0.275229962649815,2015
"Portage",2015-05-13,2015,0.029613350411689,0.0163039794401434,0.212617201270441,2015
"Portage",2015-05-14,2015,0.0168569055135936,0.00855812126074752,0.165975685056922,2015
"Portage",2015-05-15,2015,0.0135050970152448,0.00495186890558976,0.153733021023537,2015
"Portage",2015-05-16,2015,0.0169107301756109,0.00713421429283584,0.319454262223649,2015
"Portage",2015-05-17,2015,0.0201818016809338,0.00884681717520384,0.194077051781034,2015
"Portage",2015-05-18,2015,NA,0.0112803443185306,NA,2015
"Portage",2015-05-19,2015,0.017615343932928,0.006605753974848,0.147528505438272,2015
"Portage",2015-05-20,2015,0.0126732613295232,0.00525035112223104,0.124379007619749,2015
"Portage",2015-05-21,2015,0.00936549119100672,0.00516716755365888,0.112708842264184,2015
"Portage",2015-05-22,2015,0.0083672883681408,0.0027890961227136,0.0958568299016832,2015
"Portage",2015-05-23,2015,0.00700209921333888,0.00142635354345792,0.0837658535521651,2015
"Portage",2015-05-24,2015,0.007462055416032,0.002201917991616,0.079636034030112,2015
"Portage",2015-05-25,2015,0.0074498225383008,0.00170281658018304,0.081149852649348,2015
"Portage",2015-05-26,2015,0.00816018574815158,0.00245758513619808,0.0652513931059939,2015
"Portage",2015-05-27,2015,0.0301191187414854,0.00689078002598496,0.173631631584993,2015
"Portage",2015-05-28,2015,0.219188703187642,0.064467265643424,1.66240221037859,2015
"Portage",2015-05-29,2015,0.159683092751992,0.0398302498927872,1.24922147391014,2015
"Portage",2015-05-30,2015,0.106152264457816,0.0429924487863024,0.850468805081764,2015
"Portage",2015-05-31,2015,1.68265136084748,0.3345352257324,7.51548590754461,2015
"Portage",2015-06-01,2015,4.82250775269204,0.951928904628223,40.8687967464106,2015
"Portage",2015-06-02,2015,1.72836970255488,0.68395378603776,13.4988446555155,2015
"Portage",2015-06-03,2015,0.602609906355509,0.264560446692662,4.42403858080508,2015
"Portage",2015-06-04,2015,0.226748621625523,0.121472475870816,1.73948585447009,2015
"Portage",2015-06-05,2015,0.113068488869482,0.0705470058758304,0.863959222643731,2015
"Portage",2015-06-06,2015,0.0650935889832614,0.0405299704990118,0.477762379518655,2015
"Portage",2015-06-07,2015,0.0471968888625158,0.0271031639012467,0.295331027337723,2015
"Portage",2015-06-08,2015,0.039716076367296,0.0189313297350778,0.267156807030678,2015
"Portage",2015-06-09,2015,0.0537312028314136,0.0212705277990106,0.314433889202765,2015
"Portage",2015-06-10,2015,0.178209296760785,0.0703457750371522,1.41052297638597,2015
"Portage",2015-06-11,2015,0.282367112833306,0.0734884013262974,1.78732374612572,2015
"Portage",2015-06-12,2015,0.0651412972064131,0.0166734123476256,0.550222607471645,2015
"Portage",2015-06-13,2015,0.0601167650071,0.013079392870199,0.441792825837834,2015
"Portage",2015-06-14,2015,1.24951506297569,0.213732839719526,6.64215901897605,2015
"Portage",2015-06-15,2015,1.7416446515677,0.362778221996467,9.65381706091167,2015
"Portage",2015-06-16,2015,4.08628678783369,0.96507618996983,17.1879271849999,2015
"Portage",2015-06-17,2015,3.5821943622864,1.33735256192026,17.1638284158694,2015
"Portage",2015-06-18,2015,1.52934214107689,0.673848069823152,10.3157350167275,2015
"Portage",2015-06-19,2015,0.500021323838346,0.205517239035253,2.75435474995699,2015
"Portage",2015-06-20,2015,0.215876039898033,0.122455999240404,1.2258224253859,2015
"Portage",2015-06-21,2015,0.124197961029327,0.0805608395865907,0.741831064526523,2015
"Portage",2015-06-22,2015,0.0790977874099392,0.0498465301790938,0.432799214129856,2015
"Portage",2015-06-23,2015,0.0561939257762588,0.0400749074474112,0.344644204047736,2015
"Portage",2015-06-24,2015,0.0458967786172439,0.0317076190792704,0.264758619311908,2015
"Portage",2015-06-25,2015,0.0354795045989086,0.0227555991555782,0.22787649295234,2015
"Portage",2015-06-26,2015,0.0290917405052306,0.0171749603346048,0.185225341454738,2015
"Portage",2015-06-27,2015,1.44584989622332,0.399970247925226,6.54249205542369,2015
"Portage",2015-06-28,2015,7.19253249860638,2.71375790639305,24.4309814686361,2015
"Portage",2015-06-29,2015,7.59041500206548,2.92543154502782,28.7503820521415,2015
"Portage",2015-06-30,2015,5.23843629932085,2.15442996026348,25.5360099351027,2015
"Portage",2015-07-01,2015,1.67272370096429,0.816911574889536,9.11828919781463,2015
"Portage",2015-07-02,2015,0.741009015142986,0.383280525073958,4.24893839224845,2015
"Portage",2015-07-03,2015,0.409617910829232,0.23691414302015,2.37135558107085,2015
"Portage",2015-07-04,2015,0.229858219144794,0.136521851370847,1.29556450790702,2015
"Portage",2015-07-05,2015,0.116456996001024,0.0740333760292224,0.656318356034343,2015
"Portage",2015-07-06,2015,0.069469093621668,0.0403689858280692,0.42990100073778,2015
"Portage",2015-07-07,2015,0.0517315677059608,0.0280318839785994,0.318119410605621,2015
"Portage",2015-07-08,2015,0.0543873743929152,0.030826851882624,0.32753530125288,2015
"Portage",2015-07-09,2015,2.95165235145832,0.867801569539101,7.11522152687038,2015
"Portage",2015-07-10,2015,5.51313584439224,2.45919008975641,17.4959999777824,2015
"Portage",2015-07-11,2015,5.91719880544374,2.55510563747121,16.86369720731,2015
"Portage",2015-07-12,2015,1.61156445011694,0.726683092031978,5.81668014816747,2015
"Portage",2015-07-13,2015,3.65096933388222,1.63932182831925,10.3864043513806,2015
"Portage",2015-07-14,2015,4.07193376210246,2.39093715621777,13.9051871453718,2015
"Portage",2015-07-15,2015,2.82747873385568,1.65058525049025,10.7052243388939,2015
"Portage",2015-07-16,2015,1.38408454706064,1.0334188312785,6.47338200491868,2015
"Portage",2015-07-17,2015,0.534038510233267,0.382204031833613,2.93197613461402,2015
"Portage",2015-07-18,2015,0.53814875715095,0.334691534725632,2.72157063763738,2015
"Portage",2015-07-19,2015,0.774380794908809,0.32117175825711,3.72753889128706,2015
"Portage",2015-07-20,2015,1.02292682796931,0.403153514552611,3.86305307974293,2015
"Portage",2015-07-21,2015,0.697971304709079,0.237770444461334,2.62058823196632,2015
"Portage",2015-07-22,2015,0.235526934685432,0.143613984564288,1.01448918696213,2015
"Portage",2015-07-23,2015,0.118732800574136,0.0981145298157535,0.548161612231492,2015
"Portage",2015-07-24,2015,0.0713127840218035,0.0376939001258104,0.344338871419566,2015
"Portage",2015-07-25,2015,0.04770822315168,0.025189941824087,0.280524352131878,2015
"Portage",2015-07-26,2015,0.0364255953626396,0.0156566155506083,0.274470056285153,2015
"Portage",2015-07-27,2015,0.0304249230150531,0.014899291682356,0.247878661619834,2015
"Portage",2015-07-28,2015,0.0210441216979615,0.0134610586554125,0.189800927041316,2015
"Portage",2015-07-29,2015,0.0142846640609965,0.0083265528852959,0.146177261764084,2015
"Portage",2015-08-05,2015,0.0466992553964106,0.0141275058342083,0.387721549005493,2015
"Portage",2015-08-06,2015,0.0205082971875795,0.00872191949356829,0.214276346477124,2015
"Portage",2015-08-07,2015,0.0123315236572244,0.00551673426770565,0.141974778948307,2015
"Portage",2015-08-08,2015,0.00838372935581153,0.0026675502495764,0.105558774161809,2015
"Portage",2015-08-09,2015,0.00777521708595072,0.00144396888739085,0.104965430660335,2015
"Portage",2015-08-10,2015,0.0103165838425212,0.00322885448506387,0.108796645636969,2015
"Portage",2015-08-11,2015,0.013502885310951,0.00685941492748216,0.0992074640437698,2015
"Portage",2015-08-12,2015,0.0154061718448174,0.00882577662550618,0.12265233692799,2015
"Portage",2015-08-13,2015,0.0145348606626572,0.00941980516813325,0.105542333174138,2015
"Portage",2015-08-14,2015,0.0125187551906271,0.00698360310220931,0.0770782860910509,2015
"Portage",2015-08-15,2015,0.0121518080038998,0.00676957667342423,0.0723759678911776,2015
"Portage",2015-08-16,2015,0.027376568718539,0.0141515801375833,0.150107832173651,2015
"Portage",2015-08-17,2015,0.021035891417824,0.012585576061946,0.140289218880977,2015
"Portage",2015-08-18,2015,0.0286579626608822,0.0129692969706182,0.1604427544591,2015
"Portage",2015-08-19,2015,0.304123041220691,0.2190886382478,0.973393812854383,2015
"Portage",2015-08-20,2015,0.148685246356534,0.126720380417501,0.562075287362959,2015
"Portage",2015-08-21,2015,0.0570367710519385,0.0381920229070249,0.268097950274971,2015
"Portage",2015-08-22,2015,0.0354488979388251,0.0222668956902168,0.180094652342473,2015
"Portage",2015-08-23,2015,0.0216825311209974,0.014190138168192,0.101941952600291,2015
"Portage",2015-08-24,2015,0.019842945530945,0.015289248640254,0.0994536221647288,2015
"Portage",2015-08-25,2015,0.0268237209355063,0.0238745160158956,0.136849349973467,2015
"Portage",2015-08-26,2015,0.0284648471132909,0.0216188712252842,0.13640478273096,2015
"Portage",2015-08-27,2015,0.0168987664211898,0.012070547443707,0.0957856345532876,2015
"Portage",2015-08-28,2015,0.0126249659282404,0.00891923581137254,0.10405775113268,2015
"Portage",2015-08-29,2015,0.0110991835545833,0.00741165595977946,0.0912274196530879,2015
"Portage",2015-08-30,2015,0.0108062501712809,0.00702030173540291,0.0798141447298783,2015
"Portage",2015-08-31,2015,0.00882479147108623,0.00603201569875108,0.0569716758319049,2015
"Portage",2015-09-01,2015,0.008128355800295,0.00566186512910861,0.052713916719287,2015
"Portage",2015-09-02,2015,0.0117330227744988,0.00688397854596641,0.0742108016878357,2015
"Portage",2015-09-03,2015,0.00764853340416641,0.00507999606694635,0.0585626512886175,2015
"Portage",2015-09-04,2015,0.0130268208548614,0.00826394501706762,0.0885930449679185,2015
"Portage",2015-09-05,2015,0.457611257895071,0.144459765730623,1.58905742303686,2015
"Portage",2015-09-06,2015,0.116529182212516,0.0493437589043414,0.614459650356168,2015
"Portage",2015-09-07,2015,0.292053350078425,0.180462130707936,1.025353015386,2015
"Portage",2015-09-08,2015,0.0699765133899582,0.0457426443578308,0.254504287224952,2015
"Portage",2015-09-09,2015,0.03945190411059,0.0294375150271807,0.153244097366376,2015
"Portage",2015-09-10,2015,0.0383318202337371,0.0226592040790564,0.134733404646546,2015
"Portage",2015-09-11,2015,0.0236277739789062,0.0180385036394057,0.08361690603291,2015
"Portage",2015-09-12,2015,0.0224533981441067,0.021291079033599,0.0976565308734973,2015
"Portage",2015-09-13,2015,0.03416422558525,0.0255272022631362,0.158153493720483,2015
"Portage",2015-09-14,2015,0.0322810572421003,0.0268904096917457,0.163792752491544,2015
"Portage",2015-09-15,2015,0.021301662919412,0.0156415446452434,0.12168591512147,2015
"Portage",2015-09-16,2015,0.0146158912447487,0.0102301109890479,0.0891336403006157,2015
"Portage",2015-09-17,2015,0.0110364533575777,0.00794892394973376,0.0804933141015145,2015
"Portage",2015-09-18,2015,0.00861038011441521,0.00572645472352934,0.0683724895303323,2015
"Portage",2015-09-19,2015,0.012338276205732,0.00477816204180672,0.0845203774506255,2015
"Portage",2015-09-20,2015,0.0173506733903358,0.00972366985097626,0.105643621401752,2015
"Portage",2015-09-21,2015,0.0150349309180065,0.0118499071056952,0.12373037151093,2015
"Portage",2015-09-22,2015,0.0163737313089667,0.0120434883181656,0.104331792059614,2015
"Portage",2015-09-23,2015,0.0118257675603057,0.00902492787497011,0.0836102513474243,2015
"Portage",2015-09-24,2015,0.00939768812519524,0.0070698204244588,0.0699222483443426,2015
"Portage",2015-09-25,2015,0.00737358724427996,0.00532942444388552,0.063661070069427,2015
"Portage",2015-09-26,2015,0.00595946657855324,0.00406327266719539,0.0541769688959386,2015
"Portage",2015-09-27,2015,0.00518020780132034,0.00343266782015203,0.048119761624313,2015
"Portage",2015-09-28,2015,0.00460686913256264,0.00330098496900158,0.0495147745350236,2015
"Portage",2015-09-29,2015,0.00455356640666189,0.00346691987779939,0.0471397613235111,2015
"Portage",2015-09-30,2015,0.00589893829953926,0.0051745072802976,0.0442420372465445,2015
"Portage",2015-10-01,2015,0.0061347881821968,0.00534953529487561,0.045544667464629,2016
"Portage",2015-10-02,2015,0.00603349995458246,0.00519809226856335,0.0445550765876859,2016
"Portage",2015-10-03,2015,0.00607991149269464,0.00473397688744162,0.0411206227673851,2016
"Portage",2015-10-04,2015,0.00584785380213377,0.00473397688744162,0.0396818650859077,2016
"Portage",2015-10-05,2015,0.00578597175131754,0.00465662432392134,0.0411670343054973,2016
"Portage",2015-10-06,2015,0.0060660785545562,0.00510414376758774,0.0410785416679898,2016
"Portage",2015-10-07,2015,0.00739456907616452,0.00544118401483776,0.0457059457246372,2016
"Portage",2015-10-08,2015,0.00693901426287908,0.0053814875715095,0.0481746627795707,2016
"Portage",2015-10-09,2015,0.00649796764258285,0.00588939665490893,0.0457409806864593,2016
"Portage",2015-10-10,2015,0.00619129918416385,0.00510526919233901,0.0412134458436094,2016
"Portage",2015-10-11,2015,0.00594531803216933,0.00491962303989032,0.0366651151086165,2016
"Portage",2015-10-12,2015,0.00558719673080427,0.00446248311749265,0.0367490380866871,2016
"Portage",2015-10-13,2015,0.00491433843671044,0.00392413591588072,0.0372976282845859,2016
"Portage",2015-10-14,2015,0.00503187192595181,0.0039563573158247,0.0381423574234362,2016
"Portage",2015-10-15,2015,0.00529906244135668,0.00410780034213696,0.0428443575684885,2016
"Portage",2015-10-16,2015,0.00590554405351411,0.00450571138897743,0.0518812981293906,2016
"Portage",2015-10-17,2015,0.00634299176118182,0.00507439340894546,0.0512688713386558,2016
"Portage",2015-10-18,2015,0.00656171561501568,0.00533686203354609,0.0472006076573461,2016
"Portage",2015-10-19,2015,0.00717367674087151,0.00600255892917435,0.0460711868326835,2016
"Portage",2015-10-20,2015,0.00734474701174088,0.00621175744888151,0.0366143731317875,2016
"Portage",2015-10-21,2015,0.00828088510614979,0.00651797084424891,0.0435697916837041,2016
"Portage",2015-10-22,2015,0.0082194833996658,0.00700814225493809,0.0406565073862634,2016
"Portage",2015-10-23,2015,0.00879034531844553,0.00742584609794765,0.0469220650314067,2016
"Portage",2015-10-24,2015,0.0102741493488803,0.00839055530158554,0.0517702969968577,2016
"Portage",2015-10-25,2015,0.0112082323198303,0.00896180622587712,0.0526356752333183,2016
"Portage",2015-10-26,2015,0.0121703677259936,0.010318807507851,0.0541321313214278,2016
"Portage",2015-10-27,2015,0.0128661004140778,0.0106729411629174,0.0595472022199354,2016
"Portage",2015-10-28,2015,0.0404264711787476,0.0249546118387331,0.282818934172308,2016
"Portage",2015-10-29,2015,0.123151609599711,0.113429114104997,0.579060393435176,2016
"Portage",2015-10-30,2015,0.0808125922102988,0.0624346506796078,0.527673499292169,2016
"Portage",2015-10-31,2015,0.0455764729467302,0.0378994124716946,0.343038271859184,2016
"Portage",2015-11-01,2015,0.024428163829132,0.0198066193209179,0.145248541686731,2016
"Portage",2015-11-02,2015,0.0194790424278807,0.0168736767889631,0.132716276505938,2016
"Portage",2015-11-09,2015,0.0115876081103325,0.00801821096920328,0.0847516277712562,2016
"Portage",2015-11-10,2015,0.00832614675375523,0.00648675254027889,0.0673555948702931,2016
"Portage",2015-11-11,2015,0.00907077670070665,0.00694044550957363,0.0677657387948648,2016
"Portage",2015-11-12,2015,0.0104907202162334,0.00806978478171801,0.0718847933845144,2016
"Portage",2015-11-13,2015,0.0106564023122248,0.00825572452323226,0.0708254261729925,2016
"Portage",2015-11-14,2015,0.00839899598722007,0.00676429207024435,0.0635091866595164,2016
"Portage",2015-11-15,2015,0.0111071202456553,0.00952755235518966,0.0567474390278402,2016
"Portage",2015-11-16,2015,0.013874686503562,0.0122191116661265,0.0530855352342573,2016
"Portage",2015-11-17,2015,0.0154042268172581,0.0141631279741615,0.0457746455659756,2016
"Portage",2015-11-18,2015,0.012498595408126,0.010658848887771,0.0503010060525633,2016
"Portage",2015-11-19,2015,0.00937280155873889,0.0077917559366433,0.0506085895302366,2016
"Portage",2015-11-20,2015,0.0082470440731942,0.00671741568277839,0.0541439890575752,2016
"Portage",2015-11-21,2015,0.00907624724362804,0.00718745177672202,0.0580846393583931,2016
"Portage",2015-11-22,2015,0.00833010041983795,0.00649810465081344,0.0508104809443123,2016
"Portage",2015-11-23,2015,0.00784812503722867,0.00647318220124907,0.0468940680519059,2016
"Portage",2015-11-24,2015,0.00876989684003006,0.00738161201207163,0.043206132694511,2016
"Portage",2015-11-25,2015,0.00827553199885462,0.00683984232311224,0.0461181447726677,2016
"Portage",2015-11-26,2015,0.00828230411996661,0.00623035142303293,0.0529579870957799,2016
"Portage",2015-11-27,2015,0.00864247918558188,0.00566186512910861,0.0590265709436955,2016
"Portage",2015-11-28,2015,0.0186270909980179,0.010708954754958,0.158524981751424,2016
"Portage",2015-11-29,2015,0.0406527885914331,0.0278576877997071,0.280520437611004,2016
"Portage",2015-11-30,2015,0.0296184759874583,0.0224760778994203,0.235749083745031,2016
"Portage",2015-12-01,2015,0.0156170299582701,0.00897208184317133,0.163179738522679,2016
"Portage",2015-12-02,2015,0.0117774843919006,0.00915789925590826,0.121182434339809,2016
"Portage",2015-12-03,2015,0.00812287547107143,0.00524056482004608,0.0983479331228648,2016
"Portage",2015-12-04,2015,0.00700836244673726,0.00517010344431437,0.0896151263681157,2016
"Portage",2015-12-05,2015,0.00620849371710283,0.0034019143655358,0.0923376756359716,2016
"Portage",2015-12-06,2015,0.00511637664531894,0.00358472249035085,0.0691960068591967,2016
"Portage",2015-12-07,2015,0.00501384881942784,0.00383818771694131,0.0618950992191437,2016
"Portage",2015-12-08,2015,0.00437633647409226,0.00356661783130867,0.0538848477757175,2016
"Portage",2015-12-09,2015,0.00419010314351247,0.00338214603512218,0.0602209891253699,2016
"Portage",2015-12-10,2015,0.00456589714741494,0.00347609453609779,0.064354723168297,2016
"Portage",2015-12-11,2015,0.00475810012232755,0.00356857509174566,0.0661558920854388,2016
"Portage",2015-12-12,2015,0.00684434402211733,0.00430059049518067,0.0834497559915909,2016
"Portage",2015-12-13,2015,0.00613005161193928,0.00413843146797589,0.0744917664235659,2016
"Portage",2015-12-14,2015,0.00627224984478748,0.00470137219066207,0.0621594598621667,2016
"Portage",2015-12-15,2015,0.0072422550689578,0.00517303933496986,0.0553515208841775,2016
"Portage",2015-12-16,2015,0.0087841848412201,0.00622213092919757,0.0599337611562413,2016
"Portage",2015-12-17,2015,0.00850967906493197,0.00658813863091507,0.0570056995425012,2016
"Portage",2015-12-18,2015,0.0095162002446551,0.00732015403435008,0.0561821822136369,2016
"Portage",2015-12-19,2015,0.00994542745848745,0.00785605194199849,0.0538223133047556,2016
"Portage",2015-12-20,2015,0.00955143093252096,0.00775075133048832,0.052846031798784,2016
"Portage",2015-12-21,2015,0.00874073365951887,0.00687928112091763,0.0479121696892146,2016
"Portage",2015-12-22,2015,0.0118183299706451,0.0094191201269803,0.0534046339275015,2016
"Portage",2015-12-23,2015,0.013876487183164,0.01144556972042,0.0601652072029156,2016
"Portage",2015-12-24,2015,0.0259048311986984,0.0129524155993492,0.163940574586048,2016
"Portage",2015-12-25,2015,0.0616889344531139,0.0407227606520556,0.300783954915183,2016
"Portage",2015-12-26,2015,0.0746112571732443,0.0417635338894261,0.366017488019689,2016
"Portage",2015-12-27,2015,0.415391829118358,0.15296968945311,2.22333531394778,2016
"Portage",2015-12-28,2015,1.96181351408355,0.501193233524995,7.81861444298992,2016
"Portage",2015-12-29,2015,7.71030943670897,1.47033807862822,29.4067615725645,2016
"Portage",2015-12-30,2015,6.15464458933008,1.63558468417236,20.0025949153228,2016
"Portage",2015-12-31,2015,1.50668929809426,0.476969689041673,5.13522506332717,2016
"Portage",2016-01-07,2016,0.0556351279214976,0.024221097907776,0.331021671406272,2016
"Portage",2016-01-08,2016,0.0243952940866683,0.0169577044260987,0.160354433081881,2016
"Portage",2016-01-09,2016,0.0283349168257567,0.0206848176132407,0.174343462740172,2016
"Portage",2016-01-10,2016,0.481207157887761,0.174171713136826,2.28349905320537,2016
"Portage",2016-01-11,2016,2.31117716235999,0.419832363734784,10.7756973358595,2016
"Portage",2016-01-12,2016,0.621317695201344,0.149099206938958,2.67739575888958,2016
"Portage",2016-01-13,2016,0.107934301154186,0.0368904447164252,0.524201319276945,2016
"Portage",2016-01-14,2016,0.12521558966203,0.055282821042839,0.604425510068374,2016
"Portage",2016-01-15,2016,0.0693911457247648,0.0369706923943419,0.427295887096144,2016
"Portage",2016-01-16,2016,0.988417315818012,0.252009514140451,4.60097370102138,2016
"Portage",2016-01-17,2016,1.10141613029356,0.229252012092781,3.71500089840107,2016
"Portage",2016-01-18,2016,0.433198103806915,0.103728442064156,1.67371994652672,2016
"Portage",2016-01-21,2016,0.0770459912938405,0.0332288997539224,0.501812706453303,2016
"Portage",2016-01-22,2016,0.0344037453312269,0.0226455032559974,0.304843313061504,2016
"Portage",2016-01-23,2016,0.0434246608223012,0.0316758135971693,0.349009873452447,2016
"Portage",2016-01-24,2016,0.0317849797980425,0.0236559389565946,0.24731208909167,2016
"Portage",2016-01-25,2016,0.0200891362729113,0.0150395076453283,0.164796544380325,2016
"Portage",2016-01-26,2016,0.0220852374559085,0.0167443630384666,0.160226232523258,2016
"Portage",2016-01-27,2016,0.0237284554557851,0.0182768979606313,0.161025773411769,2016
"Portage",2016-01-28,2016,0.0213962817820873,0.0161204862741754,0.161497962492193,2016
"Portage",2016-01-29,2016,0.0158665928968643,0.0127784640780115,0.134173872819121,2016
"Portage",2016-01-30,2016,0.0129217404351504,0.00909744437416067,0.0950177523523447,2016
"Portage",2016-01-31,2016,0.104698019953131,0.098841652068096,0.129729668339376,2016
"Portage",2016-02-01,2016,0.0536319371062509,0.052688798543679,0.14790951880334,2016
"Portage",2016-02-02,2016,0.0332563014000403,0.0239715472020595,0.173878124071277,2016
"Portage",2016-02-03,2016,0.194484846993082,0.0553562183092263,1.00240885321624,2016
"Portage",2016-02-04,2016,1.30011350737266,0.18430869115008,5.49239899627238,2016
"Portage",2016-02-05,2016,0.540702657849965,0.096488780365277,2.40564072865247,2016
"Portage",2016-02-06,2016,0.136915162855661,0.043787830496385,0.720153426556618,2016
"Portage",2016-02-07,2016,0.0686361325111951,NA,0.429711635790501,2016
"Portage",2016-02-08,2016,0.0471400304468212,0.025785112101969,0.32516929959463,2016
"Portage",2016-02-09,2016,0.0340199265595328,0.0225838495522322,0.270525687189505,2016
"Portage",2016-02-10,2016,0.0254819650812863,0.0177406086008955,0.224983172711356,2016
"Portage",2016-02-11,2016,0.0148906906101024,0.010705725275237,0.106327316938149,2016
"Portage",2016-02-12,2016,0.0180002391978625,0.0140188778799552,0.152805768891512,2016
"Portage",2016-02-13,2016,0.0165331257058042,0.0128144287385412,0.140456189506756,2016
"Portage",2016-02-14,2016,0.0152109962806161,0.0121149527898712,0.11868166714522,2016
"Portage",2016-02-15,2016,0.0128848803279708,0.00930721376149528,0.0889796039042244,2016
"Portage",2016-02-16,2016,0.011703480374778,0.00712540662086938,0.0748167695191285,2016
"Portage",2016-02-17,2016,0.0132899843069172,0.00809131464652493,0.07706977200815,2016
"Portage",2016-02-18,2016,0.0156092498480331,0.0062622547681559,0.0992683348433603,2016
"Portage",2016-02-19,2016,0.0122326232873432,0.00735088302321085,0.0814251657955664,2016
"Portage",2016-02-20,2016,0.0103477814865199,0.00584300958255222,0.0893415013590242,2016
"Portage",2016-02-21,2016,0.010101328145445,0.00449382103182271,0.0894856535902087,2016
"Portage",2016-02-22,2016,0.00879319639448208,0.0028869591445632,0.092322547643844,2016
"Portage",2016-02-23,2016,0.00700949765779071,0.00389416536543928,0.0791813624305988,2016
"Portage",2016-02-24,2016,0.0200866886099981,0.00647305171721994,0.133102125935335,2016
"Portage",2016-02-25,2016,3.23965105304835,0.388084987802887,12.8960984884942,2016
"Portage",2016-02-26,2016,1.78125770671637,0.351741176023924,7.67266995929698,2016
"Portage",2016-02-27,2016,0.647036354233851,0.149040489125848,3.58557022877762,2016
"Portage",2016-02-28,2016,0.247376678686091,0.0700992825508685,1.62335180644116,2016
"Portage",2016-02-29,2016,0.18704569424258,0.0586072822634154,1.28770151312731,2016
"Portage",2016-03-01,2016,0.0948157630752472,0.0346119489102119,0.736290549544508,2016
"Portage",2016-03-02,2016,0.472800504119081,0.0742498979650646,2.40798130631317,2016
"Portage",2016-03-03,2016,0.473630602736165,0.0656714701272833,2.60596333732356,2016
"Portage",2016-03-04,2016,0.141687257390113,0.0384562530660188,0.983037969000106,2016
"Portage",2016-03-05,2016,0.0882017886065638,0.0340876477706527,0.650861024620899,2016
"Portage",2016-03-06,2016,0.106904097123175,0.0318720289559777,0.796800723899443,2016
"Portage",2016-03-07,2016,0.124757275383371,0.0339204107399808,0.960745751252986,2016
"Portage",2016-03-08,2016,0.105819872704104,0.0248833859081432,0.724237495115956,2016
"Portage",2016-03-09,2016,0.0738206218197214,0.0181526119228823,0.723079041594812,2016
"Portage",2016-03-10,2016,0.287221815991077,0.0456644762691284,1.38696171990302,2016
"Portage",2016-03-11,2016,3.93990401372372,0.342741311956216,14.8119826437295,2016
"Portage",2016-03-12,2016,1.99952244705689,0.265956353962656,8.24464697284234,2016
"Portage",2016-03-13,2016,0.680262990905393,0.118306607113981,3.97805966420763,2016
"Portage",2016-03-14,2016,3.05109890403913,0.336398021169134,13.0276363290732,2016
"Portage",2016-03-15,2016,2.77707405824197,0.331703450458491,10.6145104146717,2016
"Portage",2016-03-16,2016,2.44744829410569,0.319185682597018,9.07837739540363,2016
"Portage",2016-03-17,2016,0.734847926273667,0.126110265640657,3.50950099607198,2016
"Portage",2016-03-18,2016,0.221896670865242,0.0532648855323003,1.2844100806766,2016
"Portage",2016-03-19,2016,0.101864885470585,0.0341541946255104,0.690768586300948,2016
"Portage",2016-03-20,2016,0.0573329534875663,0.0244956036840641,0.472698946768156,2016
"Portage",2016-03-21,2016,0.0401360174677217,0.0160843313244365,0.321499599380306,2016
"Portage",2016-03-22,2016,0.0265458095260578,0.0113971275246044,0.287777469996262,2016
"Portage",2016-03-23,2016,0.0194228739464901,0.00696784715569152,0.260858777891201,2016
"Portage",2016-03-24,2016,0.228826620565722,0.0274708842058466,0.91676769950788,2016
"Portage",2016-03-25,2016,2.37022830779584,0.218494963099419,9.93962635602559,2016
"Portage",2016-03-26,2016,0.997522218169963,0.150380233894969,3.90720071994965,2016
"Portage",2016-03-27,2016,0.30065262273986,0.0613679437414472,1.74898639663124,2016
"Portage",2016-03-28,2016,4.01990780373766,0.382628176286748,11.9574195030517,2016
"Portage",2016-03-29,2016,2.36582425433922,0.390697998446703,8.30739130561775,2016
"Portage",2016-03-30,2016,0.96219865014112,0.216442666794542,3.38399784815313,2016
"Portage",2016-03-31,2016,1.08920989169244,0.205871992489457,3.27336468058237,2016
"Portage",2016-04-01,2016,2.9675240617757,0.399244430513175,10.1219071078896,2016
"Portage",2016-04-02,2016,1.69993793939533,0.258336358503028,6.2847730494835,2016
"Portage",2016-04-03,2016,0.461402128840948,0.113227516279987,2.22100128087667,2016
"Portage",2016-04-04,2016,0.337284469857883,0.0966496562995286,1.90635739393952,2016
"Portage",2016-04-05,2016,0.118750513781091,0.0438152321425029,0.684191701917545,2016
"Portage",2016-04-06,2016,0.0700151203520778,0.0292806161374003,0.556331706610606,2016
"Portage",2016-04-07,2016,1.47712810867321,0.194064329588194,5.62537755383213,2016
"Portage",2016-04-08,2016,3.69511692651664,0.454298360821576,11.6446320776391,2016
"Portage",2016-04-09,2016,1.56684961214608,0.26233650952113,4.76116323491144,2016
"Portage",2016-04-10,2016,1.59475782173082,0.257905149563003,5.80951290510476,2016
"Portage",2016-04-11,2016,1.44697228824032,0.312453233387112,6.38004942933684,2016
"Portage",2016-04-12,2016,1.26127917683223,0.265459563205906,6.00400281650922,2016
"Portage",2016-04-13,2016,0.479372226228081,0.12467748983639,2.46556097247882,2016
"Portage",2016-04-14,2016,0.21611825087711,0.0698228195141434,1.46295431362967,2016
"Portage",2016-04-15,2016,0.110944371980236,0.0405603080357852,0.824328613315517,2016
"Portage",2016-04-16,2016,0.067076489531978,0.0285627908721335,0.543614406921251,2016
"Portage",2016-04-17,2016,0.0538190593592791,0.0216470557755769,0.55237314737679,2016
"Portage",2016-04-18,2016,0.0312703670976464,0.013131912691925,0.364205391065107,2016
"Portage",2016-04-19,2016,0.0166056911365057,0.012225048689452,0.277101103627579,2016
"Portage",2016-04-20,2016,0.0120128816580821,0.00797730422607015,0.246357924628637,2016
"Portage",2016-04-21,2016,0.0140306703740881,0.00610029146699482,0.289529218087369,2016
"Portage",2016-04-22,2016,0.013655267822273,0.00328477232838182,0.33739304344379,2016
"Portage",2016-04-23,2016,0.014049288813995,0.00437521104934099,0.328140828700574,2016
"Portage",2016-04-24,2016,0.0242481081018065,0.00557427772455322,0.451516495688811,2016
"Portage",2016-04-25,2016,0.0250679392568479,0.0047477157683424,0.396339312341224,2016
"Portage",2016-04-26,2016,0.047124568089369,0.0113051362840658,0.493260946288976,2016
"Portage",2016-04-27,2016,0.618157068232617,0.0776858074978155,3.20529623922805,2016
"Portage",2016-04-28,2016,0.282098723495884,0.0488917540721736,1.49287287434075,2016
"Portage",2016-04-29,2016,0.126746216255269,0.0290535739267093,1.00719056279259,2016
"Portage",2016-04-30,2016,0.109621655376917,0.0256068382971663,1.02915102489564,2016
"Portage",2016-05-01,2016,1.37867443455524,0.171551430726803,7.48154850669667,2016
"Portage",2016-05-02,2016,2.96190949099071,0.417890639052511,11.6439528063268,2016
"Portage",2016-05-03,2016,5.07186022462488,0.929354555944362,17.7416133279198,2016
"Portage",2016-05-04,2016,1.53667735514294,0.358256950387016,7.10696052861764,2016
"Portage",2016-05-05,2016,0.503655711812286,0.155449293769224,2.64981257686616,2016
"Portage",2016-05-06,2016,0.217374127036506,0.0805674453405656,1.43441647782811,2016
"Portage",2016-05-07,2016,0.130706537023479,0.0520973796816346,0.936595114720942,2016
"Portage",2016-05-08,2016,0.082601870770286,0.0389460574903761,0.746315148187672,2016
"Portage",2016-05-09,2016,0.0505281869025353,0.0258505172215718,0.456453114273495,2016
"Portage",2016-05-10,2016,0.0325220351471028,0.0170868836149402,0.375341876741519,2016
"Portage",2016-05-11,2016,0.0267946996563768,0.0136151929148256,0.326220022239221,2016
"Portage",2016-05-12,2016,0.663096153201602,0.0839987675441672,3.86723737634715,2016
"Portage",2016-05-13,2016,0.895757908701667,0.151081748656595,5.64451319980949,2016
"Portage",2016-05-14,2016,0.406090927521773,0.0848061374744264,1.91955430398846,2016
"Portage",2016-05-15,2016,0.122576517551812,0.0400294011422511,1.18573577437587,2016
"Portage",2016-05-16,2016,0.059788826020882,0.0244614059947622,0.654535726723007,2016
"Portage",2016-05-17,2016,0.0308071324837213,0.0157696473408445,0.33679461106518,2016
"Portage",2016-05-18,2016,0.0283642268008007,0.0130999441047875,0.340598546724474,2016
"Portage",2016-05-19,2016,0.0221292758157408,0.00934347201109056,0.306859291311606,2016
"Portage",2016-05-20,2016,0.0156893996629279,0.00653724985955328,0.206740526808372,2016
"Portage",2016-05-21,2016,0.0145326587446656,0.00733972663872,0.198906591909312,2016
"Portage",2016-05-22,2016,0.0146094812168175,0.00642960053551872,0.198246016511827,2016
"Portage",2016-05-23,2016,0.015665912537684,0.00607729365686016,0.21709443452006,2016
"Portage",2016-05-24,2016,0.0131794088785293,0.00595007172845568,0.167494519156027,2016
"Portage",2016-05-25,2016,0.0118889870724205,0.00544118401483776,0.149632560408038,2016
"Portage",2016-05-26,2016,0.0124124074447831,0.0062815827149712,0.162567360663455,2016
"Portage",2016-05-27,2016,0.0132478885280686,0.00612891640088582,0.148979814052302,2016
"Portage",2016-05-28,2016,0.0129187996513438,0.00649419012993946,0.15539669239498,2016
"Portage",2016-05-29,2016,0.013547912087304,0.00737006417549338,0.146750983729677,2016
"Portage",2016-05-30,2016,0.0128060223049644,0.00744776741484196,0.157989214327805,2016
"Portage",2016-05-31,2016,0.0135968435982288,0.00899483499575136,0.128856240869368,2016
"Portage",2016-06-01,2016,0.0113090508049398,0.0069739146630462,0.107059014286763,2016
"Portage",2016-06-02,2016,0.0118422085479764,0.00777144935960951,0.106209807914663,2016
"Portage",2016-06-03,2016,0.0114560410637579,0.00758120364513389,0.0852464232097277,2016
"Portage",2016-06-04,2016,0.0106630325319551,0.00652513931059939,0.0915111000876744,2016
"Portage",2016-06-05,2016,0.0131428081083576,0.00811284451133184,0.105791492427767,2016
"Portage",2016-06-06,2016,0.057485772033019,0.037024734529741,0.402205537207292,2016
"Portage",2016-06-07,2016,0.0778025703157597,0.0443113976632804,0.767720726956835,2016
"Portage",2016-06-08,2016,0.0383965566226906,0.0233843690709619,0.46364563861685,2016
"Portage",2016-06-09,2016,0.0253110473136259,0.0169437589454851,0.182825250843876,2016
"Portage",2016-06-10,2016,0.0432970963733202,0.0247652652407707,0.386978328286056,2016
"Portage",2016-06-11,2016,0.0168028361940217,0.0122071886879645,0.114029503744045,2016
"Portage",2016-06-12,2016,0.0171485373187054,0.0114323582124703,0.103780407328758,2016
"Portage",2016-06-13,2016,0.014689239579625,0.00908413500318912,0.118518969871395,2016
"Portage",2016-06-14,2016,0.0152079135954278,0.00966788792852198,0.145995970516107,2016
"Portage",2016-06-15,2016,0.0132780548045537,0.0077801102370432,0.152386425842886,2016
"Portage",2016-06-16,2016,0.0148653930189542,0.0073265151307703,0.138991424727222,2016
"Portage",2016-06-17,2016,0.0214091018379496,0.0142257847739007,0.160286565076228,2016
"Portage",2016-06-18,2016,0.01901202051501,0.012426157199353,0.142900807792559,2016
"Portage",2016-06-19,2016,0.0159022517354508,0.00769790529868954,0.162061164182938,2016
"Portage",2016-06-20,2016,0.0145925509140376,0.00981370383107789,0.0884086710347538,2016
"Portage",2016-06-21,2016,0.012292505670413,0.00893616611415253,0.0638197060278452,2016
"Portage",2016-06-22,2016,0.0101107670339024,0.00742704491996531,0.0552347458333554,2016
"Portage",2016-06-23,2016,0.0158123939087885,0.00986185243782789,0.0809006199984525,2016
"Portage",2016-06-24,2016,0.66575981339606,0.162072724252394,8.57432645969998,2016
"Portage",2016-06-25,2016,0.291630190371947,0.0822052441756073,3.79448068460234,2016
"Portage",2016-06-26,2016,0.0779383063270652,0.0302719685487368,1.00954612572851,2016
"Portage",2016-06-27,2016,0.0585522288767905,0.0246468020528218,0.438605916531302,2016
"Portage",2016-06-28,2016,0.0280109657576791,0.0169830264830023,0.273934011582972,2016
"Portage",2016-06-29,2016,0.0216626893933174,0.01372521541714,0.16900205007611,2016
"Portage",2016-06-30,2016,0.0189554312226255,0.00954399334286039,0.148992340519098,2016
"Portage",2016-07-01,2016,0.0129414060093911,0.00681126632073216,0.102623079232365,2016
"Portage",2016-07-02,2016,0.0104106682643604,0.00607288982087693,0.0935996193027222,2016
"Portage",2016-07-03,2016,0.0101961525204661,0.00476377617759483,0.0838257457215371,2016
"Portage",2016-07-04,2016,0.00769692666847104,0.00423330966765907,0.074544734784142,2016
"Portage",2016-07-08,2016,0.00675419260638947,0.00424324276437681,0.0507876788602214,2016
"Portage",2016-07-09,2016,0.00934264262198038,0.00547656149723639,0.0776929147997773,2016
"Portage",2016-07-10,2016,0.0108641263624028,0.0065438066820172,0.0850694868662237,2016
"Portage",2016-07-11,2016,0.00870741728109709,0.00549148017123391,0.0650556181307838,2016
"Portage",2016-07-12,2016,0.005118284974245,0.00335396148482949,0.0416799588687665,2016
"Portage",2016-07-13,2016,0.00488396420130387,0.00312121875311568,0.0381977723595586,2016
"Portage",2016-07-14,2016,0.0221417166523934,0.0101937793421863,0.0875009181098324,2016
"Portage",2016-07-15,2016,0.0116114866876638,0.00761765762077287,0.0665456805014658,2016
"Portage",2016-07-16,2016,0.00845796090446,0.00562768646872764,0.053565716461466,2016
"Portage",2016-07-17,2016,0.00664169172304672,0.00425420342282396,0.0505370027297536,2016
"Portage",2016-07-18,2016,0.00612580843441692,0.00375298980116942,0.0447180348295691,2016
"Portage",2016-07-19,2016,0.00566333307443635,0.00374409242143292,0.0290403134872486,2016
"Portage",2016-07-20,2016,0.00719704235286328,0.00503094222724424,0.0345178536147035,2016
"Portage",2016-07-21,2016,0.014119872518504,0.00961641197902909,0.0641997081416872,2016
"Portage",2016-07-22,2016,0.00929576378793888,0.00568682019968026,0.0628612355918502,2016
"Portage",2016-07-23,2016,0.00719444653620872,0.00461480419258428,0.0892416810767377,2016
"Portage",2016-07-24,2016,0.00707916634304544,0.00468798126717231,0.0343260910233892,2016
"Portage",2016-07-25,2016,0.00812986289083148,0.0053570218160471,0.0365209139459211,2016
"Portage",2016-07-26,2016,0.0174753998116831,0.0122951920103627,0.071586727085716,2016
"Portage",2016-07-27,2016,0.00948901879033638,0.00842099070138077,0.0619456291594254,2016
"Portage",2016-07-28,2016,0.00653969643509952,0.00448860982590922,0.0497908705854168,2016
"Portage",2016-07-29,2016,0.00471496699544734,0.00289275752860779,0.0310003385546079,2016
"Portage",2016-07-30,2016,0.00547054292139264,0.00279839310978931,0.0248909702923365,2016
"Portage",2016-07-31,2016,0.00627575986517115,0.00353011492415877,0.0249314366518713,2016
"Portage",2016-08-01,2016,0.00560860888814324,0.00416830415539548,0.0221854002587716,2016
"Portage",2016-08-02,2016,0.0052707408828334,0.00378108464369207,0.0218665136020746,2016
"Portage",2016-08-03,2016,0.00496324303530423,0.00348497560533064,0.0237798335422562,2016
"Portage",2016-08-04,2016,0.00441641138153967,0.00294567695767296,0.0225765098255935,2016
"Portage",2016-08-05,2016,0.00731064664177739,0.00494680449420904,0.0344948313388134,2016
"Portage",2016-08-06,2016,0.00599065063046562,0.00383275631922866,0.0295069733069385,2016
"Portage",2016-08-07,2016,0.0048971879421313,0.00305220085695625,0.0263764820325025,2016
"Portage",2016-08-08,2016,0.00419197885143126,0.00270721739443277,0.0210195091479663,2016
"Portage",2016-08-09,2016,0.0031436538508747,0.00204827304731213,0.0162615068886606,2016
"Portage",2016-08-10,2016,0.00280524352131878,0.00170986271775621,0.0157984190692683,2016
"Portage",2016-08-11,2016,0.00505934696933608,0.00261587857403981,0.0295772634223819,2016
"Portage",2016-08-12,2016,0.00350114746969129,0.00212509551946406,0.0179265483424097,2016
"Portage",2016-08-13,2016,0.00933469369803065,0.00446612579663927,0.0423545776098867,2016
"Portage",2016-08-14,2016,0.0156667248007653,0.0100611994133355,0.0908533871835787,2016
"Portage",2016-08-15,2016,0.0173875514390694,0.0115349186593687,0.0806714248012808,2016
"Portage",2016-08-16,2016,0.0268638888128244,0.0152901185337815,0.153219729473935,2016
"Portage",2016-08-17,2016,0.0328527730157457,0.0303742354065696,0.164020871195476,2016
"Portage",2016-08-18,2016,0.0224067174826844,0.0143154028361595,0.101763841900525,2016
"Portage",2016-08-19,2016,0.0217866573762453,0.0135285841404887,0.090284509437567,2016
"Portage",2016-08-20,2016,0.0185000256504484,0.0113521105345536,0.0588743939447194,2016
"Portage",2016-08-21,2016,0.0224150847710526,0.012661028451792,0.089842657893916,2016
"Portage",2016-08-22,2016,0.0301070410853806,0.0161287720100253,0.186364646444607,2016
"Portage",2016-08-23,2016,0.0172629489775498,0.010844984355329,0.0856268167756571,2016
"Portage",2016-08-24,2016,0.013483253988768,0.0117529574720496,0.0737280434010517,2016
"Portage",2016-08-25,2016,0.013157671054801,0.00598708841647029,0.10145562231321,2016
"Portage",2016-08-26,2016,0.0140317175084219,0.00934474423037461,0.0680414189274151,2016
"Portage",2016-08-27,2016,0.0131068923793388,0.00878565278654784,0.061044017139125,2016
"Portage",2016-08-28,2016,0.017674551061147,0.00965634009194373,0.10639217565588,2016
"Portage",2016-08-29,2016,0.0178312950011428,0.0129055229013796,0.0679756549767322,2016
"Portage",2016-08-30,2016,0.00882332026365775,0.00643048130271537,0.0344708793642157,2016
"Portage",2016-08-31,2016,0.0079280791260798,0.00568486293924326,0.0354151596620425,2016
"Portage",2016-09-01,2016,0.00708174992682227,0.00496106802964362,0.036614079542722,2016
"Portage",2016-09-02,2016,0.00528429001820848,0.00366653597661711,0.0303678743101494,2016
"Portage",2016-09-03,2016,0.00498783356611949,0.00312395891772747,0.0225240063143712,2016
"Portage",2016-09-04,2016,0.0046176838120022,0.00322896594017209,0.0218677124240923,2016
"Portage",2016-09-05,2016,0.00400999970796379,0.00267637015442059,0.0204656900744417,2016
"Portage",2016-09-06,2016,0.00393458279346317,0.00267214981160333,0.0247857675438482,2016
"Portage",2016-09-07,2016,0.00359353016231731,0.00237572271842089,0.0232381617163186,2016
"Portage",2016-09-08,2016,0.00345378176711608,0.0022759024361343,0.0178478664728427,2016
"Portage",2016-09-09,2016,0.00361897454799821,0.0023355010164407,0.0193783462715485,2016
"Portage",2016-09-10,2016,0.00542777678084437,0.00319065256711797,0.0309896714852263,2016
"Portage",2016-09-11,2016,0.0139441105312621,0.0091257267874752,0.0701585875421093,2016
"Portage",2016-09-12,2016,0.0209696533751685,0.0171838767432622,0.0866292168347935,2016
"Portage",2016-09-13,2016,0.0255265661534942,0.0201591219256201,0.118333421581968,2016
"Portage",2016-09-14,2016,0.0107481488952088,0.00790160717866948,0.0465753118792381,2016
"Portage",2016-09-15,2016,0.00846206870480214,0.00620277851662681,0.0311371265933982,2016
"Portage",2016-09-16,2016,0.00653323747565745,0.00471650833804147,0.0264823208906329,2016
"Portage",2016-09-17,2016,0.0114304009520333,0.00532374838861824,0.0619277202264269,2016
"Portage",2016-09-18,2016,0.0594681778297918,0.0324371879071592,0.323233732127481,2016
"Portage",2016-09-19,2016,0.0726966704506133,0.0450459140106071,0.364522032309136,2016
"Portage",2016-09-20,2016,0.035797461556898,0.0250993695973652,0.154093670724808,2016
"Portage",2016-09-21,2016,0.0272466408775804,0.018187304364128,0.129541649008647,2016
"Portage",2016-09-22,2016,0.0205593523260784,0.0133881017726236,0.131892685779807,2016
"Portage",2016-09-23,2016,0.0164793499752978,0.0110428633855089,0.110534815233795,2016
"Portage",2016-09-24,2016,0.0125081076938498,0.00866831502335017,0.0820781078773469,2016
"Portage",2016-09-25,2016,0.00835165475040033,0.00558846786272141,0.0556259532631992,2016
"Portage",2016-09-26,2016,0.00799535451676685,0.00491924789830656,0.0479311333681152,2016
"Portage",2016-09-27,2016,0.00708665286421693,0.00450571138897743,0.0412513188330652,2016
"Portage",2016-09-28,2016,0.00848384322716367,0.00513810223616955,0.0494691703668417,2016
"Portage",2016-09-29,2016,0.00827921164847616,0.00527799742590355,0.0470362711779052,2016
"Portage",2016-09-30,2016,0.0295902547385325,0.0228369233267353,0.0829060290421945,2016
"Portage",2016-10-01,2016,0.0579934799535402,0.043580899136684,0.192339322567806,2017
"Portage",2016-10-02,2016,0.045942284922404,0.031618074414278,0.150753581323326,2017
"Portage",2016-10-03,2016,0.0221716847562593,0.0152412359543676,0.108414074618804,2017
"Portage",2016-10-04,2016,0.0178066832666728,0.0129232034873271,0.0765451283480142,2017
"Portage",2016-10-05,2016,0.0166194898225865,0.0118061949559357,0.0771943516349645,2017
"Portage",2016-10-06,2016,0.0137344390069493,0.00979070602094323,0.0695414633263258,2017
"Portage",2016-10-07,2016,0.0119364506380176,0.00868769190167639,0.0583316456255415,2017
"Portage",2016-10-08,2016,0.00917253222425032,0.00622156821682193,0.0494871526971066,2017
"Portage",2016-10-09,2016,0.00710415077252364,0.00494315909664515,0.0363956492779536,2017
"Portage",2016-10-10,2016,0.0100948941954418,0.0076300726324614,0.0455991989151375,2017
"Portage",2016-10-11,2016,0.00616674045883069,0.00493968495936948,0.0280649616799846,2017
"Portage",2016-10-12,2016,0.00613527749730605,0.00478237015174625,0.0261771839885058,2017
"Portage",2016-10-13,2016,0.00650720591184545,0.00494680449420904,0.0306768278701286,2017
"Portage",2016-10-14,2016,0.00653323747565745,0.00503094222724424,0.0332251809590921,2017
"Portage",2016-10-15,2016,0.0080490378210859,0.00590554405351411,0.0403764234177298,2017
"Portage",2016-10-16,2016,0.00942303464785429,0.00677280615314527,0.0439250833845291,2017
"Portage",2016-10-17,2016,0.010465210588538,0.00721863745968476,0.0490976170938861,2017
"Portage",2016-10-18,2016,0.00966842617514216,0.00623294479311195,0.0493236969848623,2017
"Portage",2016-10-19,2016,0.010229425947895,0.00691030369884396,0.0552824295907516,2017
"Portage",2016-10-20,2016,0.0101599921338927,0.00633572543180949,0.0497154671270817,2017
"Portage",2016-10-21,2016,0.0169238560534165,0.0107745046302807,0.0984421813293448,2017
"Portage",2016-10-22,2016,0.0355285339728553,0.0212474565916095,0.162055396381087,2017
"Portage",2016-10-23,2016,0.0319606928537735,0.0194191551516598,0.199653188903003,2017
"Portage",2016-10-24,2016,NA,NA,NA,2017
"Portage",2016-10-25,2016,NA,NA,NA,2017
"Portage",2016-10-26,2016,NA,NA,NA,2017
"Portage",2016-10-27,2016,NA,NA,NA,2017
"Portage",2016-10-28,2016,NA,NA,NA,2017
"Portage",2016-10-29,2016,NA,NA,NA,2017
"Portage",2016-10-30,2016,NA,NA,NA,2017
"Portage",2016-10-31,2016,NA,NA,NA,2017
"Portage",2016-11-01,2016,0.0063223500032982,0.00399437709981327,0.0582305286582154,2017
"Portage",2016-11-02,2016,0.00556633124717903,0.00321029856875428,0.0481000666911658,2017
"Portage",2016-11-03,2016,0.00737483989095964,0.00419871508943524,0.0622357930192094,2017
"Portage",2016-11-04,2016,0.00992871245435554,0.00585025144616909,0.0753846686349217,2017
"Portage",2016-11-05,2016,0.0117030962624172,0.00732015403435008,0.0732930422689302,2017
"Portage",2016-11-06,2016,0.0112674003028406,0.00684219103563663,0.0800625210793326,2017
"Portage",2016-11-07,2016,0.0136903843366134,0.00944704370921472,0.0722620553337446,2017
"Portage",2016-11-08,2016,0.00976125903766869,0.00661568707156574,0.0451239787994531,2017
"Portage",2016-11-09,2016,0.00801185476593415,0.00525759298584791,0.0445700496300289,2017
"Portage",2016-11-10,2016,0.00714853409950798,0.00474975729971487,0.0483041355574777,2017
"Portage",2016-11-14,2016,0.00798994812849311,0.00576670089126499,0.0406122977661428,2017
"Portage",2016-11-15,2016,0.00756508071228417,0.00524450380667553,0.0347158305079053,2017
"Portage",2016-11-16,2016,0.00705455379305027,0.00464115381121728,0.0367579381848409,2017
"Portage",2016-11-17,2016,0.00737943455983547,0.00487321150177814,0.03759334587086,2017
"Portage",2016-11-18,2016,0.00696173071682592,0.00464115381121728,0.0369899958754017,2017
"Portage",2016-11-19,2016,0.00798278455529372,0.00538373842101204,0.0408421535387121,2017
"Portage",2016-11-20,2016,0.00769907965495173,0.00564307542891348,0.0357394777164521,2017
"Portage",2016-11-21,2016,0.00698326058163283,0.00509367242424983,0.0356146289663274,2017
"Portage",2016-11-22,2016,0.00735296261242516,0.00550445245846353,0.0343822888636864,2017
"Portage",2016-11-23,2016,0.00805128867058844,0.00603846650294133,0.0358610969868557,2017
"Portage",2016-11-24,2016,0.010257365840633,0.00755805904046646,0.0455937457700866,2017
"Portage",2016-11-25,2016,0.0122148220036687,0.00844763390907932,0.0618161319157629,2017
"Portage",2016-11-26,2016,0.0129817255743931,0.00929940918550278,0.0652206885828886,2017
"Portage",2016-11-27,2016,0.0145652471309415,0.0104841633937695,0.0665638830235298,2017
"Portage",2016-11-28,2016,0.0152479885028753,0.0113888091677472,0.0638098707941493,2017
"Portage",2016-11-29,2016,0.0185943068856983,0.0158861043368456,0.0699745071980103,2017
"Portage",2016-11-30,2016,0.0265780309260018,0.0193460514743382,0.162770181776238,2017
"Portage",2016-12-01,2016,0.0229663373868292,0.017402589723427,0.0973020710083581,2017
"Portage",2016-12-02,2016,0.0445477735596804,0.0366571637380912,0.178191094238721,2017
"Portage",2016-12-03,2016,0.0186383061003219,NA,0.0825283756408769,2017
"Portage",2016-12-04,2016,0.0113457005066225,0.00800079135131405,0.0752845547635695,2017
"Portage",2016-12-05,2016,0.00996964638166141,0.00704062462294034,0.0683946391942776,2017
"Portage",2016-12-06,2016,0.0102295825287299,0.00777247692133893,0.0824885453909841,2017
"Portage",2016-12-07,2016,0.00987188339756748,0.0070698204244588,0.0782853286025438,2017
"Portage",2016-12-08,2016,0.0169676864543273,0.0124922147391014,0.108519326298803,2017
"Portage",2016-12-09,2016,0.0254002983895528,0.0190979687139494,0.150714803100918,2017
"Portage",2016-12-10,2016,0.0259046941904678,0.0202984544029785,0.126347522304254,2017
"Portage",2016-12-11,2016,0.0160276338390445,0.0111642869298688,0.129995121786143,2017
"Portage",2016-12-12,2016,0.011284998248903,0.00757111831704883,0.0892406372045046,2017
"Portage",2016-12-13,2016,0.0119627268593842,0.00855273879454579,0.0669779414689755,2017
"Portage",2016-12-14,2016,0.0116926738505902,0.00737887184745984,0.0793512526365297,2017
"Portage",2016-12-15,2016,0.00926596449778568,0.00510551384989363,0.0923337611150976,2017
"Portage",2016-12-16,2016,0.00651802956206202,0.0035349102122294,0.0777680246690469,2017
"Portage",2016-12-17,2016,0.00623191723138253,0.00305332628170752,0.0610665256341504,2017
"Portage",2016-12-18,2016,0.00575573533966674,0.00316635807194381,0.058823896625445,2017
"Portage",2016-12-19,2016,0.00590834946014047,0.00312672354809472,0.0602183794447872,2017
"Portage",2016-12-20,2016,0.00624757531487846,0.00370949784320909,0.0618900429630148,2017
"Portage",2016-12-21,2016,0.00693555235848115,0.00408832560078889,0.0657782386841212,2017
"Portage",2016-12-22,2016,0.00686254654418135,0.00401531978648909,0.064026099140926,2017
"Portage",2016-12-23,2016,0.00591053506762844,0.0033774486100734,0.0642418871041044,2017
"Portage",2016-12-24,2016,0.00569944452949886,0.0033774486100734,0.0517171818417489,2017
"Portage",2016-12-25,2016,0.00845536508780544,0.00555861964105728,0.0683475344597606,2017
"Portage",2016-12-26,2016,0.0198816068614101,0.0107054806176824,0.151864889333694,2017
"Portage",2016-12-27,2016,0.0774267763118573,0.0389480147508131,0.551372497978378,2017
"Portage",2016-12-28,2016,0.179060949708432,0.100868395250601,1.11815352874697,2017
"Portage",2016-12-29,2016,0.124211661852386,0.0672813168367093,0.946374566494372,2017
"Portage",2016-12-30,2016,0.101151219383747,0.0553356670746378,0.802069668995826,2017
"Portage",2016-12-31,2016,0.0487680796783112,0.0286415706047224,0.358793729061861,2017
"Portage",2017-01-01,2017,0.0375754858693724,0.022027008957908,0.280520437611004,2017
"Portage",2017-01-02,2017,0.03088801627128,0.0197683304136192,0.204108011520618,2017
"Portage",2017-01-03,2017,0.147687777506332,0.0289676991250362,0.882802502843317,2017
"Portage",2017-01-04,2017,2.6741853624578,0.425058249101553,9.85666569766986,2017
"Portage",2017-01-05,2017,1.43917359932022,0.372417729648653,6.03442965329004,2017
"Portage",2017-01-06,2017,0.512078048130217,0.161841951013995,2.57809170404324,2017
"Portage",2017-01-07,2017,0.26363808771173,0.106856633557578,1.52314496521827,2017
"Portage",2017-01-08,2017,0.0897956836434282,0.0451212141690858,0.592830209924524,2017
"Portage",2017-01-09,2017,0.0939040956294517,0.0517825054088335,0.598719117264323,2017
"Portage",2017-01-10,2017,0.0430379550914625,0.0257947352991176,0.235797525940846,2017
"Portage",2017-01-11,2017,0.0608316543817114,0.035485131722665,0.337470844546161,2017
"Portage",2017-01-12,2017,1.5755004858042,0.291166058680322,6.09093010779806,2017
"Portage",2017-01-13,2017,8.98076120584248,1.01597039816617,26.7816947481399,2017
"Portage",2017-01-14,2017,3.4758698860943,0.680011809149312,13.8916698154788,2017
"Portage",2017-01-15,2017,0.879391318674878,0.222107195972579,3.50316660130543,2017
"Portage",2017-01-16,2017,0.325738155593303,0.108506169159199,1.80638610357338,2017
"Portage",2017-01-17,2017,1.19478761458185,0.23076222880913,3.81081175986666,2017
"Portage",2017-01-18,2017,3.51574129282461,0.564733247036394,13.6449518364823,2017
"Portage",2017-01-19,2017,1.26348990249582,0.270747836249103,6.34856995342725,2017
"Portage",2017-01-20,2017,0.948384183648053,0.194042799723387,4.95294246293945,2017
"Portage",2017-01-21,2017,4.48191762626507,0.636241213418442,15.5303657282208,2017
"Portage",2017-01-22,2017,2.03833383415553,0.378398383571436,7.74566856979101,2017
"Portage",2017-01-23,2017,0.638315963849999,0.160118109175211,3.19481452852626,2017
"Portage",2017-01-24,2017,0.679423815493033,0.165672309689188,2.20310702733147,2017
"Portage",2017-01-25,2017,0.902853657390082,0.166315147413962,4.00833481330457,2017
"Portage",2017-01-26,2017,0.424427766583287,0.112498926082317,7.25958979067557,2017
"Portage",2017-01-27,2017,0.210250873402118,0.0723814482204012,1.52001041262842,2017
"Portage",2017-01-28,2017,0.117288831686746,0.049910141143296,0.722033375206349,2017
"Portage",2017-01-29,2017,0.0825034205703053,0.0418863519818473,0.457576663316847,2017
"Portage",2017-01-30,2017,0.0598242035032807,0.0317369779858253,0.437441346571292,2017
"Portage",2017-01-31,2017,0.0401756084968944,0.0232228950849101,0.227197323580704,2017
"Portage",2017-02-01,2017,0.0333399742837217,0.0199640564573184,0.241897817407841,2017
"Portage",2017-02-02,2017,0.0320968692486772,0.0205071962285837,0.150075390581908,2017
"Portage",2017-02-03,2017,0.020208058329696,0.0133506691667661,0.0940615327658523,2017
"Portage",2017-02-04,2017,0.0211692395713962,0.0142243902258394,0.151029555044941,2017
"Portage",2017-02-05,2017,0.0296611075663516,0.0199327402903265,0.166304504810336,2017
"Portage",2017-02-06,2017,0.0244842352630259,0.0174438389871366,0.140965077220374,2017
"Portage",2017-02-07,2017,0.0844626627334897,0.0222270165088131,0.513862213347313,2017
"Portage",2017-02-08,2017,1.74817074912039,0.327187561315241,6.34845322458952,2017
"Portage",2017-02-09,2017,1.38675082509093,0.282251906309251,4.84549180083925,2017
"Portage",2017-02-10,2017,0.468983087828527,0.125959984737729,2.11280049871399,2017
"Portage",2017-02-11,2017,0.195236728589952,0.0702852222923827,0.915660257086875,2017
"Portage",2017-02-12,2017,0.226529702045646,0.0758046967247002,1.37080159910499,2017
"Portage",2017-02-13,2017,0.434007516627755,0.0799261367255074,2.39864352259023,2017
"Portage",2017-02-14,2017,0.282782198840481,0.0535902800799502,1.53417755298648,2017
"Portage",2017-02-15,2017,0.150846061878973,0.0457925544989741,0.924830022234182,2017
"Portage",2017-02-16,2017,0.0829352411542166,0.0320819451378451,0.394539665737755,2017
"Portage",2017-02-17,2017,0.0540402053229037,0.0203237030626157,0.321531404862407,2017
"Portage",2017-02-18,2017,0.0440440358875873,0.0178384716227451,0.247614975144295,2017
"Portage",2017-02-19,2017,0.0370391965096366,0.0174783357023386,0.32056011437055,2017
"Portage",2017-02-20,2017,0.0344554781711521,0.0167956187961603,0.232040442203263,2017
"Portage",2017-02-27,2017,0.073463984502346,0.0270681778709355,0.27210641964993,2017
"Portage",2017-02-28,2017,0.0371331450106122,0.0169107301756109,0.217021037253673,2017
"Portage",2017-03-01,2017,0.0720913822236389,0.0133054564506716,0.333039606916811,2017
"Portage",2017-03-02,2017,0.125468565573512,0.0606271206660457,0.524202787222273,2017
"Portage",2017-03-03,2017,0.122267172539746,0.0423834961328433,0.656022809708357,2017
"Portage",2017-03-04,2017,0.0705388832450169,0.0291842210608785,0.321647372543299,2017
"Portage",2017-03-05,2017,0.0410596541047728,0.0178316212112156,0.238849873592336,2017
"Portage",2017-03-06,2017,0.0381475767846015,0.0122573434866624,0.234251453300659,2017
"Portage",2017-03-07,2017,0.0225162262041341,0.00914970322782835,0.221979756570792,2017
"Portage",2017-03-08,2017,0.0216919259710949,0.00846710865042739,0.245142955212374,2017
"Portage",2017-03-09,2017,0.0138618077298866,0.00555861964105728,0.187255999158117,2017
"Portage",2017-03-10,2017,0.0106208780352934,0.00446255379634176,0.146966771692855,2017
"Portage",2017-03-11,2017,0.00920455545157505,0.00448359434603942,0.158508247174688,2017
"Portage",2017-03-12,2017,0.00757435323360442,0.00387843388467696,0.0999267083228534,2017
"Portage",2017-03-13,2017,0.0083801720349673,0.00452611582903307,NA,2017
"Portage",2017-03-14,2017,0.00849588037885118,0.00465250592175183,NA,2017
"Portage",2017-03-15,2017,0.00884649912038283,0.00308598806524982,NA,2017
"Portage",2017-03-16,2017,0.010009796861109,0.00468543682860422,NA,2017
"Portage",2017-03-17,2017,0.00710155250929354,0.00307094162564045,NA,2017
"Portage",2017-03-18,2017,0.00720063881891626,0.00329172060293315,NA,2017
"Portage",2017-03-19,2017,0.0233599033154995,0.00976868684102707,NA,2017
"Portage",2017-03-20,2017,0.0416969870345683,0.0141128263809308,NA,2017
"Portage",2017-03-21,2017,0.0317687834679264,0.0038900551185216,0.363071811062016,2017
"Portage",2017-03-22,2017,0.0222506259628343,0.00661505096192371,0.304893712517757,2017
"Portage",2017-03-23,2017,0.0148957305557276,0.00192202974912614,0.247461330199991,2017
"Portage",2017-03-24,2017,0.0131664909596452,0.000424725514827264,0.177110539682969,2017
"Portage",2017-03-26,2017,0.0153047979870589,0.00156972287046758,0.193860774502747,2017
"Portage",2017-03-27,2017,0.0379312179537957,0.00470087743871827,0.325495237825734,2017
"Portage",2017-03-28,2017,0.0276629403862264,0.00721641923118951,0.32293476059573,2017
"Portage",2017-03-29,2017,0.0216066872790639,0.00685090084458125,0.278778965137191,2017
"Portage",2017-03-30,2017,0.0240253718640768,0.00624659668465997,0.270045179752223,2017
"Portage",2017-03-31,2017,1.35201434548542,0.118597749603984,6.31109453249772,2017
"Portage",2017-04-01,2017,1.52374725774941,0.226227990349283,6.9627948140835,2017
"Portage",2017-04-02,2017,0.466777255316037,0.112804503368042,2.43502134856533,2017
"Portage",2017-04-03,2017,0.199805431143993,0.0621016880582682,1.45713960820777,2017
"Portage",2017-04-04,2017,0.101093113214523,0.0383089692181352,0.958788368487216,2017
"Portage",2017-04-05,2017,0.131979196691122,0.0473132969270059,1.08073530875371,2017
"Portage",2017-04-06,2017,1.39684394823752,0.185852521096017,3.02674105784941,2017
"Portage",2017-04-07,2017,4.2075563284182,0.55452662317259,17.6307518132981,2017
"Portage",2017-04-08,2017,2.44215662100209,0.44209338764369,9.82975544625044,2017
"Portage",2017-04-09,2017,0.749370749784637,0.205429406973143,3.49527715632564,2017
"Portage",2017-04-10,2017,0.332726050260862,0.0997643698801086,2.06357848412725,2017
"Portage",2017-04-11,2017,0.16438668317115,0.0636413017390134,1.24640889066219,2017
"Portage",2017-04-12,2017,0.176011303076346,0.0716899970395228,1.41031528658785,2017
"Portage",2017-04-13,2017,0.11647713131777,0.0481056693491667,1.0808422730366,2017
"Portage",2017-04-14,2017,0.0733793085226906,0.0565068427886229,0.666939919110789,2017
"Portage",2017-04-15,2017,0.0482914598495726,0.0211635879818844,0.492534411214765,2017
"Portage",2017-04-16,2017,0.0376961020438021,0.014001409330555,0.465277602369214,2017
"Portage",2017-04-17,2017,0.0315467110676949,0.0111416234850588,0.399984283113609,2017
"Portage",2017-04-18,2017,0.0250637719231674,0.0103437788889262,0.345720917479881,2017
"Portage",2017-04-19,2017,0.0243311938073568,0.0078718568200272,0.2683587552282,2017
"Portage",2017-04-20,2017,0.224313092367875,0.0656797640183851,1.36591644831455,2017
"Portage",2017-04-21,2017,0.299313291170165,0.0831173479273751,2.60525195470723,2017
"Portage",2017-04-22,2017,0.219571714589406,0.0658715143768216,1.86352639059589,2017
"Portage",2017-04-23,2017,0.137333331548024,0.0567246369437492,1.21734056388493,2017
"Portage",2017-04-24,2017,0.0770021258253468,0.0372421725722045,0.517543806637208,2017
"Portage",2017-04-25,2017,0.0442574506724858,0.0237813259533394,0.309963384035898,2017
"Portage",2017-04-26,2017,0.032717815015464,0.0176471494150291,0.245295376868905,2017
"Portage",2017-04-27,2017,0.0360155982326007,0.0207657503323103,0.243024171857819,2017
"Portage",2017-04-28,2017,0.0288089701967473,0.0175148875409994,0.195079609508372,2017
"Portage",2017-04-29,2017,0.0235748056183301,0.0135956203104557,0.171304815911742,2017
"Portage",2017-04-30,2017,0.0261186667945908,0.0154689142747007,0.17551268119372,2017
"Portage",2017-05-01,2017,0.167719613620742,0.0541945108426051,1.00985980661613,2017
"Portage",2017-05-02,2017,1.45946720950361,0.297092561731016,7.57957398116254,2017
"Portage",2017-05-03,2017,0.810110584186098,0.230398423025404,4.56089781494375,2017
"Portage",2017-05-04,2017,0.460637653496453,0.141416586620994,2.36190509584537,2017
"Portage",2017-05-05,2017,6.67082538154631,1.4504995586806,25.2033501998157,2017
"Portage",2017-05-06,2017,10.7972197793872,2.90926954852188,42.8059036804455,2017
"Portage",2017-05-07,2017,9.80345176207332,2.7135464814896,41.2438662581295,2017
"Portage",2017-05-08,2017,2.22816031431922,0.71868871614543,9.86788895522565,2017
"Portage",2017-05-09,2017,0.520436039511282,0.214150714822824,3.15498785675021,2017
"Portage",2017-05-10,2017,0.235434356266763,0.11318959435902,1.75821169904345,2017
"Portage",2017-05-11,2017,0.127696564060451,0.0659765580978995,0.925800089438267,2017
"Portage",2017-05-12,2017,3.11229505909998,0.448517728041784,2.17828502328537,2017
"Portage",2017-05-13,2017,0.88133710807058,0.186507022869708,1.21412414887731,2017
"Portage",2017-05-14,2017,0.241026714184603,0.0914665479469774,1.59695648577696,2017
"Portage",2017-05-15,2017,0.130208533852624,0.0642204985969957,0.832804355659206,2017
"Portage",2017-05-16,2017,0.0728237890791613,0.0433175986763977,0.483399289577192,2017
"Portage",2017-05-17,2017,0.0628375527405626,0.0372765143376219,0.444123042251095,2017
"Portage",2017-05-18,2017,0.0519017759667127,0.0324950249530723,0.394904817138031,2017
"Portage",2017-05-19,2017,0.038103456872251,0.0218811930553521,0.294641582348793,2017
"Portage",2017-05-20,2017,0.0562319700260029,0.0296183658915588,0.409506102326769,2017
"Portage",2017-05-21,2017,0.122762799813903,0.0774349968056927,0.8763375248254,2017
"Portage",2017-05-22,2017,0.21007886853939,0.0757203387998658,1.29265435522628,2017
"Portage",2017-05-23,2017,0.119971609422522,0.0538794653095158,0.788436175695914,2017
"Portage",2017-05-24,2017,0.0650299339806994,0.035272646636474,0.507926111565226,2017
"Portage",2017-05-25,2017,0.0453845244156744,0.0241844971376043,0.360709201988523,2017
"Portage",2017-05-26,2017,0.0368297941086339,0.0206040806202148,0.30949046098281,2017
"Portage",2017-05-27,2017,0.035779317752647,0.020244140425852,0.315104446628478,2017
"Portage",2017-05-28,2017,0.0684920292115216,0.0395508509654066,0.51353327126512,2017
"Portage",2017-05-29,2017,0.826138731041452,0.203604429817716,3.8618807796236,2017
"Portage",2017-05-30,2017,1.0651893077767,0.269678682735397,5.29980845117224,2017
"Portage",2017-05-31,2017,0.397255199450232,0.14705026719981,2.03017159940036,2017
"Portage",2017-06-01,2017,0.145489025383473,0.0766143175044619,0.813049900047351,2017
"Portage",2017-06-02,2017,0.0678431924835076,0.0386512940685651,0.44754129974128,2017
"Portage",2017-06-03,2017,0.0445995846900231,0.0263043325196439,0.31054816452296,2017
"Portage",2017-06-04,2017,0.0341012556238409,0.0201168206344256,0.249513468836666,2017
"Portage",2017-06-05,2017,0.0304644482585278,0.0185735479640302,0.216180779911238,2017
"Portage",2017-06-06,2017,0.0253199430623121,0.0145690148572827,0.183619825184029,2017
"Portage",2017-06-07,2017,0.0219644872091389,0.0134521457806975,0.137167781567113,2017
"Portage",2017-06-08,2017,0.0190215098029237,0.0114996243605386,0.124610683644525,2017
"Portage",2017-06-09,2017,0.0182972559157516,0.0101360156935395,0.123205018343886,2017
"Portage",2017-06-10,2017,0.0155350011733558,0.00936783990353111,0.104451414924372,2017
"Portage",2017-06-11,2017,0.0138111342571729,0.00839500317592861,0.0847624514214727,2017
"Portage",2017-06-12,2017,0.014207338681649,0.0070139080179754,0.0922662899983669,2017
"Portage",2017-06-13,2017,0.0133465153708037,0.00889026835690506,0.0896805820502798,2017
"Portage",2017-06-14,2017,0.266406491921761,0.0964689936855468,1.68274239724395,2017
"Portage",2017-06-15,2017,1.12932216242606,0.271704814274015,5.41341534161168,2017
"Portage",2017-06-16,2017,0.701422583629411,0.269870592121244,2.7999073932579,2017
"Portage",2017-06-17,2017,0.109991599618688,0.0626567752734509,1.6353944873894,2017
"Portage",2017-06-18,2017,0.0700009326604852,0.0420084116358492,0.414980290645725,2017
"Portage",2017-06-19,2017,0.0646918982490437,0.0421115891634687,0.304777940562908,2017
"Portage",2017-06-20,2017,0.0348432628418067,0.0218321710211321,0.276540832934339,2017
"Portage",2017-06-21,2017,0.0243510110692813,0.0150976268629544,0.19010022641419,2017
"Portage",2017-06-22,2017,0.0172423879566592,0.0111412352950721,0.160486841750443,2017
"Portage",2017-06-23,2017,0.0177648027864723,0.00983670898093918,0.186457020981982,2017
"Portage",2017-06-24,2017,0.322535479466584,0.116393238242289,7.88669363704377,2017
"Portage",2017-06-25,2017,0.131546397476992,0.0596452609678287,2.4609798087,2017
"Portage",2017-06-26,2017,0.07141521670309,0.0368154816416884,0.867890891293877,2017
"Portage",2017-06-27,2017,0.0302596378079837,0.0182118190511013,0.250762739242087,2017
"Portage",2017-06-28,2017,0.0259484291749324,0.0165628271329356,0.27245850633679,2017
"Portage",2017-06-29,2017,0.0134010270312344,0.00810679413000599,0.14211706444235,2017
"Portage",2017-06-30,2017,0.0123041122248043,0.00640488033619951,0.165178492880935,2017
"Portage",2017-07-01,2017,2.52567149871828,0.469551128302019,13.9746486192698,2017
"Portage",2017-07-02,2017,2.48542863385962,0.72548883695534,15.2695947008392,2017
"Portage",2017-07-03,2017,0.775132959221076,0.319791345965576,5.32401011783334,2017
"Portage",2017-07-04,2017,0.178819423770507,0.0914890075104919,1.43575362922715,2017
"Portage",2017-07-05,2017,0.366849462888375,0.110516699701084,2.92580591186266,2017
"Portage",2017-07-06,2017,0.115991185143049,0.0522978765476489,0.964482944331378,2017
"Portage",2017-07-07,2017,0.0757721817356906,0.0372971879009876,0.584976947078648,2017
"Portage",2017-07-08,2017,0.639218832186843,0.179962243673911,3.58865885914446,2017
"Portage",2017-07-09,2017,0.585218048943478,0.131765626956439,2.53436666898588,2017
"Portage",2017-07-10,2017,1.01477183249526,0.300317482666285,5.6853206201307,2017
"Portage",2017-07-11,2017,4.71018996970396,1.32202030791873,16.1329470096424,2017
"Portage",2017-07-12,2017,3.88189037602649,1.29305413790341,21.6873004142028,2017
"Portage",2017-07-19,2017,0.241142461673695,0.152505207085656,1.36128809009344,2017
"Portage",2017-07-20,2017,0.123916311252444,0.0868451135346628,0.720036724903062,2017
"Portage",2017-07-21,2017,0.0766196706117571,0.0554513411664641,0.484539100192674,2017
"Portage",2017-07-22,2017,0.0596124866418112,0.0441029494267407,0.404644560990346,2017
"Portage",2017-07-23,2017,0.0885319882285865,0.0667759521918779,0.541208322200301,2017
"Portage",2017-07-24,2017,0.0690164282141027,0.0481320244046342,0.455867376903553,2017
"Portage",2017-07-25,2017,0.0530403388286664,0.0374402391731763,0.234001494832352,2017
"Portage",2017-07-26,2017,0.0311040244262575,0.0214406381967406,0.165485489180477,2017
"Portage",2017-07-27,2017,0.018932837097456,0.0123177494368991,0.158762103853366,2017
"Portage",2017-07-28,2017,0.015361519394523,0.00999424153378603,0.0951303731178893,2017
"Portage",2017-07-29,2017,0.014991362300679,0.00906884879917621,0.100497650978626,2017
"Portage",2017-07-30,2017,0.0100997134055844,0.00520288266348289,0.0806446812839848,2017
"Portage",2017-07-31,2017,0.00853121980340797,0.00421924457668546,0.0811393187824128,2017
"Portage",2017-08-01,2017,0.00637440579119555,0.00361216328167748,0.0678874216762326,2017
"Portage",2017-08-02,2017,0.00598074199950334,0.00347268890293743,0.0657881619945368,2017
"Portage",2017-08-03,2017,0.00867138792223625,0.00475144543684178,0.0782800635719683,2017
"Portage",2017-08-04,2017,0.166327380291694,0.0768802113348273,0.67861571159011,2017
"Portage",2017-08-05,2017,0.0799657345507233,0.0466057962105443,0.38854516419738,2017
"Portage",2017-08-06,2017,0.04321983351757,0.0253063498885771,0.234865674246795,2017
"Portage",2017-08-07,2017,0.0318539219047283,0.0197294972791824,0.175107821872328,2017
"Portage",2017-08-08,2017,0.0210349923013107,0.0151273600955679,0.121655822242251,2017
"Portage",2017-08-09,2017,0.0183373873390941,0.0132134896758885,0.101450237400432,2017
"Portage",2017-08-10,2017,0.0116864106171918,0.00807424733551436,0.0814861540307831,2017
"Portage",2017-08-11,2017,0.00988097731887285,0.0062271219433119,0.0564103987805901,2017
"Portage",2017-08-12,2017,0.00893983402021145,0.00583032653492051,0.0617042891612421,2017
"Portage",2017-08-13,2017,0.0103812203024557,0.00672107086664448,0.0585461956214934,2017
"Portage",2017-08-14,2017,0.0101581716370287,0.00676724590245385,0.0535780871629529,2017
"Portage",2017-08-15,2017,0.00838867143841494,0.00566186512910861,0.0506964705238575,2017
"Portage",2017-08-16,2017,0.0083670926420971,0.00585696484946797,0.0414171085783807,2017
"Portage",2017-08-17,2017,0.00829207672132851,0.00582501257283408,0.0371772861266175,2017
"Portage",2017-08-18,2017,0.0122436857233331,0.00858353628752186,0.0489909382448182,2017
"Portage",2017-08-19,2017,0.016318722504385,0.0110806140461873,0.048351770383363,2017
"Portage",2017-08-20,2017,0.0150694770540345,0.0103696734445076,0.0619671614708078,2017
"Portage",2017-08-21,2017,0.0159963146138332,0.0113409877904765,0.0738650852720548,2017
"Portage",2017-08-30,2017,0.00585713317386555,0.003734413768572,0.0456974316417363,2017
"Portage",2017-08-31,2017,0.013179721061569,0.00826115592094491,0.110318205221234,2017
"Portage",2017-09-01,2017,0.0144305523821886,0.00862119397832959,0.106372270317236,2017
"Portage",2017-09-02,2017,0.0097907175198483,0.00649157474068053,0.0704291396523148,2017
"Portage",2017-09-03,2017,0.00696040320493453,0.00415231333762525,0.0476460360944457,2017
"Portage",2017-09-04,2017,0.00486867665167441,0.00254987975210444,0.0348217953646762,2017
"Portage",2017-09-05,2017,0.0044564581533683,0.00266394155064569,0.0362115444680991,2017
"Portage",2017-09-06,2017,0.00924071706143625,0.00602110070971412,0.0786088148212677,2017
"Portage",2017-09-07,2017,0.0191820041801268,0.0102974554275337,0.176254120806159,2017
"Portage",2017-09-09,2017,0.0132714184683846,0.0079911273779064,0.109724325919715,2017
"Portage",2017-09-11,2017,0.00753488727881046,0.00449421003733456,0.0599228004977941,2017
"Portage",2017-09-12,2017,0.0055555516353223,0.0032459402813119,0.0491884796475727,2017
"Portage",2017-09-13,2017,0.00466100434656925,0.00234139237035605,0.0373533759549826,2017
"Portage",2017-09-14,2017,0.00437377197360469,0.00255640232251071,0.0419249980891757,2017
"Portage",2017-09-15,2017,0.00486646042121585,0.00283528257587552,0.0392756356822101,2017
"Portage",2017-09-16,2017,0.00514044507691263,0.00319908346645031,0.0363731407829282,2017
"Portage",2017-09-17,2017,0.00575422922776048,0.00367192333596993,0.040065796400077,2017
"Portage",2017-09-18,2017,0.00571346340737881,0.00382142323761502,0.0364342209006488,2017
"Portage",2017-09-19,2017,0.00711686513632234,0.00486435979145185,0.03773165567964,2017
"Portage",2017-09-20,2017,0.0167648567785296,0.0119678328625492,0.0766534749460795,2017
"Portage",2017-09-21,2017,0.0364972151918925,0.0262427106213608,0.165615761988588,2017
"Portage",2017-09-22,2017,0.0225610748697874,0.0138808910191473,0.150468858647556,2017
"Portage",2017-09-23,2017,0.0260417053569479,0.01004048181161,0.148192427751104,2017
"Portage",2017-09-24,2017,0.0138919764529473,0.00787547775183563,0.0736265594473936,2017
"Portage",2017-09-25,2017,0.0108289074180995,0.00735875121016756,0.0529301026587543,2017
"Portage",2017-09-26,2017,0.00735474861257392,0.00533478244433178,0.0420567315028875,2017
"Portage",2017-09-27,2017,0.00603083074066152,0.00436360449494963,0.0325212033114171,2017
"Portage",2017-09-28,2017,0.00546985788023969,0.00382301894855462,0.0271654904132872,2017
"Portage",2017-09-29,2017,0.00457587183591696,0.00297589216566902,0.0297239111606235,2017
"Portage",2017-09-30,2017,0.00375621764984009,0.00233188008463227,0.0270372042245201,2017
"Portage",2017-10-01,2017,0.00355454153441243,0.00223734440552556,0.0232557770602515,2018
"Portage",2017-10-02,2017,0.00330834984100008,0.00204130030700534,0.0245780804641452,2018
"Portage",2017-10-03,2017,0.00284828000846492,0.00178575549120058,0.0283042245355291,2018
"Portage",2017-10-04,2017,0.00268647451142656,0.00156874424024909,0.0273129577543368,2018
"Portage",2017-10-05,2017,0.00350104960666944,0.00220566125220175,0.0333650027515598,2018
"Portage",2017-10-09,2017,0.0106921501449967,0.00753344282060796,0.0541874017057116,2018
"Portage",2017-10-11,2017,0.0296804394276877,0.0201408557925919,0.129276190668729,2018
"Portage",2017-10-12,2017,0.0798429556035108,0.0605646351265947,0.254769544945675,2018
"Portage",2017-10-13,2017,0.065882937438047,0.064092499201251,0.266749348902372,2018
"Portage",2017-10-14,2017,0.0292842042850964,0.0212851191755683,0.126165827371312,2018
"Portage",2017-10-15,2017,0.0195704611697415,0.0136142338572115,0.0894649653473897,2018
"Portage",2017-10-16,2017,0.0171878189648082,0.0127027074972726,0.0788044642055998,2018
"Portage",2017-10-17,2017,0.0136323069554291,0.0102264533586063,0.0698955855640396,2018
"Portage",2017-10-18,2017,0.0171775595764651,0.013631614329892,0.067899243529272,2018
"Portage",2017-10-19,2017,0.0147297140128591,0.0116114255232751,0.0554281256111058,2018
"Portage",2017-10-20,2017,0.0119350727266699,0.00905117963058127,0.0491260577190859,2018
"Portage",2017-10-21,2017,0.00845079292742463,0.00620741233071139,0.0463377885389069,2018
"Portage",2017-10-22,2017,0.00882009567708781,0.00766537563022673,0.0393096186165473,2018
"Portage",2017-10-23,2017,0.0121462917915682,0.00991861951470212,0.0354382488109975,2018
"Portage",2017-10-24,2017,0.0142019159828716,0.0116536509706277,0.0404511173691565,2018
"Portage",2017-10-25,2017,0.0181777294460702,0.018162593951111,0.0653853382239995,2018
"Portage",2017-10-26,2017,0.0268822334809277,0.0147616631089448,0.184787565905947,2018
"Portage",2017-10-27,2017,0.0222605106173562,0.0190295379959211,0.0691541508447516,2018
"Portage",2017-10-28,2017,0.0197479237716456,0.0144550019902524,0.0858605381375894,2018
"Portage",2017-10-29,2017,0.0317459471317778,0.02716153919378,0.0962869378827122,2018
"Portage",2017-10-30,2017,0.0344381862101381,0.0281415835329417,0.146838981615241,2018
"Portage",2017-10-31,2017,0.023197015208782,0.0182052524423352,0.120095939498631,2018
"Portage",2017-11-01,2017,0.017156875248167,0.0125568434787309,0.092746586486468,2018
"Portage",2017-11-02,2017,0.0484173801997865,0.0196319228173264,0.306884290420537,2018
"Portage",2017-11-03,2017,0.0911348351179793,0.0421304590569734,0.620426444428482,2018
"Portage",2017-11-04,2017,0.0925347717619767,0.0565145250358381,0.548998243205284,2018
"Portage",2017-11-05,2017,0.672869439604656,0.208858674053285,3.22331376348214,2018
"Portage",2017-11-06,2017,9.11158949533881,2.26639284164362,30.0009438213002,2018
"Portage",2017-11-07,2017,5.69830279424394,1.98659759620869,14.8795070414388,2018
"Portage",2017-11-08,2017,1.61365064508521,0.712433502078012,5.41629255523031,2018
"Portage",2017-11-09,2017,0.440206441787897,0.246054255671838,2.37211680858631,2018
"Portage",2017-11-10,2017,0.184394680125279,0.115246675078299,1.00788455841203,2018
"Portage",2017-11-11,2017,0.0937768492352918,0.0621038736657562,0.540303700892079,2018
"Portage",2017-11-12,2017,0.0557146416267504,0.0369945220401623,0.345430778085852,2018
"Portage",2017-11-13,2017,0.0439120222050546,0.0314654189738617,0.28559942786356,2018
"Portage",2017-11-14,2017,0.0438929011297939,0.0286599443870747,0.245768838168613,2018
"Portage",2017-11-15,2017,0.0380984242663524,0.0313347120345125,0.225457074394663,2018
"Portage",2017-11-16,2017,0.0583837968298851,0.0493312569033002,0.289884705514238,2018
"Portage",2017-11-17,2017,0.0935766214925875,0.0541407595778542,0.485930027322222,2018
"Portage",2017-11-18,2017,1.5015776678055,0.403535724021279,6.64134846849758,2018
"Portage",2017-11-19,2017,11.1222634609196,2.80875593390966,35.9243984320671,2018
"Portage",2017-11-20,2017,15.7122390465921,5.77592142285488,45.4796052835594,2018
"Portage",2017-11-21,2017,6.43242627590628,2.12038428485553,19.3150971830538,2018
"Portage",2017-11-22,2017,1.31775625295171,0.477752267006397,4.72895993962651,2018
"Portage",2017-11-23,2017,0.563392768294609,0.247482248420911,2.37103960583905,2018
"Portage",2017-11-24,2017,0.235213675152492,0.127353260579802,1.01232846930271,2018
"Portage",2017-11-25,2017,0.142362903692963,0.0796108343019857,0.502016555127816,2018
"Portage",2017-11-26,2017,0.0808927175594382,0.056273194823957,0.388285044285303,2018
"Portage",2017-11-27,2017,0.058712850639027,0.0402518764119226,0.286337211748449,2018
"Portage",2017-11-28,2017,0.104023425677766,0.0337069606156577,0.552887784542941,2018
"Portage",2017-11-29,2017,0.0602963240795897,0.0257252280878489,0.370984868214242,2018
"Portage",2017-11-30,2017,0.0342389048572234,0.0244563606123024,0.218578722972453,2018
"Portage",2017-12-01,2017,0.0346980879420439,0.0250540100867379,0.236468670544691,2018
"Portage",2017-12-02,2017,0.0424591099966754,0.0329562044435385,0.183658848063991,2018
"Portage",2017-12-03,2017,0.0330688594611407,0.0244533268586251,0.14387655105191,2018
"Portage",2017-12-04,2017,0.0269652369815397,0.0200951929065969,0.128860424513552,2018
"Portage",2017-12-05,2017,0.0277322616577536,0.0211640944230225,0.108739657552771,2018
"Portage",2017-12-06,2017,0.0216701147501002,0.0157393465027044,0.0958047178425483,2018
"Portage",2017-12-07,2017,0.020923456592021,0.0155486237059972,0.0890686592541075,2018
"Portage",2017-12-08,2017,0.0185795491420034,0.0121781918745904,0.0839982978016623,2018
"Portage",2017-12-12,2017,0.0227276103313293,0.0154223070105449,0.10909252959038,2018
"Portage",2017-12-13,2017,0.0195431965318542,0.0131659429267228,0.107796157712543,2018
"Portage",2017-12-14,2017,0.0126307349533785,0.0073522188534591,0.112356985555426,2018
"Portage",2017-12-15,2017,0.0110852772191785,0.00593296527223637,0.0860279964474274,2018
"Portage",2017-12-16,2017,0.011496947806891,0.00718559237930688,0.0776043976965143,2018
"Portage",2017-12-17,2017,0.0106968588854574,0.00677016385155533,0.119561093618467,2018
"Portage",2017-12-18,2017,0.00865882883443222,0.00465181761849816,0.0920230851659339,2018
"Portage",2017-12-19,2017,0.00660674483794423,0.00352359724690359,0.0719401104576149,2018
"Portage",2017-12-20,2017,0.00876636398494128,0.00470786214006106,0.0759751545361578,2018
"Portage",2017-12-21,2017,0.00718201059270718,0.00468391995176556,0.0763478952137785,2018
"Portage",2017-12-22,2017,0.00550893458486424,0.00244841537105077,0.0879899273971371,2018
"Portage",2017-12-23,2017,0.00581498650624558,0.00336657113519481,0.0806446812839848,2018
"Portage",2017-12-24,2017,0.00703919419177097,0.00321354517450414,0.0812567851267475,2018
"Portage",2017-12-25,2017,0.0157909594604278,0.00989881040802939,0.150131957855112,2018
"Portage",2017-12-26,2017,0.0202986256632667,0.0126536887251533,0.158698346094631,2018
"Portage",2017-12-27,2017,0.0155644775155369,0.00988220794637261,0.195420662139518,2018
"Portage",2017-12-28,2017,0.00758472671392047,0.00370808861569445,0.113433801743744,2018
"Portage",2017-12-29,2017,0.00528539587035538,0.00293633103908632,0.100569338088707,2018
"Portage",2017-12-30,2017,0.00499618128188326,0.00202969864576507,0.091648700389546,2018
"Portage",2017-12-31,2017,0.00674197930126264,0.00438228654582072,0.0965788534905874,2018
"Portage",2018-01-01,2018,0.00909946279898631,0.00562512245755518,0.100259535567013,2018
"Portage",2018-01-02,2018,0.00876457309164144,0.00589923188860481,0.111579757435897,2018
"Portage",2018-01-03,2018,0.00843768368633276,0.00512878812306501,0.103402986352117,2018
"Portage",2018-01-04,2018,0.00841105515808749,0.00429135467249362,0.115008305222829,2018
"Portage",2018-01-05,2018,0.00768939121578862,0.00401945449916223,0.105030093652022,2018
"Portage",2018-01-06,2018,0.00784074616538121,0.00409857185917654,0.108701253656421,2018
"Portage",2018-01-07,2018,0.00832853461148836,0.00462696367304909,0.109566499777802,2018
"Portage",2018-01-08,2018,0.012095207334939,0.0066818999688614,0.13702736892665,2018
"Portage",2018-01-09,2018,0.0180620279525979,0.0109030464861923,0.153259804381383,2018
"Portage",2018-01-10,2018,0.0189432675829823,0.0110263490005717,0.175980530049125,2018
"Portage",2018-01-11,2018,0.364391748355515,0.167670415704924,2.1035015788436,2018
"Portage",2018-01-12,2018,2.09189274370014,0.770321926077597,10.3402472299411,2018
"Portage",2018-01-13,2018,1.95226506253636,0.571354550358047,14.4071776906831,2018
"Portage",2018-01-14,2018,0.885296113804434,0.331743411192413,4.76792923958457,2018
"Portage",2018-01-15,2018,0.252083233811127,0.117044168695287,1.50301212223243,2018
"Portage",2018-01-16,2018,0.108236318672492,0.0552696095348893,0.675210396484565,2018
"Portage",2018-01-17,2018,0.0645678688298854,0.0360938397185695,0.441146929893627,2018
"Portage",2018-01-18,2018,0.0710095163033938,0.0432376445875466,0.495569926426495,2018
"Portage",2018-01-19,2018,0.0678485676099827,0.0441617895686278,0.448041428714442,2018
"Portage",2018-01-20,2018,0.0465100299039378,0.0324939729255874,0.241037381253984,2018
"Portage",2018-01-21,2018,0.0429708553105313,0.0305282718029609,0.219248497493992,2018
"Portage",2018-01-22,2018,0.0934754133903223,0.0534809579098859,0.544322002442515,2018
"Portage",2018-01-23,2018,1.77567494752992,0.364410903410991,6.91718151201954,2018
"Portage",2018-01-24,2018,1.97050277179358,0.423674710630154,8.43694188462714,2018
"Portage",2018-01-25,2018,0.562865390586301,0.166481312708624,1.92076398880154,2018
"Portage",2018-01-26,2018,0.185169950984371,0.0779662951513141,1.15487574692884,2018
"Portage",2018-01-27,2018,0.128760702094288,0.0691689721994107,0.651252476708298,2018
"Portage",2018-01-28,2018,0.132551352848366,0.0675751994913236,0.819999055365869,2018
"Portage",2018-01-29,2018,0.126394890725246,0.0603546537027128,0.979669741261425,2018
"Portage",2018-01-30,2018,0.0770411960057699,0.0399834055219818,0.648511333466291,2018
"Portage",2018-01-31,2018,0.0562837640303167,0.0342266132616791,0.406916402111074,2018
"Portage",2018-02-01,2018,0.0447667543039466,0.0291339194676478,0.290628611274828,2018
"Portage",2018-02-02,2018,0.0300120688284597,0.0189549908390272,0.259578068990011,2018
"Portage",2018-02-03,2018,0.0252192028676201,0.0164894787980593,0.241037381253984,2018
"Portage",2018-02-04,2018,0.0255061372476831,0.0150954689833226,0.245691771038907,2018
"Portage",2018-02-05,2018,0.0226213093422624,0.0152421656530752,0.202140149256259,2018
"Portage",2018-02-06,2018,0.0192403594107406,0.0124496443245969,0.16410894791514,2018
"Portage",2018-02-07,2018,0.0127916021886948,0.00892437362001965,0.117206773542925,2018
"Portage",2018-02-08,2018,0.0111174839396692,0.00741165595977946,0.0899280923119907,2018
"Portage",2018-02-09,2018,0.0133888846767984,0.00856888619315098,0.109788854349747,2018
"Portage",2018-02-10,2018,0.0136228653757386,0.00875755631297482,0.113848232068673,2018
"Portage",2018-02-11,2018,0.0155689890008441,0.0104604144849421,0.100955163052349,2018
"Portage",2018-02-12,2018,0.0176274772350345,0.0114941818173151,0.120091211627308,2018
"Portage",2018-02-13,2018,0.0141671109991508,0.00904283680796859,0.0869117093210314,2018
"Portage",2018-02-14,2018,0.0127555545892541,0.00809200458082897,0.0819847832531356,2018
"Portage",2018-02-15,2018,0.0698710164407604,0.0256484973622799,0.484784785309027,2018
"Portage",2018-02-16,2018,2.67567896964461,0.506134500603218,11.7393305899405,2018
"Portage",2018-02-17,2018,2.74526325891666,0.587525354535957,11.7323595894207,2018
"Portage",2018-02-18,2018,0.72471739702579,0.209464421692779,4.04325337929512,2018
"Portage",2018-02-19,2018,0.296218987466475,0.0909283665688192,1.60863875352622,2018
"Portage",2018-02-20,2018,10.7493749013992,1.11550116901312,34.418281523914,2018
"Portage",2018-02-21,2018,10.9164713355297,1.48999190930628,39.5912135901382,2018
"Portage",2018-02-22,2018,6.36762865460368,1.00131260387836,26.6097325509709,2018
"Portage",2018-02-23,2018,2.44268328920349,0.523899901169649,10.7399479739778,2018
"Portage",2018-02-24,2018,1.06400860999069,0.267096811561449,4.78147079057546,2018
"Portage",2018-02-25,2018,4.04595072883485,0.55383442578617,15.0423121141007,2018
"Portage",2018-02-26,2018,3.25977768852834,0.557308379568665,11.1652208693073,2018
"Portage",2018-02-27,2018,0.705302712990941,0.173570589525114,2.19029553448359,2018
"Portage",2018-02-28,2018,0.295392142794868,0.10603820510585,1.35156632857139,2018
"Portage",2018-03-01,2018,1.12098067156601,0.16751699095242,4.24325148641863,2018
"Portage",2018-03-02,2018,9.40897535798314,1.08032436017763,29.1606349852458,2018
"Portage",2018-03-03,2018,5.44544410091556,0.907329123668473,15.5531640065276,2018
"Portage",2018-03-04,2018,1.60552282753154,0.348290580241852,5.38882925540866,2018
"Portage",2018-03-05,2018,0.479096480581674,0.136929937453543,2.02070595560055,2018
"Portage",2018-03-06,2018,0.198006330398713,0.0754597295726803,1.28281540273557,2018
"Portage",2018-03-07,2018,0.144237646029931,0.0779662951513141,0.873466150367066,2018
"Portage",2018-03-08,2018,0.120939024538714,0.0703825470676121,0.652277689725194,2018
"Portage",2018-03-09,2018,0.064145834548159,0.0325377421621096,0.31685563200721,2018
"Portage",2018-03-10,2018,0.0467704507448062,0.0282506078324333,0.295061904027636,2018
"Portage",2018-03-11,2018,0.0371355720135541,0.0212358842892758,0.281511594296297,2018
"Portage",2018-03-12,2018,0.0337043329935211,0.019324032294422,0.225447043434924,2018
"Portage",2018-03-13,2018,0.0304640858935053,0.0144422333124766,0.238296849655863,2018
"Portage",2018-03-14,2018,0.0273433319897434,0.0124482987080464,0.188441487339048,2018
"Portage",2018-03-15,2018,0.0267346900513786,0.0163113436325375,0.22199340846234,2018
"Portage",2018-03-16,2018,0.0267005970211418,0.013778550764048,0.202954328821789,2018
"Portage",2018-03-17,2018,0.0245295425800416,0.0123296642598093,0.170344045694733,2018
"Portage",2018-03-18,2018,0.0282605164633956,0.0169563098780373,0.155879059229677,2018
"Portage",2018-03-19,2018,0.0283939412763349,0.0169387516208671,0.189197242680533,2018
"Portage",2018-03-20,2018,0.0185444261034615,0.0108764962483645,0.159884494850959,2018
"Portage",2018-03-21,2018,0.0141974093907154,0.007405123603071,0.141463395727632,2018
"Portage",2018-03-22,2018,0.0111332203135826,0.00536233088498245,0.13150478122695,2018
"Portage",2018-03-23,2018,0.00981345061050885,0.00396948564020583,0.138049889487158,2018
"Portage",2018-03-24,2018,0.0111243774109283,0.00447803327982282,0.148010784196249,2018
"Portage",2018-03-25,2018,0.0089734773698629,0.00358185021065956,0.118578093816046,2018
"Portage",2018-03-26,2018,0.00826798795597361,0.00231528034139276,0.127949703076968,2018
"Portage",2018-03-27,2018,0.0111376975468322,0.00273557483606405,0.136974140005779,2018
"Portage",2018-03-28,2018,0.0199213637140365,0.00643613289222718,0.195842329434913,2018
"Portage",2018-03-29,2018,0.156389940902365,0.0393433813590854,1.11686023833104,2018
"Portage",2018-03-30,2018,2.48260583615876,0.346280229115507,10.3604810485365,2018
"Portage",2018-03-31,2018,2.53217853336984,0.499118782119338,11.3673649330844,2018
"Portage",2018-04-01,2018,1.0620977121603,0.251999055029991,3.95510381284359,2018
"Portage",2018-04-02,2018,0.263622277396867,0.0762033145600318,1.43910989321141,2018
"Portage",2018-04-03,2018,0.119123154149115,0.032478608431157,0.743864902778112,2018
"Portage",2018-04-04,2018,1.82538985874067,0.234266853134514,6.8504866121571,2018
"Portage",2018-04-05,2018,1.59318138436968,0.22601622564367,5.37196297135547,2018
"Portage",2018-04-06,2018,0.521096446706698,0.0924297769724098,2.29376752649899,2018
"Portage",2018-04-07,2018,0.175393285860488,0.0519134461320682,0.920845651628353,2018
"Portage",2018-04-08,2018,0.101023997455342,0.0368176346281691,0.79113014896139,2018
"Portage",2018-04-09,2018,0.0636575934855758,0.0273635610918849,0.476623482291376,2018
"Portage",2018-04-10,2018,0.040301509274504,0.018045451913957,0.264065113007571,2018
"Portage",2018-04-11,2018,0.0300120688284597,0.0131631880826578,0.23114558273147,2018
"Portage",2018-04-12,2018,0.0263188162468776,0.0114213730882677,0.213530018606743,2018
"Portage",2018-04-13,2018,0.031284630633081,0.00844188445654566,0.224951391695011,2018
"Portage",2018-04-14,2018,0.0440063096926643,0.00749043569236838,0.335196997233485,2018
"Portage",2018-04-15,2018,2.72691249068504,0.367916764616235,14.2281760568396,2018
"Portage",2018-04-16,2018,6.47108315666215,0.992062682799716,29.3792277349116,2018
"Portage",2018-04-17,2018,3.38749339296482,0.576104318531431,17.6403142334324,2018
"Portage",2018-04-18,2018,0.638032895059299,0.166788682110937,3.8070178551671,2018
"Portage",2018-04-19,2018,0.255838209144273,0.0774247211883984,1.84977757795761,2018
"Portage",2018-04-20,2018,0.135449664103463,0.0351165795823794,1.018380807889,2018
"Portage",2018-04-21,2018,0.0770411960057699,0.0302313553946692,0.703122814179241,2018
"Portage",2018-04-22,2018,0.0494092537317143,0.0153897675557799,0.466552953269958,2018
"Portage",2018-04-23,2018,0.0332847306078876,0.00542942414171217,0.413344420527739,2018
"Portage",2018-04-24,2018,0.0283814702652506,0.0080735035765483,0.377591551887797,2018
"Portage",2018-04-25,2018,0.0242271262699219,0.00815335980237757,0.35933021414764,2018
"Portage",2018-04-26,2018,0.0264880825760443,0.0119623598730522,0.329249714601152,2018
"Portage",2018-04-27,2018,0.0246304393555685,0.00645555870206433,0.308873654821847,2018
"Portage",2018-04-28,2018,0.0234982424831861,0.00663256844283479,0.311730716813235,2018
"Portage",2018-04-29,2018,0.0220184263708918,0.00490288846315403,0.296847610587326,2018
"Portage",2018-04-30,2018,0.0199552438922008,0.00275335165398303,0.270615133991475,2018
"Portage",2018-05-01,2018,0.0162232424471174,0.00421804303625053,0.202790530588968,2018
"Portage",2018-05-02,2018,0.0163181206468006,0.00319963149937267,0.208615973759098,2018
"Portage",2018-05-03,2018,0.44508196122594,0.0762731887576324,2.48259927797708,2018
"Portage",2018-05-04,2018,0.967786610339416,0.26604492475466,5.15510238256494,2018
"Portage",2018-05-05,2018,0.332879503013065,0.142448435974059,2.34515109329925,2018
"Portage",2018-05-06,2018,0.11040172152408,0.0485767574705952,0.82315523568354,2018
"Portage",2018-05-07,2018,0.0588274196942316,0.0221875043137413,0.47367268383556,2018
"Portage",2018-05-08,2018,0.0412166753233305,0.0104226075530261,0.316942020589748,2018
"Portage",2018-05-09,2018,0.0302356613676306,0.00835459064105582,0.309517691368639,2018
"Portage",2018-05-10,2018,0.0283018880558825,0.00484111243061148,0.281156914239359,2018
"Portage",2018-05-11,2018,0.0271497956311581,0.00661341175630773,0.248525052315985,2018
"Portage",2018-05-12,2018,0.0223908636731448,0.00653066857133389,0.219865841901574,2018
"Portage",2018-05-13,2018,0.173051670851757,0.0299656572903475,1.04842343444603,2018
"Portage",2018-05-14,2018,0.580403094737933,0.11728988677245,2.81268422271763,2018
"Portage",2018-05-15,2018,2.07826262667448,0.442929722309999,9.55741025441928,2018
"Portage",2018-05-16,2018,0.832877241863145,0.263671972783045,4.70260322592442,2018
"Portage",2018-05-17,2018,0.297942149768901,0.109460377116909,2.0257667052732,2018
"Portage",2018-05-18,2018,0.137907709195864,0.0538430602653877,0.880594566275857,2018
"Portage",2018-05-19,2018,0.0880797534183173,0.0253170414237142,0.607608994169141,2018
"Portage",2018-05-20,2018,0.0774933035941106,0.0210971145242931,0.525884171800671,2018
"Portage",2018-05-21,2018,0.0698915193554818,0.0233291308319624,0.476649296381806,2018
"Portage",2018-05-22,2018,0.0563941290532076,0.0271370245068067,0.389670711277427,2018
"Portage",2018-05-23,2018,0.100259491528653,0.0438635275437857,0.603645688578765,2018
"Portage",2018-05-24,2018,0.23965225250848,0.0781916247591228,1.28559216811753,2018
"Portage",2018-05-25,2018,0.134322967132909,0.0522978765476489,0.694185498174582,2018
"Portage",2018-05-26,2018,0.0926861413910225,0.0449139892203193,0.51610256704076,2018
"Portage",2018-05-27,2018,0.0717299740839484,0.0394686460270529,0.343205617626547,2018
"Portage",2018-05-28,2018,0.0766901994042372,0.0472046173228247,0.340676138508714,2018
"Portage",2018-05-29,2018,0.0564568837159687,0.0360155982326007,0.240103988217338,2018
"Portage",2018-05-30,2018,0.0443217222120855,0.0261035909960749,0.209644465187227,2018
"Portage",2018-05-31,2018,0.0434093452593817,0.0270670035146733,0.218834169925236,2018
"Portage",2018-06-01,2018,0.172563432235749,0.0597688619644247,0.734390734701342,2018
"Portage",2018-06-02,2018,0.94185884861141,0.29792427508796,4.31728861794131,2018
"Portage",2018-06-03,2018,0.432839827283924,0.160769078705457,2.91582893173488,2018
"Portage",2018-06-04,2018,0.149623872346432,0.0768533533721641,0.952981581814835,2018
"Portage",2018-06-05,2018,0.0632825114351573,0.0362765989118736,0.336566223237938,2018
"Portage",2018-06-06,2018,0.03895552573774,0.0229505422951026,0.220144017541182,2018
"Portage",2018-06-07,2018,0.0286584030444806,0.0170468087074927,0.163550541512467,2018
"Portage",2018-06-08,2018,0.0249247819663856,0.0136544457728895,0.143913523701565,2018
"Portage",2018-06-09,2018,0.0199582629664249,0.00890993882429683,0.150934363683588,2018
"Portage",2018-06-10,2018,1.11698785510955,0.233400447336324,11.4936558633779,2018
"Portage",2018-06-11,2018,2.48595047313253,0.806782354559576,16.1091265639655,2018
"Portage",2018-06-12,2018,1.61286621859674,0.56719656803304,14.0499976684832,2018
"Portage",2018-06-13,2018,3.23204585257473,0.827538846642257,18.9426175278596,2018
"Portage",2018-06-14,2018,1.00519018146159,0.436666944246518,6.66987352094191,2018
"Portage",2018-06-15,2018,0.338442526490105,0.184037871547615,1.74056156480626,2018
"Portage",2018-06-16,2018,0.147514706752191,0.0840586597135391,0.796084953757635,2018
"Portage",2018-06-17,2018,0.0759769601089109,0.0481683995461723,0.405210453914192,2018
"Portage",2018-06-18,2018,0.0526876704005104,0.0335169758692404,0.34164462903078,2018
"Portage",2018-06-19,2018,0.0401492099467505,0.0263574966062637,0.253767525464957,2018
"Portage",2018-06-20,2018,0.0432182187777094,0.0264987618783036,0.262779388626511,2018
"Portage",2018-06-21,2018,0.0417981284676499,0.0244533268586251,0.273820392614604,2018
"Portage",2018-06-22,2018,0.0326192253606772,0.0164236659158654,0.260269483472256,2018
"Portage",2018-06-23,2018,0.22440456371111,0.0446489700407117,1.78653865838224,2018
"Portage",2018-06-24,2018,0.777792259074227,0.212470080527594,6.15783822671937,2018
"Portage",2018-06-25,2018,0.306405402616267,0.120344213091912,2.2680571491247,2018
"Portage",2018-06-26,2018,0.101292729313341,0.0578029161842436,0.559312027078014,2018
"Portage",2018-06-27,2018,0.612563701102364,0.17584305044498,2.27178723082351,2018
"Portage",2018-06-28,2018,1.59987104229368,0.548487740751806,6.91343237965249,2018
"Portage",2018-06-29,2018,0.661210026948617,0.267831909650073,3.60138264225901,2018
"Portage",2018-06-30,2018,0.23449770928464,0.127203946074215,1.34172510076542,2018
"Portage",2018-07-01,2018,0.0966573249546575,0.0578786376973997,0.544059194355557,2018
"Portage",2018-07-02,2018,0.0598532253260936,0.036881838207337,0.342146049252147,2018
"Portage",2018-07-03,2018,0.0388022722455235,0.0242844152829127,0.221199347903053,2018
"Portage",2018-07-04,2018,0.0298176884013109,0.0175902909993345,0.207651240089705,2018
"Portage",2018-07-05,2018,0.0234956760254381,0.0142714476598957,0.153853167455461,2018
"Portage",2018-07-06,2018,0.0214276468805901,0.0130866836653268,0.136619225077588,2018
"Portage",2018-07-07,2018,0.0466476571181404,0.0216709588186637,0.276580203228029,2018
"Portage",2018-07-08,2018,0.0230013062911116,0.00543337943884525,0.195782772446391,2018
"Portage",2018-07-09,2018,0.0150951550061276,0.00575385636964723,0.101825821814363,2018
"Portage",2018-07-10,2018,0.0105181526892032,0.00608645363570528,0.0786483930738792,2018
"Portage",2018-07-11,2018,0.00883318779215085,0.0049852206234361,0.0742330508458532,2018
"Portage",2018-07-12,2018,0.00834639069845504,0.00340669008100206,0.0735277275816277,2018
"Portage",2018-07-13,2018,0.0114382246113151,0.00430953517537773,0.0947199918754896,2018
"Portage",2018-07-14,2018,0.0104322984387648,0.00169630868923004,0.0990644274510344,2018
"Portage",2018-07-15,2018,0.00867305183826525,0.00053086774832534,0.0839434627039444,2018
"Portage",2018-07-16,2018,0.0077338136879817,0.0021063411586935,0.0696024591731108,2018
"Portage",2018-07-17,2018,0.00670827234064699,0.00295953191499132,0.0573585471143555,2018
"Portage",2018-07-18,2018,0.0062726355881986,0.00256799175087325,0.0522859959767964,2018
"Portage",2018-07-19,2018,0.00589339607195437,0.0023467601571045,0.0478057754584352,2018
"Portage",2018-07-20,2018,0.00610408830758503,0.00201986096549364,0.0453612843945606,2018
"Portage",2018-07-21,2018,0.00780501099363772,0.00269428642714571,0.0453818870072355,2018
"Portage",2018-07-22,2018,0.00912218121019359,0.00286612410721142,0.0530232959834113,2018
"Portage",2018-07-23,2018,0.00988318657659111,0.00411799440691296,0.0549669893434742,2018
"Portage",2018-07-24,2018,0.00868480494253183,0.00409744643442527,0.0497483442092721,2018
"Portage",2018-07-25,2018,0.00741879017407229,0.0037850970275879,0.0469730541123659,2018
"Portage",2018-07-26,2018,0.00731671904228316,0.00284739312482941,0.0471802227898949,2018
"Portage",2018-07-27,2018,0.00558930948470931,0.00158459804978872,0.0367914856287309,2018
"Portage",2018-07-28,2018,0.00619354024736421,0.000648538245797299,0.0454625310303907,2018
"Portage",2018-07-29,2018,0.00521476812748653,0,0.0378286770795017,2018
"Portage",2018-07-30,2018,0.00495547026479383,0.000806704461710623,0.0385297416712264,2018
"Portage",2018-07-31,2018,0.00518454802633937,0.00240325403304273,0.0439066410980615,2018
"Portage",2018-08-01,2018,0.00615439748519992,0.00241889254393429,0.0531850170735933,2018
"Portage",2018-08-02,2018,0.0306456584976695,0.0127475638288625,0.254307460222257,2018
"Portage",2018-08-03,2018,0.0186868779646414,0.00802011929812935,0.146126573611917,2018
"Portage",2018-08-04,2018,0.0118904745903526,0.00461502438438344,0.0685195385069635,2018
"Portage",2018-08-05,2018,0.00816975185853738,0.00325203714757313,0.0456871560244421,2018
"Portage",2018-08-06,2018,0.00619424029418051,0.0027616178172286,0.0360836179259373,2018
"Portage",2018-08-07,2018,0.00770818507516218,0.00412562609156687,0.0517387190462824,2018
"Portage",2018-08-08,2018,0.0148621889836189,0.00802308944084248,0.0880981957047849,2018
"Portage",2018-08-09,2018,0.0220795476998181,0.0118540989051311,0.141321474773346,2018
"Portage",2018-08-10,2018,0.0181759644864712,0.00863609362340619,0.128537207418139,2018
"Portage",2018-08-11,2018,0.0484437224786929,0.022912571442625,0.263767340297838,2018
"Portage",2018-08-12,2018,0.0611031753358331,0.0250093845487745,0.388726112924779,2018
"Portage",2018-08-13,2018,0.0352090353052854,0.0171895963611663,0.198484797391989,2018
"Portage",2018-08-20,2018,0.0470100732469561,0.0285788110488103,0.212891433030268,2018
"Portage",2018-08-21,2018,0.0412500466137812,0.0155613948303486,0.257627536635771,2018
"Portage",2018-08-22,2018,0.329091323300289,0.126573585884726,1.77456167410386,2018
"Portage",2018-08-23,2018,0.257572537617492,0.110647357708922,1.18628478592845,2018
"Portage",2018-08-24,2018,0.0869351964462754,0.0418837586117683,0.349852571933594,2018
"Portage",2018-08-25,2018,0.0482290501539636,0.0186916414472299,0.217376867201118,2018
"Portage",2018-08-26,2018,0.15247234957607,0.0520021589613749,0.587170008466787,2018
"Portage",2018-08-27,2018,0.189019653916883,0.0946327266033811,0.856610525228009,2018
"Portage",2018-08-28,2018,0.0833626579021448,0.0473034616933101,0.357490095747802,2018
"Portage",2018-08-29,2018,0.0474219738127699,0.0282750735878957,0.179001253265103,2018
"Portage",2018-08-30,2018,0.0328064984858641,0.0271744815784196,0.124608374077209,2018
"Portage",2018-08-31,2018,0.0229803709441624,0.0136581449951154,0.0938726473473804,2018
"Portage",2018-09-01,2018,0.0182086140371357,0.0101933389585879,0.0815467116687036,2018
"Portage",2018-09-02,2018,0.0158732598152278,0.00869249942262475,0.0644000826789243,2018
"Portage",2018-09-03,2018,0.0127483985460705,0.00719297396957161,0.0549639409103436,2018
"Portage",2018-09-04,2018,0.010223401989585,0.0051627612711001,0.0536132901229626,2018
"Portage",2018-09-05,2018,0.00870214578068847,0.00479334548964669,0.0532209597149431,2018
"Portage",2018-09-06,2018,0.00857794488376849,0.00455673961514536,0.0530836676815903,2018
"Portage",2018-09-07,2018,0.00779405571765677,0.00347392197701273,0.052643279190116,2018
"Portage",2018-09-08,2018,0.00729523615172674,0.00325123467079397,0.0486349076781782,2018
"Portage",2018-09-09,2018,0.0104476839737448,0.0045078839480625,0.0592654154348216,2018
"Portage",2018-09-10,2018,0.0164336660487531,0.00822172690944171,0.0940278450516309,2018
"Portage",2018-09-11,2018,0.041948063669453,0.038484462082067,0.194764842884895,2018
"Portage",2018-09-12,2018,0.0412271075214597,0.0311407964567175,0.109681743272333,2018
"Portage",2018-09-13,2018,0.0218227798408978,0.0146595772977023,0.0779622974468716,2018
"Portage",2018-09-14,2018,0.0164360827760777,0.0102609965587437,0.069978147702423,2018
"Portage",2018-09-15,2018,0.014869978390843,0.00911360645221913,0.0641847155267398,2018
"Portage",2018-09-16,2018,0.01121309072955,0.00672922774951564,0.0547951402460559,2018
"Portage",2018-09-17,2018,0.0110005717718799,0.00666762732672896,0.0536652801251619,2018
"Portage",2018-09-18,2018,0.00937022898455201,0.00565221338857869,0.0479141758811625,2018
"Portage",2018-09-19,2018,0.00905087723384375,0.00542944045221581,0.05358857726337,2018
"Portage",2018-09-20,2018,0.00695883666261227,0.00387303673902196,0.0414667520427894,2018
"Portage",2018-09-21,2018,0.00846174331025449,0.00454660834580838,0.0439926455682385,2018
"Portage",2018-09-22,2018,0.00572362061041658,0.00320782263430148,0.0324746988034341,2018
"Portage",2018-09-23,2018,0.00512502137535402,0.00268741888958741,0.0348228926538087,2018
"Portage",2018-09-24,2018,0.00523462736177377,0.00245838761297725,0.0343553460864042,2018
"Portage",2018-09-25,2018,0.00772459254474792,0.00269015660762365,0.0543155429348776,2018
"Portage",2018-09-26,2018,0.0880950934469923,0.037132019585861,0.476735258172832,2018
"Portage",2018-09-27,2018,0.103549930126,0.0439241536858215,0.580101753850677,2018
"Portage",2018-09-28,2018,0.0494322662213022,0.0246249296674384,0.288810903506993,2018
"Portage",2018-09-29,2018,0.0300992207425678,0.0158726359384635,0.175970704601731,2018
"Portage",2018-09-30,2018,0.0190698404348943,0.0104298249508875,0.102753090256892,2018
"Portage",2018-10-01,2018,0.0163247352084474,0.00878023606828846,0.097485913219104,2019
"Portage",2018-10-02,2018,0.0124348046206212,0.00727234060844991,0.0736212259127028,2019
"Portage",2018-10-03,2018,0.0111399457051017,0.00649629663148477,0.0634391436482031,2019
"Portage",2018-10-04,2018,0.00887159413507572,0.00473792566037326,0.0570611046923214,2019
"Portage",2018-10-05,2018,0.00775696489840311,0.00418962361470541,0.055019615998999,2019
"Portage",2018-10-06,2018,0.0139482953987339,0.00572392251783899,0.0898756254994016,2019
"Portage",2018-10-07,2018,0.134579281396723,0.053725587940535,0.787754196840026,2019
"Portage",2018-10-08,2018,1.13161102350637,0.374373149037546,5.29762798811905,2019
"Portage",2018-10-09,2018,0.353326249864696,0.225095030145331,1.76011808294196,2019
"Portage",2018-10-10,2018,0.111060075430969,0.0574760781570214,0.635404832539039,2019
"Portage",2018-10-11,2018,0.0628638289619292,0.0351785758067211,0.333767463141817,2019
"Portage",2018-10-12,2018,0.0368990018590557,0.02296204120017,0.186092368683117,2019
"Portage",2018-10-13,2018,0.0274153506108103,0.0184696269492864,0.152735784598011,2019
"Portage",2018-10-14,2018,0.024897332367387,0.0165580807763758,0.12930355806279,2019
"Portage",2018-10-15,2018,0.0213465526875344,0.0137868935866607,0.119363038434848,2019
"Portage",2018-10-16,2018,0.0156590939316366,0.0109946829732768,0.0957314820501471,2019
"Portage",2018-10-17,2018,0.0124155537409356,0.00821186231683927,0.0741022813829067,2019
"Portage",2018-10-18,2018,0.00907525148738072,0.00610671128122815,0.0628482369359731,2019
"Portage",2018-10-19,2018,0.00603268035177447,0.00376155363110644,0.0526617508354901,2019
"Portage",2018-10-20,2018,0.00505630832250765,0.00234495458435138,0.0515890008557303,2019
"Portage",2018-10-21,2018,0.00440030802129432,0.00198723588058453,0.0557845500764087,2019
"Portage",2018-10-22,2018,0.00402838123780528,0.00185397091058084,0.0554360190793431,2019
"Portage",2018-10-23,2018,0.00371497817243267,0.00147318099941295,0.0512410782404506,2019
"Portage",2018-10-24,2018,0.00314221771102906,0.000985793791695391,0.0500290349285411,2019
"Portage",2018-10-25,2018,0.00325450818887484,0.00153849478019538,0.0506519819941247,2019
"Portage",2018-10-26,2018,0.00278112517958395,0.00118345752322721,0.043314545350116,2019
"Portage",2018-10-27,2018,0.00338866615895291,0.00110901801565731,0.0426355814908256,2019
"Portage",2018-10-28,2018,0.00802482650948031,0.00355645720306514,0.0616452581864624,2019
"Portage",2018-10-29,2018,0.0246095325520007,0.0131676979369147,0.155327698964576,2019
"Portage",2018-10-30,2018,0.274045428633348,0.132214899779247,1.38585254041338,2019
"Portage",2018-10-31,2018,0.184114449362212,0.109974402639174,0.717304952045397,2019
"Portage",2018-11-01,2018,0.182676180995844,0.0707695892025885,0.825180382475502,2019
"Portage",2018-11-02,2018,4.89177318113236,1.56214435805555,17.0016410083883,2019
"Portage",2018-11-03,2018,5.42090956949614,2.31936030514201,19.5377198724939,2019
"Portage",2018-11-04,2018,2.23727926545164,1.05132073037228,8.89468901309517,2019
"Portage",2018-11-05,2018,0.605702377845956,0.261369753349285,2.69959714344192,2019
"Portage",2018-11-06,2018,0.261767093528498,0.111052706345424,1.19910481732499,2019
"Portage",2018-11-07,2018,0.159223430138365,0.0796117150691824,0.871845367464948,2019
"Portage",2018-11-08,2018,0.100661512822411,0.054371912035463,0.65613672226579,2019
"Portage",2018-11-09,2018,0.0713237936117616,0.0341113795534512,0.400033451126837,2019
"Portage",2018-11-10,2018,0.0633235405070677,0.0321724439673005,0.380451916756173,2019
"Portage",2018-11-11,2018,0.083958545842187,NA,0.58922258748706,2019
"Portage",2018-11-12,2018,0.0623679918259584,NA,0.491354387052554,2019
"Portage",2018-11-13,2018,0.0462524030523432,0.0226283772271738,0.279234174983324,2019
"Portage",2018-11-14,2018,0.035698441304815,0.0179831376347943,0.217328131416237,2019
"Portage",2018-11-15,2018,0.0324338018466032,0.0158292459211509,0.230977772114754,2019
"Portage",2018-11-16,2018,0.0329962108468706,0.0189933042120813,0.267023512158084,2019
"Portage",2018-11-17,2018,0.154352848705299,0.0646695729753426,0.955401427164024,2019
"Portage",2018-11-18,2018,0.177541636080519,0.0833311460091092,0.998816375081406,2019
"Portage",2018-11-19,2018,0.262147526239636,0.0992983053938017,1.54141523295917,2019
"Portage",2018-11-20,2018,0.241676798666145,0.100825971630629,1.3779549456186,2019
"Portage",2018-11-21,2018,0.14365589195682,0.0641612235083448,1.32454864801973,2019
"Portage",2018-11-22,2018,0.0872379601701226,0.0464201989896065,0.628273382876571,2019
"Portage",2018-11-23,2018,0.0589092674325555,0.0241927176314396,0.362285946530808,2019
"Portage",2018-11-24,2018,0.0586889386251633,0.0283605324717258,0.361741485608748,2019
"Portage",2018-11-25,2018,0.199303433802639,0.0878126852316898,1.12274790403375,2019
"Portage",2018-11-26,2018,2.09383099370146,0.423519733661386,7.44383340835296,2019
"Portage",2018-11-27,2018,7.10849850037435,1.58688412997913,24.0167025051812,2019
"Portage",2018-11-28,2018,2.39305330814441,0.646816808058792,7.60980819089534,2019
"Portage",2018-11-29,2018,0.760054602674491,0.247432105855091,3.49246273814602,2019
"Portage",2018-11-30,2018,0.257800925444733,0.105764482233737,1.43310873426713,2019
"Portage",2018-12-01,2018,0.141763248026579,0.062212648414542,0.870977077803588,2019
"Portage",2018-12-02,2018,3.87487264931185,0.836859973263359,12.9326511834564,2019
"Portage",2018-12-03,2018,2.55283135436226,0.620703249985783,8.54728560701968,2019
"Portage",2018-12-04,2018,0.951301455863634,0.257292465881836,3.69874936402618,2019
"Portage",2018-12-05,2018,0.393781391238982,0.127590064626923,1.87539916910532,2019
"Portage",2018-12-06,2018,0.189277890781314,0.0864120451972228,1.21213608605419,2019
"Portage",2018-12-07,2018,0.107203557970035,0.0529507452321631,0.697908183059985,2019
"Portage",2018-12-08,2018,0.0729863689173601,0.0436225398524811,0.429714571681157,2019
"Portage",2018-12-09,2018,0.0472808308695073,0.0302207372567985,0.340227009762022,2019
"Portage",2018-12-10,2018,0.0403665210391273,0.0252566082893048,0.254181331097597,2019
"Portage",2018-12-11,2018,0.0333919640140793,0.0219994115857464,0.205065943709993,2019
"Portage",2018-12-12,2018,0.0306309301128811,0.0205498645061101,0.173704515070516,2019
"Portage",2018-12-13,2018,0.0274012302000451,0.0190768058354745,0.146717979425558,2019
"Portage",2018-12-14,2018,0.0221928378484321,0.0152005738687891,0.132244992658465,2019
"Portage",2018-12-15,2018,0.0222742843483664,0.0144917030700215,0.124789665325186,2019
"Portage",2018-12-16,2018,0.0215487279043735,0.0144567415054658,0.143203571516406,2019
"Portage",2018-12-17,2018,0.0268274837686964,0.0146221870991543,0.17897073631279,2019
"Portage",2018-12-18,2018,0.0361206297208008,0.016856293869707,0.204683568417871,2019
"Portage",2018-12-19,2018,0.0331186081282979,0.0159459965062175,0.170499501104941,2019
"Portage",2018-12-20,2018,0.0286761651829463,0.0141518737266488,0.159394788289623,2019
"Portage",2018-12-21,2018,1.18433437590299,0.286705380591899,4.15588827381342,2019
"Portage",2018-12-22,2018,5.44546258615303,1.35577864662086,14.8092744477048,2019
"Portage",2018-12-23,2018,1.11217409811196,0.378083998613745,3.85535289097373,2019
"Portage",2018-12-24,2018,0.417894626970651,0.171606919060191,1.71606919060191,2019
"Portage",2018-12-25,2018,0.186130378680803,0.0822675706876477,0.851469356617154,2019
"Portage",2018-12-26,2018,0.097940431499883,0.0519381076135743,0.488218211567599,2019
"Portage",2018-12-27,2018,0.0677396093680309,0.0362890764471594,0.321158326557361,2019
"Portage",2018-12-28,2018,0.0962755613064222,0.0449285952763303,0.470680521942508,2019
"Portage",2018-12-29,2018,0.2460435641367,0.0981624582307043,0.996922627745595,2019
"Portage",2018-12-30,2018,0.169851941489362,0.0694422302221703,0.774187026125547,2019
"Portage",2018-12-31,2018,0.0986824044657912,0.0511961346476661,0.540156319181173,2019
"Portage",2019-01-01,2019,8.81000477624734,2.04145321797698,24.6789011239884,2019
"Portage",2019-01-02,2019,6.17059993175489,1.12545533346473,15.787421712188,2019
"Portage",2019-01-03,2019,1.25624657093362,0.298429615267036,3.89948030615594,2019
"Portage",2019-01-04,2019,0.463269918010214,0.142158639100607,1.69921385089667,2019
"Portage",2019-01-05,2019,0.15859779183968,0.0758004152174942,0.893278739332317,2019
"Portage",2019-01-07,2019,0.0881376393957414,0.0394703341641798,0.542621292975521,2019
"Portage",2019-01-08,2019,0.0611854781372086,0.0255980061594444,0.318414222958943,2019
"Portage",2019-01-09,2019,0.0797706446166661,0.0289433312325957,0.415795660878021,2019
"Portage",2019-01-10,2019,0.0675008969919843,0.0290190772115073,0.336242785950726,2019
"Portage",2019-01-11,2019,0.0551527610868009,0.0229803171195004,0.287509300850638,2019
"Portage",2019-01-12,2019,0.0388428120023247,0.0183992267379433,0.231830256898086,2019
"Portage",2019-01-13,2019,0.0245964025965692,0.0117261919355737,0.137568251731974,2019
"Portage",2019-01-14,2019,0.0301247537486519,0.0158943465780191,0.20041777638221,2019
"Portage",2019-01-15,2019,0.016153270386495,0.0103842452484611,0.104996257512217,2019
"Portage",2019-01-16,2019,0.0397790650857843,0.0157940886305515,0.163817756493627,2019
"Portage",2019-01-17,2019,0.0194598906345047,0.0128760824423065,0.119771861208625,2019
"Portage",2019-01-18,2019,0.0224968493258079,0.013984527959286,0.170246427330438,2019
"Portage",2019-01-19,2019,0.0221717287946192,0.0135624936775596,0.191938769219376,2019
"Portage",2019-01-20,2019,0.0232916047125507,0.0129218334050212,0.180582621835171,2019
"Portage",2019-01-21,2019,0.0321066800166176,0.0191443557863061,0.333231442905391,2019
"Portage",2019-01-22,2019,0.0157027090338994,0.00633173751366912,0.190711933911714,2019
"Portage",2019-01-23,2019,0.151623891856087,0.00558000271133142,1.08302779897205,2019
"Portage",2019-01-24,2019,4.6952696211614,0.115317190822376,22.1520603660403,2019
"Portage",2019-01-25,2019,4.86426306608763,0.198352442548089,21.7460394513555,2019
"Portage",2019-01-26,2019,1.10296743860542,0.0671262039470776,6.66647112949415,2019
"Portage",2019-01-27,2019,0.383491233946303,0.155115849988027,1.68384796191822,2019
"Portage",2019-01-28,2019,0.176210795759019,0.0729225491787112,0.887411329236317,2019
"Portage",2019-01-29,2019,0.118611983780512,0.0295765049839626,0.75675057579656,2019
"Portage",2019-01-30,2019,0.0581096727193822,0.0230809447717172,0.340330793496693,2019
"Portage",2019-01-31,2019,0.245844143763926,0.122316544434269,0.911924336227766,2019
"Portage",2019-02-02,2019,0.0533143357172409,0.0280870542571671,0.606169698241044,2019
"Portage",2019-02-03,2019,0.050570618677759,0.0300791783956931,0.550824954371129,2019
"Portage",2019-02-04,2019,0.253883422195158,0.135882377687449,1.6309823942137,2019
"Portage",2019-02-05,2019,2.350762102278,1.07511157758212,7.92314525309656,2019
"Portage",2019-02-06,2019,2.53247111662099,0.940396440699653,8.8553998165884,2019
"Portage",2019-02-07,2019,5.87761877906494,1.38841388481849,19.7257617117175,2019
"Portage",2019-02-08,2019,4.21314597063718,1.22091165894949,22.4667760191935,2019
"Portage",2019-02-09,2019,0.961800714628524,0.307080951056095,4.2701634137423,2019
"Portage",2019-02-10,2019,0.371041628766915,0.137722875306497,2.04639990014242,2019
"Portage",2019-02-11,2019,0.212208813443428,0.0909466343328977,1.17167612023681,2019
"Portage",2019-02-12,2019,0.141911559436192,0.0627290226493314,1.04479814773313,2019
"Portage",2019-02-13,2019,2.08577562523022,0.687357876496323,7.15461671446666,2019
"Portage",2019-02-14,2019,0.801457046479047,0.277815993002191,2.92127725975031,2019
"Portage",2019-02-15,2019,0.839142138932891,0.303023550170211,4.2811788754817,2019
"Portage",2019-02-16,2019,0.857572192522717,0.305185833637978,3.56457053689158,2019
"Portage",2019-02-17,2019,0.309342663354061,0.12790129350216,1.69543575107514,2019
"Portage",2019-02-18,2019,0.156559386647071,0.0643071889238508,0.821515921330869,2019
"Portage",2019-02-19,2019,0.0781309496855761,0.0404361932583245,0.483178241476589,2019
"Portage",2019-02-20,2019,0.0551370051402831,0.0278361579349002,0.346881352727218,2019
"Portage",2019-02-21,2019,0.31105083793469,0.123167781464072,1.88718092277155,2019
"Portage",2019-02-22,2019,0.833910198291646,0.282173772200765,3.57367565128008,2019
"Portage",2019-02-23,2019,0.473564649175877,0.157187420550978,1.94632067230001,2019
"Portage",2019-02-24,2019,2.26190472113282,0.316528035541569,7.53429141533618,2019
"Portage",2019-02-25,2019,4.08368789936761,0.493386156588598,14.730227195672,2019
"Portage",2019-02-26,2019,0.699853871194644,0.12760868306683,2.8432809695828,2019
"Portage",2019-02-27,2019,0.24608028723565,0.0612417004432612,1.23262840710346,2019
"Portage",2019-02-28,2019,0.137208849784232,0.0539688142484645,0.678726443599333,2019
"Portage",2019-03-01,2019,0.0790679391882751,0.0356453824209437,0.472463341543054,2019
"Portage",2019-03-02,2019,0.0614229427597266,0.0281088043137732,0.293060311641747,2019
"Portage",2019-03-03,2019,0.0496241364619405,0.0238757637694242,0.238757637694242,2019
"Portage",2019-03-04,2019,0.0356315913464313,0.0201106280798764,0.192469814752191,2019
"Portage",2019-03-05,2019,0.0190780653325657,0.0107455506319787,0.0931281054771486,2019
"Portage",2019-03-06,2019,0.0520626480951801,0.0312463906572932,0.225326084739917,2019
"Portage",2019-03-07,2019,0.0365152868221648,0.0233566249042676,0.151982545151713,2019
"Portage",2019-03-08,2019,0.034415153712999,0.0222126306446012,0.147988045723122,2019
"Portage",2019-03-09,2019,0.0332820785199955,0.0195776932470562,0.156621545976449,2019
"Portage",2019-03-10,2019,1.00307840020625,0.238001376727144,3.66318844962597,2019
"Portage",2019-03-11,2019,3.37034866618752,0.696121204281012,NA,2019
"Portage",2019-03-12,2019,0.936772320187756,0.215428389970337,4.33488710496873,2019
"Portage",2019-03-13,2019,0.335568387401404,0.101827648590771,1.52162906700982,2019
"Portage",2019-03-14,2019,0.381006249610562,0.0915353823499708,1.99500192301218,2019
"Portage",2019-03-15,2019,4.15458180247172,0.351091419927188,15.6018958768878,2019
"Portage",2019-03-16,2019,2.12622094421533,0.279019871275977,9.294196674749,2019
"Portage",2019-03-17,2019,0.637664758836857,0.122441332020005,2.90586012724704,2019
"Portage",2019-03-18,2019,0.257439193813387,0.0674004188527175,1.39007029257898,2019
"Portage",2019-03-19,2019,0.130266371170379,0.0433081548947892,0.83311213758134,2019
"Portage",2019-03-20,2019,0.0934724854510374,0.0384005200750755,0.605978938745703,2019
"Portage",2019-03-21,2019,0.137415595204191,0.0438560410226142,0.930722648368812,2019
"Portage",2019-03-22,2019,0.822273245199121,0.110651584847783,3.8332145356443,2019
"Portage",2019-03-23,2019,0.352047468865036,0.0700999614755826,1.79983927061333,2019
"Portage",2019-03-24,2019,0.136164162025987,0.0403045919596922,0.885611709817021,2019
"Portage",2019-03-25,2019,0.0871180121826588,0.0307615881207194,0.553409929977603,2019
"Portage",2019-03-26,2019,0.0592972111306206,0.0241581230532158,0.417276670919182,2019
"Portage",2019-03-27,2019,0.039019650482807,0.0157243367617282,0.336617283269588,2019
"Portage",2019-03-28,2019,0.0305141795278145,0.0116971021523289,0.281747590973488,2019
"Portage",2019-03-29,2019,0.0284799008926269,0.00915425385834436,0.37176442058054,2019
"Portage",2019-03-30,2019,0.322820352606749,0.0437582575144699,1.9765522356536,2019
"Portage",2019-03-31,2019,4.53956177328845,0.553298387880032,17.6615360403978,2019
"Portage",2019-04-01,2019,3.7363433011528,0.522294947611315,14.4340400028139,2019
"Portage",2019-04-02,2019,0.739404061584653,0.0500080041651456,3.92205632666642,2019
"Portage",2019-04-03,2019,0.31917195676452,0.015504536414654,2.44307195219476,2019
"Portage",2019-04-04,2019,0.150427257076968,0.0350510113577401,0.943456389045839,2019
"Portage",2019-04-05,2019,0.082577111425758,0.0159620705075563,0.649124200640624,2019
"Portage",2019-04-06,2019,0.0570556096836446,0.0158978478994675,0.617366426762655,2019
"Portage",2019-04-07,2019,0.044132198237396,0.0103492592181498,0.414709601527289,2019
"Portage",2019-04-08,2019,0.0357934489011604,0.00954802475567714,0.378893567743578,2019
"Portage",2019-04-09,2019,0.0324197438235145,0.00992441137454525,0.342061378709326,2019
"Portage",2019-04-10,2019,0.0287998640425642,0.00575997280851283,0.316798504468206,2019
"Portage",2019-04-11,2019,0.0234885197919654,0.00287614528064882,0.262208578085817,2019
"Portage",2019-04-12,2019,0.0215644104536249,0.00396081008331886,0.297500846258172,2019
"Portage",2019-04-13,2019,0.0267573159820302,0.00257281884442598,0.381806316512816,2019
"Portage",2019-04-14,2019,0.030538596351766,0.000526527523306311,0.355932605755066,2019
"Portage",2019-04-15,2019,0.129146783948362,0.0116698901158159,1.23778634495087,2019
"Portage",2019-04-16,2019,0.201523253387527,0.0264292791327904,1.77406536178855,2019
"Portage",2019-04-17,2019,0.0814533503458591,0.0135755583909765,0.911825005260589,2019
"Portage",2019-04-18,2019,0.0423942610652467,0.00529928263315584,0.58557073096372,2019
"Portage",2019-04-19,2019,2.25351157246115,0.25228706998092,11.7360909922703,2019
"Portage",2019-04-20,2019,6.11637840799984,0.959101978695985,28.6216222063486,2019
"Portage",2019-04-21,2019,7.34928633364104,1.04783807765451,28.8684196990504,2019
"Portage",2019-04-22,2019,2.28415381798594,0.473170463040306,8.94938954915801,2019
"Portage",2019-04-23,2019,0.613242723679468,0.15256282393977,2.955530785343,2019
"Portage",2019-04-24,2019,0.252371069074675,0.0948628841202677,1.4999074885431,2019
"Portage",2019-04-25,2019,0.130627463701824,0.0580566505341441,0.844240459850679,2019
"Portage",2019-04-26,2019,4.6287085761655,0.583751468261205,15.4941958108764,2019
"Portage",2019-04-27,2019,11.2129596474691,1.73863868691094,30.1112062443272,2019
"Portage",2019-04-28,2019,4.45113697388401,0.835303339572063,17.3354049239956,2019
"Portage",2019-04-29,2019,2.843425187056,0.515296110498705,16.5665043359816,2019
"Portage",2019-04-30,2019,0.762273083982555,0.203631418604211,4.18789143921867,2019
"Portage",2019-05-01,2019,1.04704363923522,0.25256659939233,5.2418646856338,2019
"Portage",2019-05-02,2019,1.10178251313686,0.185973993571887,5.76065784966578,2019
"Portage",2019-05-03,2019,1.20202703162317,0.21772565101099,6.31857983038144,2019
"Portage",2019-05-04,2019,0.669991092406016,0.149718679867266,4.56982243322132,2019
"Portage",2019-05-05,2019,0.374722888235169,0.110424425745149,2.73420480268967,2019
"Portage",2019-05-06,2019,0.225481547761694,0.0823941836905829,1.56258828647,2019
"Portage",2019-05-07,2019,0.124029636631746,0.0562727055088477,0.797005257615109,2019
"Portage",2019-05-08,2019,0.0877120820452284,0.0451586957064542,0.620063629507852,2019
"Portage",2019-05-09,2019,0.0724517383358446,0.0295434272825774,0.559918288498372,2019
"Portage",2019-05-10,2019,0.304131359577548,0.0843964522827696,1.71454053961843,2019
"Portage",2019-05-11,2019,0.292775958398885,0.0772398885223189,1.68824327770211,2019
"Portage",2019-05-12,2019,0.114634786534184,0.0388939454312412,0.78402005790344,2019
"Portage",2019-05-13,2019,0.207692526867573,0.0465019798548655,1.30205543593623,2019
"Portage",2019-05-14,2019,0.926740417157378,0.150424380991493,4.16665016158953,2019
"Portage",2019-05-15,2019,0.416796469303843,0.0843399914356013,1.99081607691012,2019
"Portage",2019-05-16,2019,0.139648183466855,0.041343212210582,0.904956978387184,2019
"Portage",2019-05-17,2019,0.0777643450194253,0.0268442183454327,0.56960075801715,2019
"Portage",2019-05-18,2019,0.0625879628896374,0.020097052304012,0.474433984748284,2019
"Portage",2019-05-19,2019,0.0452772518642739,0.0121850961107819,0.427761005573239,2019
"Portage",2019-05-20,2019,0.227817717797616,0.0610839192571745,1.42191797844807,2019
"Portage",2019-05-21,2019,0.546733182360921,0.120519676053254,3.08024321227819,2019
"Portage",2019-05-22,2019,0.239430264922868,0.0665432828574305,1.67362634054632,2019
"Portage",2019-05-23,2019,0.12920538187927,0.0464433435942739,0.803469844180939,2019
"Portage",2019-05-24,2019,0.0876384450144377,0.0354971199428415,0.602662214140687,2019
"Portage",2019-05-25,2019,0.0715714066296455,0.035272646636474,0.490610448670957,2019
"Portage",2019-05-26,2019,0.0695833120010442,0.0282181173091792,0.597711030276251,2019
"Portage",2019-05-27,2019,0.0951936274257452,0.0387151116324801,0.674952424122135,2019
"Portage",2019-05-28,2019,1.56845181330692,0.239572592008695,6.17648088772416,2019
"Portage",2019-05-29,2019,2.83060784281493,0.395394805055555,10.7673075389963,2019
"Portage",2019-05-30,2019,0.759438799609502,0.169259087302998,3.53662408733105,2019
"Portage",2019-05-31,2019,0.270696653888676,0.104431196424058,1.62555401802185,2019
"Portage",2019-06-01,2019,0.435605919480064,0.0841437883096706,1.99744408248956,2019
"Portage",2019-06-02,2019,10.5428861543987,1.23348368641975,40.1222134535431,2019
"Portage",2019-06-03,2019,12.433637359428,2.16380438145523,41.0573643547191,2019
"Portage",2019-06-04,2019,5.72193253445406,1.8372463648043,23.9153425113509,2019
"Portage",2019-06-05,2019,0.84682096094232,0.348890235908236,3.72939951198998,2019
"Portage",2019-06-06,2019,4.52425534425102,0.656135460920175,15.9533297086548,2019
"Portage",2019-06-07,2019,2.88291685128131,0.606120191784865,8.75643688233364,2019
"Portage",2019-06-08,2019,0.63188367208138,0.239925755188795,2.36362501398862,2019
"Portage",2019-06-09,2019,0.29680445299469,0.136035374289233,1.21607380046436,2019
"Portage",2019-06-10,2019,0.180330276596497,0.0985342316954591,0.803748780977383,2019
"Portage",2019-06-11,2019,0.126254356707453,0.0722417976882218,0.533374020314908,2019
"Portage",2019-06-12,2019,0.0771845653327795,0.0442524841241269,0.370485913597342,2019
"Portage",2019-06-13,2019,0.0597862571165585,0.0296811205543198,0.34430099843011,2019
"Portage",2019-06-14,2019,0.0754773449166132,0.0353962720988255,0.433604333210613,2019
"Portage",2019-06-15,2019,0.516322245059057,0.139773625511549,1.84684495348047,2019
"Portage",2019-06-16,2019,0.216184308416859,0.0691789786933949,1.01390440647507,2019
"Portage",2019-06-17,2019,1.29262956869758,0.2521043869033,6.04218108422484,2019
"Portage",2019-06-18,2019,0.307057463930851,0.106446587496028,1.43702893119638,2019
"Portage",2019-06-19,2019,0.14906652068966,0.0655533494599109,0.681575236165375,2019
"Portage",2019-06-20,2019,0.242500262170347,0.0687861320579351,1.20434024433639,2019
"Portage",2019-06-21,2019,6.35985703942062,1.14130074309499,19.4600046992935,2019
"Portage",2019-06-22,2019,6.64154456152761,1.61281709679661,20.0152413866501,2019
"Portage",2019-06-23,2019,1.17614960207059,0.398530030453672,5.55511981473838,2019
"Portage",2019-06-24,2019,0.456169038309196,0.182238384651161,2.3117913323358,2019
"Portage",2019-07-01,2019,0.0160555199071205,0.0068114326878693,0.323299787220654,2019
"Portage",2019-07-02,2019,0.0121372851314573,0.00455148192429649,0.120722639611102,2019
"Portage",2019-07-03,2019,0.0136286392940277,0.00574958220216795,0.118611751355835,2019
"Portage",2019-07-04,2019,0.574418367012014,0.201520923703923,2.42494984091369,2019
"Portage",2019-07-05,2019,0.87861046962354,0.2625300118995,3.83263727973625,2019
"Portage",2019-07-06,2019,0.999379760265317,0.398870422509421,5.04868584513305,2019
"Portage",2019-07-07,2019,0.303507580676279,0.131687173433923,1.94019102192646,2019
"Portage",2019-07-08,2019,0.213336306910244,0.0976184213817387,1.05807687126833,2019
"Portage",2019-07-09,2019,0.0814374965363194,0.0505304948388006,0.452321516906545,2019
"Portage",2019-07-10,2019,0.0460553167126403,0.0302649224111636,0.276002933727894,2019
"Portage",2019-07-11,2019,0.407570823011851,0.15109032798151,2.11060131001332,2019
"Portage",2019-07-12,2019,0.323580069361807,0.176860108210056,1.68273009708539,2019
"Portage",2019-07-13,2019,0.10589111698401,0.0659003228038786,0.581274642167545,2019
"Portage",2019-07-14,2019,0.0513541100306869,0.0323464199543937,0.322463794803079,2019
"Portage",2019-07-15,2019,0.0375973772836767,0.0264128028056951,0.235564345543952,2019
"Portage",2019-07-16,2019,0.0257264024441111,0.0161051462455004,0.148711155591569,2019
"Portage",2019-07-17,2019,0.0529124073933535,0.0294399860684824,0.225971784958081,2019
"Portage",2019-07-18,2019,0.485291128584077,0.233945125731766,2.38778702709695,2019
"Portage",2019-07-19,2019,0.325124739298681,0.209659878613168,1.86414979027795,2019
"Portage",2019-07-20,2019,0.450250759829963,0.202217885116615,2.38079963180265,2019
"Portage",2019-07-21,2019,0.137808358656082,0.0997675096520596,0.797422325348477,2019
"Portage",2019-07-22,2019,0.769859394854141,0.384267167827368,3.31596064651031,2019
"Portage",2019-07-23,2019,2.22659470305487,0.854623640838777,9.72384490345659,2019
"Portage",2019-07-24,2019,0.443797916826755,0.219181828310357,2.46534271347434,2019
"Portage",2019-07-25,2019,0.171397443261922,0.155475276401525,1.03775064007765,2019
"Portage",2019-07-26,2019,0.0746876392617979,0.0494684363941778,0.418056785997856,2019
"Portage",2019-07-27,2019,0.0421804303625054,0.026930582462215,0.24172631246205,2019
"Portage",2019-07-28,2019,0.0291525134417992,0.018776195098108,0.167256369492356,2019
"Portage",2019-07-29,2019,0.0224359581380879,0.0144770249759527,0.146279702600622,2019
"Portage",2019-07-30,2019,0.0155535413228452,0.0104855334760754,0.115340868236829,2019
"Portage",2019-07-31,2019,0.0131602326193979,0.00765129803453366,0.103139497505514,2019
"Portage",2019-08-01,2019,0.0111030687165507,0.00663476057452422,0.0930220513203702,2019
"Portage",2019-08-02,2019,0.00962937882942417,0.00498871433331613,0.0827198446431257,2019
"Portage",2019-08-03,2019,0.00851355444059721,0.00456083273603422,0.0732773792922832,2019
"Portage",2019-08-04,2019,0.00842492968801021,0.00439561548939663,0.0787547775183564,2019
"Portage",2019-08-05,2019,0.00740014139662863,0.0042567185024855,0.0613949784012331,2019
"Portage",2019-08-06,2019,0.00971614173802048,0.00494506742557121,0.0771979970325284,2019
"Portage",2019-08-07,2019,0.0933962305844122,0.0405908657643578,0.548162884450776,2019
"Portage",2019-08-08,2019,0.0454166848958872,0.0261611417926491,0.276223947576439,2019
"Portage",2019-08-09,2019,0.0210825280408864,0.0132214899779247,0.0993048866820211,2019
"Portage",2019-08-10,2019,0.0212699670438954,0.0118907339273605,0.0885692985056667,2019
"Portage",2019-08-11,2019,0.0143526049746005,0.00978182495171038,0.0627815310537048,2019
"Portage",2019-08-12,2019,0.0114853661260177,0.00767605737906161,0.0542806914662214,2019
"Portage",2019-08-13,2019,0.00978572968628218,0.00635342151273544,0.0544787637758695,2019
"Portage",2019-08-14,2019,0.0174024918604051,0.0117176778526728,0.0794713794958501,2019
"Portage",2019-08-15,2019,0.0169384254107943,0.0110215781782566,0.0737865654881177,2019
"Portage",2019-08-16,2019,0.0166164952141179,0.0151328795700002,0.0677517810813735,2019
"Portage",2019-08-17,2019,0.0201465709930679,0.0141025996951475,0.0627290960465978,2019
"Portage",2019-08-18,2019,0.0174294335503203,0.0117381899420525,0.0650935987695636,2019
"Portage",2019-08-19,2019,0.164770923406258,0.0798212555657826,0.751064249261457,2019
"Portage",2019-08-20,2019,0.633368836407818,0.225520587495843,3.13435392790833,2019
"Portage",2019-08-21,2019,1.76837927556154,0.519339545515846,6.30706942640905,2019
"Portage",2019-08-22,2019,2.03150132068539,0.801866630409661,8.03454485123343,2019
"Portage",2019-08-23,2019,4.65582986375471,1.42309739606343,15.062288281107,2019
"Portage",2019-08-24,2019,1.07919506711858,0.476168924865389,5.05611430906684,2019
"Portage",2019-08-25,2019,0.329266654690234,0.225774835626609,1.79498005964012,2019
"Portage",2019-08-26,2019,0.146187834232544,0.0971090633819325,0.75715112914499,2019
"Portage",2019-08-27,2019,0.0762146644958325,0.0507183918407519,0.349088751048058,2019
"Portage",2019-08-28,2019,0.0583373657191686,0.0406734621547988,0.310667777601416,2019
"Portage",2019-08-29,2019,0.042511023883191,0.029297742166224,0.196294872513701,2019
"Portage",2019-08-30,2019,0.0315243142996195,0.0218982212211539,0.17199227917448,2019
"Portage",2019-08-31,2019,0.0238098779792791,0.016212585164038,0.137618455462183,2019
"Portage",2019-09-01,2019,0.0174866344865914,0.0112414078842373,0.101484932288254,2019
"Portage",2019-09-02,2019,0.0156189304581544,0.00951023794004892,0.103455286797569,2019
"Portage",2019-09-03,2019,0.0167496084964377,0.01036439862763,0.128074354469999,2019
"Portage",2019-09-04,2019,0.0129547378888577,0.00795466361596524,0.102436586564777,2019
"Portage",2019-09-05,2019,0.0115256901764082,0.00732930422689302,0.0800474991054787,2019
"Portage",2019-09-06,2019,0.0111505450043406,0.00704681282802196,0.0858053091412086,2019
"Portage",2019-09-07,2019,0.00828005718498494,0.00497300731830927,0.0803140681906948,2019
"Portage",2019-09-08,2019,0.00681450093826185,0.00347789521569983,0.065427903745353,2019
"Portage",2019-09-09,2019,0.00613339844573402,0.00309905196314156,0.0626280940683224,2019
"Portage",2019-09-10,2019,0.00535910874498805,0.00253852519499434,0.0537791263532134,2019
"Portage",2019-09-11,2019,0.0054244665641303,0.00275669612275474,0.052288300650961,2019
"Portage",2019-09-12,2019,0.00664325508482077,0.00362359368262951,0.0536636969189418,2019
"Portage",2019-09-13,2019,0.0103696734445076,0.00685736469717441,0.0522664992162684,2019
"Portage",2019-09-14,2019,0.0251056303841881,0.0264269793517769,0.0983670898093918,2019
"Portage",2019-09-15,2019,0.0372244512099979,0.022082301565253,0.249530007687359,2019
"Portage",2019-09-16,2019,0.0330651488215622,0.0204272674210132,0.203159904778637,2019
"Portage",2019-09-17,2019,0.0168789491592652,0.010350299012757,0.132802298102143,2019
"Portage",2019-09-18,2019,0.0106919657343649,0.0058432835990134,0.114379168321113,2019
"Portage",2019-09-19,2019,0.0077846975661924,0.00446322660461698,0.0931049828916611,2019
"Portage",2019-09-20,2019,0.00586909497102623,0.00320132452965067,0.0740750925888614,2019
"Portage",2019-09-21,2019,0.00493958220319654,0.000485860544576709,0.071016616265629,2019
"Portage",2019-09-22,2019,0.0045277256757425,0.000949361835236331,0.0709830541422857,2019
"Portage",2019-09-23,2019,0.0610894255812632,0.0386377563505425,0.312756973702365,2019
"Portage",2019-09-24,2019,0.121887963116381,0.101216905044012,0.20172101498208,2019
"Portage",2019-09-25,2019,0.0481796293279295,0.0374008982383927,0.126228031554575,2019
"Portage",2019-09-26,2019,0.0298987923806688,0.0229055155187496,0.111081615082078,2019
"Portage",2019-09-27,2019,0.0206199735749632,0.0150120309708937,0.0720404934522772,2019
"Portage",2019-09-28,2019,0.0165649996920206,0.0147532028507059,0.070314972651025,2019
"Portage",2019-09-29,2019,0.0179392754284013,0.0179392754284013,0.102466708802902,2019
"Portage",2019-09-30,2019,0.146509995977208,0.0625571397076181,0.657731053404745,2019
"Portage",2019-10-01,2019,1.769703178754,0.848560476155697,5.80657811540827,2020
"Portage",2019-10-02,2019,0.329181690014665,0.198480300586135,1.47910053787859,2020
"Portage",2019-10-03,2019,0.131573955703945,0.0936506059371058,0.606670683515647,2020
"Portage",2019-10-04,2019,0.060952906665783,0.0510014116999409,0.306319454417328,2020
"Portage",2019-10-05,2019,0.0401397358276052,0.0355449064564107,0.198531306793123,2020
"Portage",2019-10-06,2019,0.0253329872244944,0.0187089925610038,0.136187981885505,2020
"Portage",2019-10-07,2019,0.019411035782947,0.0141478444885659,0.120715396660118,2020
"Portage",2019-10-08,2019,0.0131307415977635,0.00875382773184235,0.0909867549097553,2020
"Portage",2019-10-09,2019,0.00916531237981336,0.00603286384494044,0.0763389309609771,2020
"Portage",2019-10-10,2019,0.0068919250233406,0.00415542538172007,0.0617232696943298,2020
"Portage",2019-10-11,2019,0.00601724490665325,0.00282058354999371,0.0635571493265249,2020
"Portage",2019-10-12,2019,0.00673842198041841,0.00326052676471859,0.0690144831865434,2020
"Portage",2019-10-13,2019,0.00741489522580268,0.00328200280486348,0.0775525107223297,2020
"Portage",2019-10-14,2019,0.00845411244112577,0.0040198475823,0.0982583362642607,2020
"Portage",2019-10-15,2019,0.00567570296039814,0.00324325883451322,0.0506759192892691,2020
"Portage",2019-10-16,2019,0.0044871908120924,0.00238095839008984,0.0440477302166621,2020
"Portage",2019-10-17,2019,0.00529359434501083,0.00269869515628003,0.0578143539249222,2020
"Portage",2019-10-18,2019,0.00876375838198454,0.00595239597522461,0.0679488894402563,2020
"Portage",2019-10-19,2019,0.00637233158444744,0.00393044074106338,0.0667338661993315,2020
"Portage",2019-10-20,2019,0.00448390897565467,0.00255597417179012,0.0483444257635732,2020
"Portage",2019-10-21,2019,0.00397340831633163,0.00223504217793654,0.0440235580502653,2020
"Portage",2019-10-22,2019,0.00410435018130165,0.00257368493216935,0.0433462725417996,2020
"Portage",2019-10-23,2019,0.00484335838696292,0.00295142151705553,0.052974232357407,2020
"Portage",2019-10-24,2019,0.00501701216005661,0.00299414117266843,0.0537484854410723,2020
"Portage",2019-10-25,2019,0.00455813147197362,0.00257368493216935,0.0478840854485193,2020
"Portage",2019-10-26,2019,0.00860798393832522,0.00699125599051794,0.0443195692256048,2020
"Portage",2019-10-27,2019,0.0207315863513826,0.0123041122248043,0.125569364486017,2020
"Portage",2019-10-28,2019,0.278050802274716,0.162099621632107,1.60810559034635,2020
"Portage",2019-10-29,2019,0.0966457037208128,0.0745692739368708,0.623536494564229,2020
"Portage",2019-10-30,2019,0.0451109874833025,0.0283915305838967,0.292748226465068,2020
"Portage",2019-10-31,2019,2.61576792766073,0.942619073030893,11.1595624701602,2020
"Portage",2019-11-01,2019,4.01885427262822,1.4799338197623,14.4472251421161,2020
"Portage",2019-11-02,2019,1.6507823221505,0.734187717862514,7.06598676290662,2020
"Portage",2019-11-03,2019,0.446138482254577,0.242669467335125,2.40429441482801,2020
"Portage",2019-11-04,2019,0.216357323715288,0.130700638057995,1.3151370579086,2020
"Portage",2019-11-05,2019,0.0945264212648466,0.0592964820511078,0.56396898576726,2020
"Portage",2019-11-06,2019,0.0619733635398175,0.0422590804265903,0.331716400998382,2020
"Portage",2019-11-07,2019,0.0450914148789326,0.0296533372424167,0.235010340258844,2020
"Portage",2019-11-08,2019,0.0553862891692651,0.047860471101347,0.181614783126619,2020
"Portage",2019-11-09,2019,0.039467486350244,0.0321500431215992,0.170480858199279,2020
"Portage",2019-11-10,2019,0.0280826318272098,0.0182502322444377,0.163718728901817,2020
"Portage",2019-11-11,2019,0.0318305433530704,0.0221251063616949,0.139525003281253,2020
"Portage",2019-11-12,2019,0.0263088687153642,0.0164733654068542,0.13518303874701,2020
"Portage",2019-11-13,2019,0.0234328411149991,0.0155904743379761,0.120274759705305,2020
"Portage",2019-11-14,2019,0.0312318354900535,0.0219554818538683,0.129175391756224,2020
"Portage",2019-11-15,2019,0.0207612990327615,0.0125330676575726,0.112252692933041,2020
"Portage",2019-11-16,2019,0.0187927192693473,0.0111143865750276,0.116710656953658,2020
"Portage",2019-11-17,2019,0.0223772448103666,0.0121580749071615,0.136179563219051,2020
"Portage",2019-11-18,2019,0.0252644634278586,0.0150835492672614,0.161141621482301,2020
"Portage",2019-11-19,2019,0.0216905950339978,0.0135909424580113,0.186017444753589,2020
"Portage",2019-11-20,2019,0.0196137410911545,0.0116786549727103,0.161901353868257,2020
"Portage",2019-11-21,2019,0.0167628836153516,0.0100416635075988,0.13817328986456,2020
"Portage",2019-11-22,2019,0.0145182552651098,0.00820187148093864,0.108886914488323,2020
"Portage",2019-11-23,2019,0.0142396363060133,0.00840940469822399,0.0999158651000325,2020
"Portage",2019-11-24,2019,0.013148068245782,0.00752474059604754,0.098711650829871,2020
"Portage",2019-11-25,2019,0.00799178648535856,0.00298959249941286,0.0846074217154097,2020
"Portage",2019-11-26,2019,0.00663584881132719,0.00218681381282373,0.0859644050558295,2020
"Portage",2019-11-27,2019,0.00731060260341756,0.00205437187083379,0.106790321573973,2020
"Portage",2019-11-28,2019,0.00855644682444368,0.00269042915613951,0.114453502625935,2020
"Portage",2019-11-29,2019,0.00911159781369567,0.00251960582629526,0.176079430419006,2020
"Portage",2019-11-30,2019,0.00934139340050647,0.00209208289698843,0.150338050039401,2020
"Portage",2019-12-01,2019,0.00955005595706397,0.00178744362832748,0.17440342830681,2020
"Portage",2019-12-02,2019,0.0141360786349223,0.00308350723764594,0.249283539666831,2020
"Portage",2019-12-03,2019,0.0146422237373529,0.00421452730719059,0.228974834112313,2020
"Portage",2019-12-04,2019,0.0132479276732773,0.00464839567483415,0.235518714191597,2020
"Portage",2019-12-05,2019,0.0108267818332649,0.00246985960571357,0.166123433754159,2020
"Portage",2019-12-06,2019,0.00772931932870326,0.0022359816629463,0.12946609875578,2020
"Portage",2019-12-07,2019,0.00542637146785061,0.00176241124596857,0.103657608808941,2020
"Portage",2019-12-08,2019,0.00783367800862813,0.00149030947481218,0.179601398246596,2020
"Portage",2019-12-09,2019,0.00514292307736255,0.000917209211249372,0.0981413856036828,2020
"Portage",2019-12-10,2019,0.0545826111215051,0.00512263987871731,0.636797129750893,2020
"Portage",2019-12-11,2019,0.208172023053629,0.0536468816052125,1.8737694317367,2020
"Portage",2019-12-12,2019,0.0682118082347574,0.0246621176157412,0.550386283375688,2020
"Portage",2019-12-13,2019,0.0315896623324595,0.0118880671600151,0.357600729894003,2020
"Portage",2019-12-14,2019,0.0187839091508052,0.00500338889344248,0.228544628268263,2020
"Portage",2019-12-15,2019,0.0211612466090867,0.00902984549181805,0.259117305417388,2020
"Portage",2019-12-16,2019,0.0180837359281046,0.0090598796532237,0.213978867356456,2020
"Portage",2019-12-17,2019,0.00827502800429209,0.00239056364568438,0.151708846745355,2020
"Portage",2019-12-19,2019,0.0059267446092525,0.000728200702843311,0.104779990020232,2020
"Portage",2019-12-21,2019,0.00506396365739184,0,0.115421874353165,2020
"Portage",2019-12-23,2019,0.00397035466383985,-0.000411435716460088,0.105738979130243,2020
"Portage",2019-12-25,2019,0.00437809213670424,-0.000433474468980618,0.0908129012514395,2020
"Portage",2019-12-27,2019,0.0047682191587868,0.000541843086225773,0.0986154416930907,2020
"Portage",2019-12-29,2019,0.0824909601610483,0.0084186591148852,0.308188369011345,2020
"Portage",2019-12-30,2019,2.67293259344935,0.241900630969719,9.83790902624461,2020
"Portage",2019-12-31,2019,4.9476891025293,1.06368859790924,19.2201766304295,2020
"Portage",2020-01-01,2020,0.883841587943561,0.197994533011429,3.48930946925325,2020
"Portage",2020-01-02,2020,0.362570348705181,0.094631650925666,4.97961542099665,2020
"Portage",2020-01-03,2020,0.178342057736227,0.054054449285734,1.18393039734879,2020
"Portage",2020-01-04,2020,0.127314558201236,0.0477844388730965,0.774284889147397,2020
"Portage",2020-01-05,2020,0.150123049873549,0.0702535146733035,0.902774632999938,2020
"Portage",2020-01-06,2020,0.109065362815515,0.0437551075484541,0.722189564589221,2020
"Portage",2020-01-07,2020,0.0673871508016885,0.0310205986467063,0.443151409238661,2020
"Portage",2020-01-08,2020,0.0459069832838473,0.0218878966723488,0.306430553412883,2020
"Portage",2020-01-09,2020,0.0283666709297714,0.0145861506724086,0.181054835381351,2020
"Portage",2020-01-10,2020,0.588575651748245,0.109242061841191,2.60244247045497,2020
"Portage",2020-01-11,2020,8.00938598635562,1.23598449982743,23.1327787911334,2020
"Portage",2020-01-12,2020,14.034710061767,2.21107581747464,37.9807444447092,2020
"Portage",2020-01-13,2020,15.0551935988876,2.50173481827597,39.6233646510353,2020
"Portage",2020-01-14,2020,3.83549655723771,1.01195130521651,10.4417468688668,2020
"Portage",2020-01-15,2020,1.22896622603131,0.273770225583029,3.88077978363947,2020
"Portage",2020-01-16,2020,0.45448186268648,0.134493385799158,1.82850558221327,2020
"Portage",2020-01-17,2020,0.227416536749647,0.0817400009231587,1.09939651480115,2020
"Portage",2020-01-18,2020,0.152204439767455,0.0667453895701543,0.733991355709173,2020
"Portage",2020-01-19,2020,2.99092598094858,0.878461054536514,9.98707991784708,2020
"Portage",2020-01-20,2020,0.97821617500185,0.272711907680574,3.33964248280886,2020
"Portage",2020-01-21,2020,0.282890680000202,0.105757592676998,1.30419857087273,2020
"Portage",2020-01-22,2020,0.124989672876091,0.0589625195958949,0.578756528752333,2020
"Portage",2020-01-23,2020,0.0837519251975804,0.0409163850873605,0.439102669230211,2020
"Portage",2020-01-24,2020,0.0620257789743202,0.0302595399449619,0.322056929289739,2020
"Portage",2020-01-25,2020,0.580146624046195,0.155477282593473,2.75230011581326,2020
"Portage",2020-01-26,2020,1.14100288067749,0.275444967708819,3.75656995671875,2020
"Portage",2020-01-27,2020,0.777870807741348,0.229762867940505,2.74187243025677,2020
"Portage",2020-01-28,2020,0.534852405180508,0.246305056577658,2.29191512628991,2020
"Portage",2020-01-29,2020,0.373472536443357,0.101679312715402,1.87797269745665,2020
"Portage",2020-01-30,2020,0.254648772190411,0.150224455536789,1.20912366651562,2020
"Portage",2020-02-10,2020,0.409428056566844,0.105278408837087,1.1285239508436,2020
"Portage",2020-02-11,2020,2.42291879175822,0.403378327661138,7.24453853946762,2020
"Portage",2020-02-12,2020,0.885464621695181,0.19215404340169,3.3997613790551,2020
"Portage",2020-02-13,2020,0.260688985548292,0.0755597945125215,1.37577304061495,2020
"Portage",2020-02-14,2020,0.129743858477544,0.0473143244887354,0.64415887556953,2020
"Portage",2020-02-15,2020,0.0958157274325064,0.05063628476542,0.446979565995863,2020
"Portage",2020-02-16,2020,0.102477263329809,0.0548297152516754,0.426550660184759,2020
"Portage",2020-02-17,2020,0.0561767997474351,0.0243840398391556,0.332313463294687,2020
"Portage",2020-02-18,2020,0.396900366482322,0.0820173471736561,1.30834970006779,2020
"Portage",2020-02-19,2020,1.39984443528347,0.169837740477525,3.89991046850531,2020
"Portage",2020-02-20,2020,0.483105945169198,0.0758909996770938,1.43219229599902,2020
"Portage",2020-02-21,2020,0.173024024548084,0.0480372875626493,0.647381015563928,2020
"Portage",2020-02-22,2020,0.090896153324127,0.0359140164159208,0.491756791643148,2020
"Portage",2020-02-23,2020,0.0617870421325181,0.0206172921281645,0.258688665381686,2020
"Portage",2020-02-24,2020,0.041024423416907,0.0141094011751661,0.231108419248923,2020
"Portage",2020-02-25,2020,0.0518894207602042,0.00950788188779789,0.308850803806245,2020
"Portage",2020-02-27,2020,0.959419707306923,0.0932732461248537,3.33722690809321,2020
"Portage",2020-02-28,2020,0.480534838927654,0.0548306938818939,1.83223064027695,2020
"Portage",2020-02-29,2020,0.199553221826183,0.0289728369336833,0.935440820378225,2020
"Portage",2020-03-01,2020,0.120011625612156,0.0321680645970728,0.621471780529246,2020
"Portage",2020-03-02,2020,0.541657472694331,0.129766693182642,2.11171112017577,2020
"Portage",2020-03-03,2020,4.06419013302523,0.497358226356264,10.7728837739813,2020
"Portage",2020-03-04,2020,1.65905101352413,0.266107905725659,4.21181650148535,2020
"Portage",2020-03-05,2020,0.531546673039422,0.109139533199775,1.96521914724392,2020
"Portage",2020-03-06,2020,0.216021366485479,0.0644530755052558,1.07218726738422,2020
"Portage",2020-03-07,2020,0.106132202538337,0.020989171611193,0.498264682596146,2020
"Portage",2020-03-08,2020,0.0649198821194784,0.0318629766264566,0.369371743093584,2020
"Portage",2020-03-09,2020,0.0796125469048681,0.0520621489937687,0.334926405978071,2020
"Portage",2020-03-10,2020,0.0448900127799661,0.0233968466062477,0.324853854454201,2020
"Portage",2020-03-11,2020,0.0415169190743651,0.0238736841802099,0.286484210162519,2020
"Portage",2020-03-12,2020,0.0261000679272883,0.0133583024824704,0.238394321225626,2020
"Portage",2020-03-13,2020,0.02817794453871,0.0138185033427181,0.232111515222881,2020
"Portage",2020-03-14,2020,0.0440346899690006,0.0278799516371779,0.257433572126465,2020
"Portage",2020-03-15,2020,0.0253954541699712,0.0124860983002358,0.223479996695747,2020
"Portage",2020-03-16,2020,0.0190711787117181,0.00581930226550915,0.211453854598204,2020
"Portage",2020-04-13,2020,0.0266728112626631,0.011437740678672,0.220977149911943,2020
"Portage",2020-04-20,2020,0.0260266706609011,0.00918199802503872,0.347462659077005,2020
"Portage",2020-04-27,2020,0.00960036244344576,0.00184961111295744,0.176740617460378,2020
"Portage",2020-05-03,2020,0.0159360144779889,0.000548522237467008,0.291294177686427,2020
"Portage",2020-05-04,2020,0.0115285086314375,0.00149290039831565,0.201818016809338,2020
"Portage",2020-05-11,2020,0.0058350826777824,-0.00051867401580288,0.160010933875188,2020
"Portage",2020-05-14,2020,0.00697934606075885,-0.00081470965689792,0.166472339892808,2020
"Portage",2020-05-15,2020,0.0159859246191322,-0.0013211507949696,0.344820357487066,2020
"Portage",2020-05-16,2020,4.59943969815389,0.562898315376714,25.3121482726217,2020
"Portage",2020-05-17,2020,0.980293889867443,0.242480102387846,6.30707603216302,2020
"Portage",2020-05-18,2020,0.293434197316723,0.118244097108775,1.90238007762652,2020
"Portage",2020-05-19,2020,11.9545088121244,1.59500088901134,35.9903495729635,2020
"Portage",2020-05-20,2020,14.8436551952259,3.27808094426286,41.5893377105338,2020
"Portage",2020-05-21,2020,8.11362741550664,2.37079042211967,24.858773358148,2020
"Portage",2020-05-22,2020,1.32208294025272,0.51229090020274,6.48266675911667,2020
"Portage",2020-05-23,2020,0.600295935203875,0.307831560433682,2.89293368204712,2020
"Portage",2020-05-24,2020,0.281378696312625,0.165454319808018,1.2124200845436,2020
"Portage",2020-05-25,2020,0.148087303293033,0.0916504325650328,0.679526571665975,2020
"Portage",2020-05-27,2020,0.0781494947282166,0.0448085418142764,0.347744015264822,2020
"Portage",2020-05-29,2020,0.0500584036213981,0.0316679845554213,0.258417095496054,2020
"Portage",2020-05-31,2020,0.029328324360552,0.019113871455,0.2033715922812,2020
"Portage",2020-06-01,2020,0.0333032022532617,0.0278241697147236,0.293195656200965,2020
"Portage",2020-06-02,2020,0.0108128852841623,0.0088759314242041,0.105574627971348,2020
"Portage",2020-06-03,2020,0.00988206115183983,0.00769952003855006,0.0913433873339796,2020
"Portage",2020-06-04,2020,0.00965497000963784,0.00649411673267307,0.0900364266771782,2020
"Portage",2020-06-05,2020,0.00824875178292547,0.00846630128049713,0.113850903729169,2020
"Portage",2020-06-06,2020,0.0263088586844044,0.0265318151139333,0.116451858192377,2020
"Portage",2020-06-07,2020,0.0136104954897768,0.0114244313077005,0.0938809754905398,2020
"Portage",2020-06-08,2020,0.00779405571765677,0.00722375895782822,0.0800950116025866,2020
"Portage",2020-06-09,2020,0.0115967680891776,0.0116663486977127,0.0738714127280613,2020
"Portage",2020-06-10,2020,0.00833244913236234,0.0074129281790635,0.0820757591648225,2020
"Portage",2020-06-11,2020,0.0142987661224451,0.0118152962169678,0.144116511181486,2020
"Portage",2020-06-12,2020,0.0147907724647939,0.011500862327765,0.187994864973082,2020
"Portage",2020-06-13,2020,0.00727161397551268,0.00489823996961618,0.130451408125517,2020
"Portage",2020-06-14,2020,0.0222861013082548,0.0135205104411861,0.39982671549318,2020
"Portage",2020-06-15,2020,0.0690587539710526,0.0650578689802863,0.277645956001727,2020
"Portage",2020-06-16,2020,0.0137124687585441,0.0092254736724954,0.107740825959989,2020
"Portage",2020-06-17,2020,0.010437311472059,0.00664389608761388,0.0829132219743005,2020
"Portage",2020-06-18,2020,0.0104000990580007,0.00658578991839068,0.0759103887882977,2020
"Portage",2020-06-19,2020,0.0115292426041014,0.00750854035141056,0.0687879180580838,2020
"Portage",2020-06-20,2020,0.0114474291178351,0.00802579535339662,0.0596161956503393,2020
"Portage",2020-06-21,2020,0.0126968952492999,0.00842771878413293,0.0582456240293357,2020
"Portage",2020-06-22,2020,0.0138053978530421,0.00980676371177839,0.0575035776661611,2020
"Portage",2020-06-23,2020,0.0187967463326964,0.0148989111039377,0.0690873789049436,2020
"Portage",2020-06-24,2020,0.0265452223479267,0.0211326877327354,0.0871387026002116,2020
"Portage",2020-06-25,2020,0.0431682352392997,0.0314202687813645,0.170123853895572,2020
"Portage",2020-06-26,2020,0.0574155988095183,0.0491123128576671,0.119910582042096,2020
"Portage",2020-06-27,2020,0.0249825211492768,0.0193319591991918,0.0488473487260093,2020
"Portage",2020-06-28,2020,0.0194985220623799,0.0148191772068858,0.0556564131287499,2020
"Portage",2020-06-29,2020,0.016750030938482,0.0127254630964281,0.04881546169139,2020
"Portage",2020-06-30,2020,0.0126872312758922,0.00992162227842253,0.0340323551633076,2020
"Portage",2020-07-01,2020,0.0185074877058644,0.0150026214413428,0.0350141659300138,2020
"Portage",2020-07-02,2020,0.0189933042120813,0.0157137186238575,0.0274261118733504,2020
"Portage",2020-07-03,2020,0.0129203727994201,0.0103829632428748,0.0212236024800337,2020
"Portage",2020-07-04,2020,0.0105840570733225,0.00854563149258397,0.0187889662224593,2020
"Portage",2020-07-05,2020,0.0118369386242498,0.00931258644139482,0.024118928912965,2020
"Portage",2020-07-06,2020,0.0107048401585727,0.00851855415364682,0.0221001670035751,2020
"Portage",2020-07-07,2020,0.00727995679812536,0.00584489344572282,0.0156362111105526,2020
"Portage",2020-07-08,2020,0.00616572268340346,0.00482742628700581,0.014571412501318,2020
"Portage",2020-07-09,2020,0.0162584731349833,0.0102515674565885,0.0776914957859604,2020
"Portage",2020-07-10,2020,0.0250688363345482,0.0191170520032101,0.0668502302254618,2020
"Portage",2020-07-11,2020,0.030328117457523,0.0206404856643428,0.140414842380025,2020
"Portage",2020-07-12,2020,0.0377581961311656,0.0278100774395773,0.112629573216486,2020
"Portage",2020-07-13,2020,0.0203235345207447,0.0137761830226027,0.0721854503349746,2020
"Portage",2020-07-14,2020,0.0105926934850007,0.00716083303477893,0.0326392750472786,2020
"Portage",2020-07-15,2020,0.00767280343358511,0.0052811535083582,0.0267148923620584,2020
"Portage",2020-07-16,2020,0.00667247208999397,0.00448090311293856,0.0237352080042927,2020
"Portage",2020-07-17,2020,0.00666975639113764,0.00454064848777774,0.0260435520321702,2020
"Portage",2020-07-18,2020,0.00618047553394728,0.00424234731772688,0.0236643062449627,2020
"Portage",2020-07-19,2020,0.00546140496172744,0.00355493543307538,0.0224916136541389,2020
"Portage",2020-07-20,2020,0.0054288263617537,0.00356523687533368,0.0195962491633658,2020
"Portage",2020-07-21,2020,0.00483476356706898,0.00330276689152442,0.0171788748554788,2020
"Portage",2020-07-22,2020,0.00529054346530467,0.0037099162076275,0.0201577273775588,2020
"Portage",2020-07-23,2020,0.00538342036619103,0.00377699396937876,0.0206565107341707,2020
"Portage",2020-07-24,2020,0.00820581438208896,0.00610410812484695,0.0290065996762214,2020
"Portage",2020-07-25,2020,0.0079335716881811,0.00571637483227884,0.0253453972342951,2020
"Portage",2020-07-26,2020,0.00704468920044783,0.00537044862264487,0.020661232624975,2020
"Portage",2020-07-27,2020,0.00642482047058482,0.00456636254045218,0.0186491090905672,2020
"Portage",2020-07-28,2020,0.0103345308333615,0.00689185651922531,0.0382989382583956,2020
"Portage",2020-07-29,2020,0.0217887369654597,0.00843200029133885,0.111436867637694,2020
"Portage",2020-07-30,2020,0.0131289115592549,0.00787993051932979,0.0617907119958375,2020
"Portage",2020-07-31,2020,0.0062666145657793,0.00373269137938744,0.0326131945519557,2020
"Portage",2020-08-01,2020,0.00723423030116613,0.00371165082968978,0.031939554441054,2020
"Portage",2020-08-02,2020,0.0446570987879641,0.0335895249894382,0.079544287447128,2020
"Portage",2020-08-03,2020,0.0881684295489908,0.0545763907031788,0.378515207553769,2020
"Portage",2020-08-10,2020,0.00615843433485121,0.00441522723897529,0.0159962247021818,2020
"Portage",2020-08-11,2020,0.00533733177605097,0.00374772313954354,0.0163376443196596,2020
"Portage",2020-08-12,2020,0.00492075580436823,0.00359811993804206,0.0165458478986446,2020
"Portage",2020-08-13,2020,0.00464406523611731,0.00333962455212852,0.0130604319097157,2020
"Portage",2020-08-14,2020,0.00505835121308876,0.00351384275020073,0.0159610674115824,2020
"Portage",2020-08-15,2020,0.00721178052395383,0.00498837670589075,0.0253874783336905,2020
"Portage",2020-08-16,2020,0.0602170012072295,0.0388629473190703,0.19887527574232,2020
"Portage",2020-08-17,2020,0.0403743030522564,0.0268876042851193,0.151167705010786,2020
"Portage",2020-08-18,2020,0.0972880521304782,0.0762161862658223,0.159732268920472,2020
"Portage",2020-08-19,2020,0.0292884451791483,0.019582390672105,0.0825298435862047,2020
"Portage",2020-08-20,2020,0.0224678818713404,0.0143058611915292,0.0637602053105606,2020
"Portage",2020-08-21,2020,0.0136179330794374,0.00929869967859437,0.0363380079580842,2020
"Portage",2020-08-22,2020,0.00943793429293089,0.00662004197603804,0.0291267265355418,2020
"Portage",2020-08-23,2020,0.00822783356200512,0.0055545093941396,0.0266466329043183,2020
"Portage",2020-08-24,2020,0.00686958778860343,0.00432051051327816,0.0214470237589163,2020
"Portage",2020-08-25,2020,0.00578046287871259,0.00381687804393356,0.0174497107684476,2020
"Portage",2020-08-26,2020,0.00593605285057573,0.00431909883918798,0.0188874408881955,2020
"Portage",2020-08-27,2020,0.00604634447620022,0.00431122086592909,0.019950967278146,2020
"Portage",2020-08-28,2020,0.00615212216994191,0.00436853189809976,0.0208701457108684,2020
"Portage",2020-08-29,2020,0.00753361775075952,0.00520552985822392,0.0261876553318437,2020
"Portage",2020-08-30,2020,0.155423849383543,0.0661235972882285,0.781460695224518,2020
"Portage",2020-08-31,2020,0.357764590650421,0.282248263630105,0.813507029096079,2020
"Portage",2020-09-01,2020,0.0549940027996054,0.0392007460047396,0.180733428751841,2020
"Portage",2020-09-02,2020,0.0264182206113214,0.017418198875412,0.103741653572105,2020
"Portage",2020-09-03,2020,0.024982056299923,0.0168631442812365,0.0864172074716254,2020
"Portage",2020-09-04,2020,0.0191546314036004,0.0122303332926319,0.0660531359124968,2020
"Portage",2020-09-05,2020,0.0109852220656395,0.00714904054064605,0.0482366834696678,2020
"Portage",2020-09-06,2020,0.0193609755851702,0.0149616413009433,0.0689511046470181,2020
"Portage",2020-09-07,2020,0.0298005623724873,0.0227770311573633,0.079311781217717,2020
"Portage",2020-09-08,2020,0.0233814331803064,0.0153238812763196,0.0753276144931834,2020
"Portage",2020-09-09,2020,0.0483436966840604,0.0299693516194223,0.155067627984011,2020
"Portage",2020-09-10,2020,0.117238921545602,0.0935365955166511,0.116789730275313,2020
"Portage",2020-09-11,2020,0.048935058459342,0.0373813990312892,0.0833467551610942,2020
"Portage",2020-09-12,2020,0.0341235634996715,0.0266001969004507,0.0558611915019702,2020
"Portage",2020-09-13,2020,0.0278916951997999,0.0204928103643718,0.0648083182745699,2020
"Portage",2020-09-14,2020,0.03713743467307,0.0285854543169435,0.0583274212050983,2020
"Portage",2020-09-15,2020,0.0299028292303201,0.0221983671091666,0.0758550961809527,2020
"Portage",2020-09-16,2020,0.0507940888881525,0.0430562065450374,0.0659900142634038,2020
"Portage",2020-09-17,2020,0.0142707772981961,0.0104300451426867,0.0295335920488815,2020
"Portage",2020-09-18,2020,0.00910713281332378,0.00638189231236704,0.0199046046715448,2020
"Portage",2020-09-19,2020,0.00640435187588152,0.00451637845835904,0.0150121875517286,2020
"Portage",2020-09-20,2020,0.00606562349150459,0.00418492129650554,0.0149786205352342,2020
"Portage",2020-09-21,2020,0.00520107573152113,0.00353352246021123,0.0166468805950353,2020
"Portage",2020-09-22,2020,0.00441166502497997,0.00303695869130318,0.0156574718520494,2020
"Portage",2020-09-23,2020,0.00433288529239104,0.00302711122472956,0.0172724563701225,2020
"Portage",2020-09-24,2020,0.00472441567020692,0.00313139650738804,0.0184100895333686,2020
"Portage",2020-09-25,2020,0.00452983462386336,0.00302908071804428,0.0176466600999199,2020
"Portage",2020-09-26,2020,0.00404945440851023,0.00261623088091847,0.0166504145374909,2020
"Portage",2020-09-27,2020,0.00517312741168952,0.00350777279627051,0.0212954828695822,2020
"Portage",2020-09-28,2020,0.00449361769421064,0.00289701076427406,0.017154822299442,2020
"Portage",2020-09-29,2020,0.00397218176645778,0.00272478054475404,0.0152889441775193,2020
"Raisin",2010-10-01,2010,0.0351323355288971,0.0089055349883136,0.359026643053863,2011
"Raisin",2010-10-04,2010,0.0303164962236783,0.0142185184445284,0.250213238374402,2011
"Raisin",2010-10-05,2010,0.0300133655134992,0.013272672338352,0.247513931574235,2011
"Raisin",2010-10-06,2010,0.0349693935975176,0.015780412273248,0.257283841703035,2011
"Raisin",2010-10-07,2010,0.0266016159142675,0.0116559752173966,0.207411377823152,2011
"Raisin",2010-10-08,2010,0.0256435369303599,0.0114543773923864,0.195081126385211,2011
"Raisin",2010-10-11,2010,0.0241941855767674,0.00723697046577792,0.189048115745738,2011
"Raisin",2010-10-12,2010,0.0190324004893102,0.00640244354695546,0.165693839553995,2011
"Raisin",2010-10-13,2010,0.0179128475193508,0.00556277881948589,0.156702429764008,2011
"Raisin",2010-10-14,2010,0.0184594124963808,0.0056515895118144,0.179639809482672,2011
"Raisin",2010-10-15,2010,0.0219120199072347,0.00506661329870842,0.206432013631992,2011
"Raisin",2010-10-18,2010,0.0197781167158042,0.00568094841836928,0.188355000893488,2011
"Raisin",2010-10-19,2010,0.0206295250058957,0.00602836214593536,0.183199576902451,2011
"Raisin",2010-10-20,2010,0.0147895491770208,0.0041836441840704,0.170575247083853,2011
"Raisin",2010-10-21,2010,0.0143594411959918,0.00282188023503322,0.166240893846134,2011
"Raisin",2010-10-22,2010,0.0145380412108673,0.00317908026478426,0.163490453617051,2011
"Raisin",2010-10-25,2010,0.0204533715665664,0.00238002869138227,0.200443041352351,2011
"Raisin",2010-10-26,2010,0.017466347482162,0.0026841380317799,0.218932302070396,2011
"Raisin",2010-10-27,2010,0.0239138080191683,0.00449386996333363,0.228986748935224,2011
"Raisin",2010-10-28,2010,0.0188038903332914,0.00377702332828531,0.204040486035542,2011
"Raisin",2010-10-29,2010,0.0200423468747981,0.0023487125243904,0.178384716227451,2011
"Raisin",2010-11-01,2010,0.0141813304962255,0.00366105564739354,0.168113992084335,2011
"Raisin",2010-11-02,2010,0.017368729117867,0.00272450652829286,0.169813383458754,2011
"Raisin",2010-11-03,2010,0.0113856286195371,0.00300512874344659,0.160160664298618,2011
"Raisin",2010-11-04,2010,0.0114531541046133,0.00202600920984134,0.157863329860699,2011
"Raisin",2010-11-05,2010,0.0107047466450185,0.00216546401597702,0.159222891891745,2011
"Raisin",2010-11-08,2010,0.0130211643721985,0.00274358981755354,0.184081812044425,2011
"Raisin",2010-11-09,2010,0.0112111877830902,0.000613111831887744,0.202107936011567,2011
"Raisin",2010-11-10,2010,0.0176402990034997,0.00179089329984768,0.244725569424186,2011
"Raisin",2010-11-11,2010,0.0103661405894189,0.00018593974151424,0.195515638202223,2011
"Raisin",2010-11-12,2010,0.0115072234241852,0.0012294042119856,0.217604545521451,2011
"Raisin",2010-11-16,2010,0.0130324186197112,0.00122769160910323,0.198413851594299,2011
"Raisin",2010-11-17,2010,0.0201607611312361,0.00192007248868915,0.228008608031837,2011
"Raisin",2010-11-18,2010,0.014691196840062,0.00190245714475622,0.226339554194192,2011
"Raisin",2010-11-19,2010,0.0129663610799628,0.00242749225697933,0.230670971541255,2011
"Raisin",2010-11-22,2010,0.0230584852082028,0.000791222531654016,0.257147322787555,2011
"Raisin",2010-11-23,2010,0.0282824133145344,-0.000777766366149696,0.312874197292037,2011
"Raisin",2010-11-24,2010,0.0394319473938593,0.000244412897069376,0.393749177178765,2011
"Raisin",2010-11-26,2010,0.0489530407896069,0.00456237407862835,0.536757144980249,2011
"Raisin",2010-11-29,2010,0.0607802762952403,0.0264494389152914,0.644137345704723,2011
"Raisin",2010-11-30,2010,0.0397172181025509,0.0279538382186744,0.660773080788936,2011
"Raisin",2010-12-01,2010,0.0573770897104205,0.0266021052293768,0.690481113674265,2011
"Raisin",2010-12-02,2010,0.0674851165797111,0.0362545797319574,0.737719594321067,2011
"Raisin",2010-12-03,2010,0.0582965128006975,0.0343601962865038,0.805341229816258,2011
"Raisin",2010-12-06,2010,0.041102469176832,0.008318356857216,0.515542399103693,2011
"Raisin",2010-12-07,2010,0.0260425734019517,0.00529390016695411,0.432733645905217,2011
"Raisin",2010-12-08,2010,0.0334268277156133,0.00853120892973888,0.428499357607339,2011
"Raisin",2010-12-09,2010,0.0192423166711776,0.0034986030311232,0.346571616263064,2011
"Raisin",2010-12-10,2010,0.0177313116138198,0.00158684889929126,0.317300786427849,2011
"Raisin",2010-12-13,2010,0.0179326647812753,0.00207714263875776,0.343213202010741,2011
"Raisin",2010-12-14,2010,0.0307172452981525,0.00602444762506138,0.380135207551712,2011
"Raisin",2010-12-15,2010,0.0201365400333283,0.00404174280238848,0.371335119969442,2011
"Raisin",2010-12-20,2010,0.232451099908699,0.0098719323290784,0.496953073445807,2011
"Raisin",2010-12-21,2010,0.0196036758793572,0.00102168994810982,0.29341658197279,2011
"Raisin",2010-12-22,2010,0.0141473230961328,0.00232644868691962,0.304639024003393,2011
"Raisin",2010-12-23,2010,0.0108128852841623,0.00118071735861542,0.270197846066309,2011
"Raisin",2010-12-24,2010,0.0105623559482273,0.00202649852495059,0.277630297918231,2011
"Raisin",2010-12-27,2010,0.0146657524543811,0.000808348560477696,0.232169254405773,2011
"Raisin",2010-12-28,2010,0.0112297817572416,0.0009908630962272,0.27111115271772,2011
"Raisin",2010-12-29,2010,0.00919178432722368,0.000216277278287616,0.244068908547575,2011
"Raisin",2011-01-03,2011,0.173428932800987,0.0529869545502474,1.77543877143719,2011
"Raisin",2011-01-04,2011,0.107602105126518,0.0220761851263874,1.04591716245647,2011
"Raisin",2011-01-05,2011,0.0675548439827789,0.0206099524015258,0.880646091156861,2011
"Raisin",2011-01-06,2011,NA,0.0100798912505088,0.870398609481435,2011
"Raisin",2011-01-07,2011,NA,0.00740333760292224,0.757317887734222,2011
"Raisin",2011-01-10,2011,0.027432228312216,0.0125766215954467,0.507200799778788,2011
"Raisin",2011-01-11,2011,0.021136210801522,0.00777423845573222,0.519335325173029,2011
"Raisin",2011-01-12,2011,0.0202463912753545,0.00937478817808243,0.510177548245898,2011
"Raisin",2011-01-14,2011,0.0181604409646303,0.00979608848714496,0.422663540956893,2011
"Raisin",2011-01-18,2011,0.0162325394341932,0.0075467069299319,0.325789914258192,2011
"Raisin",2011-01-19,2011,0.0171103707401841,0.00565746129312538,0.302605185751804,2011
"Raisin",2011-01-20,2011,0.0159154632434005,0.0072775836198455,0.317969190867082,2011
"Raisin",2011-02-22,2011,1.14410680214149,0.457426443578308,6.40180743731343,2011
"Raisin",2011-02-23,2011,0.884833405204251,0.357880177752895,5.84502066765123,2011
"Raisin",2011-02-24,2011,0.706558784876381,0.286726421141597,4.85001796559979,2011
"Raisin",2011-02-28,2011,0.455518114652241,0.183390409795058,3.54039054145298,2011
"Raisin",2011-03-01,2011,1.41876915926458,0.42937400836512,7.24064032909728,2011
"Raisin",2011-03-02,2011,1.42541161187262,0.486917465212685,8.61686843276383,2011
"Raisin",2011-03-03,2011,1.89783311697383,0.463087819392307,9.84723170236356,2011
"Raisin",2011-03-04,2011,1.74068956963884,0.500892304732808,9.9556786100262,2011
"Raisin",2011-03-07,2011,4.97441165267282,1.02409737844732,21.440075484365,2011
"Raisin",2011-03-08,2011,4.9847019494203,1.14367620484535,20.5306833538276,2011
"Raisin",2011-03-09,2011,3.79157066648326,1.02019264387553,20.0637886628853,2011
"Raisin",2011-03-10,2011,5.17472257894567,1.19637544211136,22.6705170443822,2011
"Raisin",2011-03-11,2011,3.23703963947468,0.840824404278486,15.3779530424671,2011
"Raisin",2011-03-14,2011,1.36300191626358,0.439967680480339,8.66287383933533,2011
"Raisin",2011-03-15,2011,0.835657236724827,0.289635399466076,5.84368973055407,2011
"Raisin",2011-03-16,2011,0.599694811592164,0.240650063879259,5.04528649967184,2011
"Raisin",2011-03-17,2011,0.519828799460705,0.191787057069754,4.64983426125534,2011
"Raisin",2011-03-18,2011,0.401108721079409,0.163127871121098,3.88048166840916,2011
"Raisin",2011-03-21,2011,0.320829237680636,0.0986190136933882,3.06946389401052,2011
"Raisin",2011-03-22,2011,0.467870874585206,0.117303511140023,3.39150418658654,2011
"Raisin",2011-03-23,2011,0.444816793212987,0.131204953393759,4.13348938537248,2011
"Raisin",2011-03-24,2011,0.77546658513623,0.151257086570742,5.18165128089262,2011
"Raisin",2011-03-25,2011,0.394896865767506,0.0973003094739648,4.25321011315219,2011
"Raisin",2011-04-06,2011,0.0526148304096643,0.00963118929532839,1.04373555104188,2011
"Raisin",2011-04-07,2011,0.0812537097812859,0.017380472680489,1.21315699309813,2011
"Raisin",2011-04-08,2011,0.160419511991411,0.00989884466008704,1.94192040831708,2011
"Raisin",2011-04-11,2011,0.389702785882838,0.1131541190136,3.63179460386051,2011
"Raisin",2011-04-12,2011,0.378057086282736,0.116028845280432,3.3768247333091,2011
"Raisin",2011-04-13,2011,0.276707694279744,0.0946531147329331,3.06248626055264,2011
"Raisin",2011-04-14,2011,0.238340496563608,0.0662239068856243,2.34570323646853,2011
"Raisin",2011-04-26,2011,2.09781864869903,0.12104677172577,12.8407196393611,2011
"Raisin",2011-04-27,2011,1.55790591057924,0.228118703931418,9.91501652444769,2011
"Raisin",2011-04-28,2011,2.42317894429131,0.268974068978079,15.0927019063799,2011
"Raisin",2011-04-29,2011,6.45279407169708,0.414107376956583,26.3648363329024,2011
"Raisin",2011-05-02,2011,3.25150379410405,0.489224585952789,15.6974317704462,2011
"Raisin",2011-05-03,2011,1.67685352048634,0.356480736540445,9.68372950518389,2011
"Raisin",2011-05-04,2011,1.09897726961555,0.282139091992397,6.90482336962038,2011
"Raisin",2011-05-06,2011,0.466070194983174,0.102660756495777,4.04377346009186,2011
"Raisin",2011-05-09,2011,0.243639779196764,0.0131527901365862,2.4993432876213,2011
"Raisin",2011-05-10,2011,0.16881371269056,0.0092847541979808,2.39096488407397,2011
"Raisin",2011-05-11,2011,0.159272068060224,0.0048809182147488,1.98923106294249,2011
"Raisin",2011-05-13,2011,0.434903269099622,0.012110548953888,2.90195665266165,2011
"Raisin",2011-05-16,2011,0.625036441100118,0.0768909762672307,4.43867032585936,2011
"Raisin",2011-05-17,2011,0.236339197766784,0.236339197766784,4.03667349785667,2011
"Raisin",2011-05-18,2011,0.646387705892154,0.265093800161743,3.92638187223217,2011
"Raisin",2011-05-19,2011,0.394554345191032,0.0905110623331488,3.77006282085626,2011
"Raisin",2011-05-20,2011,0.296204454807731,0.054751914149305,3.35789068515675,2011
"Raisin",2011-05-23,2011,0.227409197023008,0.0683573207619456,2.29616008165717,2011
"Raisin",2011-05-24,2011,0.320474484226431,0.0741679376842656,2.87875088360556,2011
"Raisin",2011-05-25,2011,0.593270104207738,0.131390893135273,4.24607100570826,2011
"Raisin",2011-05-26,2011,3.19645095116256,0.421275843307066,16.6912111847245,2011
"Raisin",2011-05-27,2011,5.67888840175934,0.907405511193861,27.8913135340147,2011
"Raisin",2011-05-31,2011,2.43651522759386,0.864189200745078,15.2262531257225,2011
"Raisin",2011-06-01,2011,2.33986815379074,0.674535557551645,14.7709282905384,2011
"Raisin",2011-06-02,2011,1.77209870650146,0.620520062641759,10.2737945954261,2011
"Raisin",2011-06-03,2011,1.18404470135831,0.48448067596863,7.38887344829287,2011
"Raisin",2011-06-06,2011,0.353402944503276,0.133421550838652,3.03526566102518,2011
"Raisin",2011-06-07,2011,0.265521950882335,0.108055455575236,2.18556508066493,2011
"Raisin",2011-06-09,2011,0.167789086851795,0.0546838993491195,1.5518031725367,2011
"Raisin",2011-06-10,2011,0.165976174372031,0.0582182223832178,1.31858849640002,2011
"Raisin",2011-06-13,2011,0.111391361332534,0.0562394320814189,1.0331276887885,2011
"Raisin",2011-06-14,2011,0.0886626745079645,0.0492899342423242,0.9818022036917,2011
"Raisin",2011-06-15,2011,0.0780986059568548,0.0372427515950838,0.942047063668182,2011
"Raisin",2011-06-16,2011,0.0837609604010726,0.039766638928585,0.880018544529251,2011
"Raisin",2011-06-17,2011,0.0748064939018342,0.0394387978053888,0.831904189836895,2011
"Raisin",2011-06-20,2011,0.0558455334184742,0.0131596405481157,0.767350804734243,2011
"Raisin",2011-06-21,2011,0.0602444762506138,0.00253660952634163,0.725258940406512,2011
"Raisin",2011-06-22,2011,0.0579190061939126,0.0185545842851295,0.705381737381085,2011
"Raisin",2011-06-23,2011,0.0607863927341059,0.0237733745828141,0.63830544357515,2011
"Raisin",2011-06-24,2011,0.0715897363736379,0.0297041183644545,0.605889051560134,2011
"Raisin",2011-06-27,2011,0.0745716226493952,0.034582590003657,0.571964345720861,2011
"Raisin",2011-06-28,2011,0.0719819224337002,0.0311774461584002,0.503078564640928,2011
"Raisin",2011-06-29,2011,0.0665669167772072,0.0327975684851203,0.528648214989791,2011
"Raisin",2011-06-30,2011,0.054079105874089,0.0232089496042965,0.409799446734763,2011
"Raisin",2011-07-13,2011,0.0322062311755941,0.00467051271777216,0.270442992936042,2011
"Raisin",2011-07-14,2011,0.0337201721236074,0.010877474878583,0.227757589380793,2011
"Raisin",2011-07-15,2011,0.0349591179802234,0.0148152382202563,0.23429875376122,2011
"Raisin",2011-07-18,2011,0.0283607037320141,0.0006850411529472,0.197634372625267,2011
"Raisin",2011-07-19,2011,0.0309276507951291,0.0172481129434374,0.187560108498515,2011
"Raisin",2011-07-20,2011,0.0277111379244874,0.0162171260082518,0.180403141053099,2011
"Raisin",2011-07-21,2011,0.0220504960831519,0.0138136101916257,0.207204152874385,2011
"Raisin",2011-07-22,2011,0.0228324216277302,0.013079392870199,0.168708020626962,2011
"Raisin",2011-07-25,2011,0.0324415917431424,0.0201108509900928,0.232412444015069,2011
"Raisin",2011-07-27,2011,0.0244266102536602,0.0112738201170739,0.153449218260173,2011
"Raisin",2011-07-28,2011,0.0559409498647776,0.0250088952336653,0.394877293163136,2011
"Raisin",2011-07-29,2011,0.380882881038643,NA,2.38668337686804,2011
"Raisin",2011-08-01,2011,0.67219663132944,0.321113040444,4.27722569871408,2011
"Raisin",2011-08-02,2011,0.44871908120924,0.229403156093194,2.91488435784798,2011
"Raisin",2011-08-03,2011,0.304597187561552,0.133994049516472,2.24248612869353,2011
"Raisin",2011-08-04,2011,0.23334214272264,0.103230563940496,1.55741879738799,2011
"Raisin",2011-08-05,2011,0.189055944787486,0.091740711202689,1.21954622513713,2011
"Raisin",2011-08-08,2011,0.126576521775382,0.057186746132923,0.825020504879994,2011
"Raisin",2013-05-06,2013,0.162360135714688,0.0219702484052352,2.2091084771464,2013
"Raisin",2013-05-07,2013,0.123056633537006,0.0060675073546752,1.79446530014519,2013
"Raisin",2013-05-08,2013,0.117196840446207,0.00427465679439053,1.81423558781925,2013
"Raisin",2013-05-09,2013,0.100298587805882,0.00893415992220461,1.59500039969623,2013
"Raisin",2013-05-10,2013,0.08287774662888,0.00672808275216,1.74456127544076,2013
"Raisin",2013-05-13,2013,0.0690472550659853,0.0117178735787165,1.03079487900516,2013
"Raisin",2013-05-14,2013,0.0601874710403864,0.00627204107034086,1.05418536451498,2013
"Raisin",2013-05-15,2013,0.0545055439917986,0.00311131012215341,0.983750167141617,2013
"Raisin",2013-05-16,2013,0.0526659638385807,0.00276071584637722,0.919212195464906,2013
"Raisin",2013-05-17,2013,0.0524056482004608,0.00898382540579328,0.850768265928624,2013
"Raisin",2013-05-20,2013,0.0487871629675718,0.0112261118939222,0.717120651509499,2013
"Raisin",2013-05-21,2013,0.047216950781995,0.0118839960583062,0.606562349150459,2013
"Raisin",2013-05-22,2013,0.0465690975773507,0.00889183416525466,0.778939743781673,2013
"Raisin",2013-05-23,2013,0.0442923143740197,0.00433826775859277,0.974640832410301,2013
"Raisin",2013-05-28,2013,0.061812486518199,0.0175277565283726,0.674198174783819,2013
"Raisin",2013-05-29,2013,0.0932272505045845,0.0192188295459337,0.970603982759005,2013
"Raisin",2013-05-30,2013,0.0821988219147984,0.0169841274419981,1.08382685054545,2013
"Raisin",2013-05-31,2013,0.0755698254722611,0.0159320999571149,1.01136539930469,2013
"Raisin",2013-06-03,2013,0.11065567606578,0.0246223362973594,1.59292032116681,2013
"Raisin",2013-06-04,2013,0.0916519005103605,0.0211068518949671,1.32109060921116,2013
"Raisin",2013-06-05,2013,0.0757078123330691,0.00400944800517811,1.37830671425064,2013
"Raisin",2013-06-06,2013,0.0678777919548826,0.00359353016231731,1.02754998585818,2013
"Raisin",2013-06-07,2013,0.0771684179341743,0.012471663504513,0.866867222337992,2013
"Raisin",2013-06-10,2013,0.0524761095761925,0.00485889903483264,0.607686305956402,2013
"Raisin",2013-06-11,2013,0.227091142201997,0.0761129652435264,2.34976944502638,2013
"Raisin",2013-06-12,2013,0.213353620509859,0.0941148681127603,2.38218290115074,2013
"Raisin",2013-06-13,2013,0.775894735856822,0.155479875963552,6.24226624594312,2013
"Raisin",2013-06-14,2013,1.16813217400557,0.290114928273139,9.75937028134699,2013
"Raisin",2013-06-17,2013,0.247128595925702,0.0703879784653248,2.53371033431934,2013
"Raisin",2013-06-18,2013,0.170775376963535,0.0461443720625234,1.96834587079201,2013
"Raisin",2013-06-19,2013,0.133897165124841,0.0355095974781274,1.64470062465765,2013
"Raisin",2013-06-23,2013,0.0682044097903056,0.0159648840694345,1.07065766835271,2013
"Raisin",2013-07-01,2013,1.14190243757433,0.41092682874647,8.2493560870854,2013
"Raisin",2013-07-02,2013,1.10606744554855,0.487768873502776,8.6415812923564,2013
"Raisin",2013-07-03,2013,0.952598654684007,0.348774023569789,7.91501930581397,2013
"Raisin",2013-07-08,2013,0.261343199849357,0.0621356791478573,2.42622493084638,2013
"Raisin",2013-07-15,2013,0.740994335689709,0.107508645940651,3.50322705890559,2013
"Raisin",2013-07-16,2013,0.171030799450563,0.0668614844729745,1.52523189415921,2013
"Raisin",2013-07-17,2013,0.128017554772117,0.041842313622015,1.08291892636024,2013
"Raisin",2013-07-18,2013,0.0803724532695303,0.0282750735878957,0.929292576030524,2013
"Raisin",2013-07-19,2013,0.0815355552842127,0.0349026020851052,0.903621637454046,2013
"Raisin",2013-07-22,2013,0.50036384441482,0.211824510793459,2.96497065243061,2013
"Raisin",2013-07-23,2013,0.276268289311639,0.168691383913248,1.89242814227708,2013
"Raisin",2013-07-24,2013,0.186550406770582,0.0874455031737101,1.32995944556628,2013
"Raisin",2013-07-25,2013,0.121791020006936,0.034370471903798,1.03260852545758,2013
"Raisin",2013-07-26,2013,0.105689372364467,0.0340338231086354,1.24756514226534,2013
"Raisin",2013-07-29,2013,0.0632532748573797,0.0251175231879183,0.617676652541919,2013
"Raisin",2013-07-30,2013,0.182180088872333,NA,1.44774615537669,2013
"Raisin",2013-07-31,2013,0.0599660559534516,0.0293882654614349,0.483646883022471,2013
"Raisin",2013-08-02,2013,0.0514375382568136,0.0250069379732283,0.470984631282906,2013
"Raisin",2013-08-05,2013,0.110409550565828,0.0319549678669953,0.980601179756051,2013
"Raisin",2013-08-06,2013,0.0375319368246494,0.0171808321159158,0.34683804834005,2013
"Raisin",2013-08-07,2013,0.0400374748415537,0.0130901578026025,0.316209124419116,2013
"Raisin",2013-08-08,2013,0.0343988521801344,0.00660086082375552,0.26728837842672,2013
"Raisin",2013-08-09,2013,0.0427803306864434,0.017046025803318,0.412929350831068,2013
"Raisin",2013-08-12,2013,0.100004264767669,0.013337751247882,0.516072816682118,2013
"Raisin",2013-08-13,2013,0.294301019032756,0.112432379227459,1.96546625137409,2013
"Raisin",2013-08-14,2013,0.555085665684906,0.104514037472053,2.74354626850881,2013
"Raisin",2013-08-15,2013,0.119733205314994,0.0453201819253838,0.933169052654764,2013
"Raisin",2013-08-19,2013,0.0497357003068491,0.0214410541145835,0.307028349681851,2013
"Raisin",2013-08-20,2013,0.0414352034511206,0.0124305610353362,0.278694313623291,2013
"Raisin",2013-08-22,2013,0.0325810465492781,0.00934934379240154,0.303239827448498,2013
"Raisin",2013-08-26,2013,0.0258417095496054,0.0147154179379697,0.193573546533618,2013
"Raisin",2013-08-27,2013,0.0405030581680032,0.0166550630310288,0.255777240481661,2013
"Raisin",2013-08-28,2013,0.20499856501945,0.0640562409516557,1.41100372848081,2013
"Raisin",2013-08-30,2013,0.0329666268553655,0.0160260484580905,0.281370377955768,2013
"Raisin",2013-09-03,2013,0.0559492682216348,0.0256039024065109,0.367379741283835,2013
"Raisin",2013-09-04,2013,0.0454402476203155,0.0206136222648451,0.306546129641687,2013
"Raisin",2013-09-05,2013,0.035710216672919,0.0154163618319675,0.267260487465493,2013
"Raisin",2013-09-06,2013,0.0298296276899766,0.0129208547748027,0.264319214343803,2013
"Raisin",2013-09-09,2013,0.0229390923215462,0.0117044174132122,0.200110307078062,2013
"Raisin",2013-09-10,2013,0.0351763738887295,0.0187030914207863,0.260523597041366,2013
"Raisin",2013-09-12,2013,0.0438279543353434,0.0208766291360659,0.358922418935593,2013
"Raisin",2013-09-13,2013,0.046769961429697,0.0165452117890026,0.399788548914658,2013
"Raisin",2013-09-16,2013,0.0330507890541562,0.017013486348553,0.270728263644734,2013
"Raisin",2013-09-17,2013,0.0456017216063674,0.0158978478994675,0.330507890541562,2013
"Raisin",2013-09-18,2013,0.0261898572498353,0.0128293528493733,0.217036695337169,2013
"Raisin",2013-09-19,2013,0.0256039024065108,0.0144335724350429,0.203115925136618,2013
"Raisin",2013-09-24,2013,0.0301452359354415,0.0101968375616191,0.28738161407288,2013
"Raisin",2013-09-25,2013,0.0196212912232902,0.00694484934555686,0.215332166154104,2013
"Raisin",2013-09-26,2013,0.0240870255678421,0.00889305745302778,0.219774168715857,2013
"Raisin",2013-09-27,2013,0.0215986135797613,0.00673786905434496,0.22729078276657,2013
"Raisin",2013-09-30,2013,0.0164669213715229,0.00667964055634445,0.1974244564434,2013
"Raisin",2013-10-01,2013,0.0148952412406184,0.00653676054444403,0.192602256041761,2014
"Raisin",2013-10-02,2013,0.0871925272622289,0.00635816052956851,0.175420934610736,2014
"Raisin",2013-10-03,2013,0.0227108268230821,0.00893122403154912,0.215916897709655,2014
"Raisin",2013-10-04,2013,0.0191596224177147,0.00648831834862848,0.262738726540932,2014
"Raisin",2013-10-07,2013,0.0190355810375203,0.0062336298342649,0.180775265193682,2014
"Raisin",2013-10-08,2013,0.0180733428751841,0.00953870873968051,0.209265882087201,2014
"Raisin",2013-10-10,2013,0.0177680102470134,0.0084049656315529,0.179073671901272,2014
"Raisin",2013-10-11,2013,0.0195014090215244,0.0125130106312445,0.189064507801898,2014
"Raisin",2013-10-14,2013,0.0278212338240682,0.00953870873968051,0.226920860543978,2014
"Raisin",2013-10-15,2013,0.0205106214343484,0.00821242013606381,0.160775488733389,2014
"Raisin",2013-10-16,2013,0.0173645699394384,0.00551580456899808,0.198977542600153,2014
"Raisin",2013-10-17,2013,0.0228236139557637,0.0101141433081562,0.165223118418898,2014
"Raisin",2013-10-18,2013,0.0268311047005048,0.00927447858068659,0.173009100437252,2014
"Raisin",2013-10-21,2013,0.0195407988878189,0.00757704446670528,0.17339468074334,2014
"Raisin",2013-10-22,2013,0.0179456316316704,0.00638066902459392,0.169885312779813,2014
"Raisin",2013-10-23,2013,0.0192031714624378,0.00637381861306445,0.191949999001133,2014
"Raisin",2013-10-24,2013,0.0221040760876145,0.00996930603581875,0.199018400411775,2014
"Raisin",2013-10-25,2013,0.0235685962095938,0.00961088271829459,0.206853313941054,2014
"Raisin",2013-10-28,2013,0.0157216944601382,0.00385555840331962,0.183681796942615,2014
"Raisin",2013-10-29,2013,0.0361312723244269,0.017835291074535,0.365919624997839,2014
"Raisin",2013-11-04,2013,0.0862055786868757,0.0328868684925581,0.811955791463072,2014
"Raisin",2013-11-05,2013,0.0895079663591904,0.0364662085167072,0.897996960273241,2014
"Raisin",2013-11-06,2013,0.0939861782390281,0.040684104758425,0.744578079549841,2014
"Raisin",2013-11-08,2013,0.0665360899253245,0.0170186241572001,0.651034486827128,2014
"Raisin",2013-11-11,2013,0.0343413576547978,0.0104089556614781,0.424882095662223,2014
"Raisin",2013-11-12,2013,0.139707292732052,0.00429520802897894,0.808328009243108,2014
"Raisin",2013-11-13,2013,0.0324797583216637,0.011046043933719,0.38478272245935,2014
"Raisin",2013-11-14,2013,0.0367416929232138,0.00290065996762214,0.40073733091149,2014
"Raisin",2013-11-15,2013,0.0599660559534516,0.00545782072855219,0.489454564054136,2014
"Raisin",2013-11-18,2013,0.106208780352934,0.00469155326746982,0.728188959280689,2014
"Raisin",2013-11-19,2013,0.138477888520066,0.00308757833935488,1.23256127307047,2014
"Raisin",2013-11-20,2013,0.314194614114343,0.0198319413778214,1.79861542624428,2014
"Raisin",2013-11-21,2013,0.0922383446687942,0.00909392130537408,0.969152184829866,2014
"Raisin",2013-11-25,2013,0.0641333080813622,0.00846808728064589,0.812687317551398,2014
"Raisin",2013-11-26,2013,0.0418538125270823,0.00313602053517043,0.671711475398621,2014
"Raisin",2013-11-29,2013,0.0330030808310045,0.00388271539188288,0.585530362467207,2014
"Raisin",2013-12-02,2013,0.0258828120187822,0.0113795121806715,0.420075064028971,2014
"Raisin",2013-12-03,2013,0.0281637544005418,0.00833939740691366,0.42143217948447,2014
"Raisin",2013-12-09,2013,0.101088587049763,0.000723941704132416,0.64345254920933,2014
"Raisin",2013-12-10,2013,0.0588484602439292,0.00133925545401178,0.464957981739853,2014
"Raisin",2013-12-11,2013,0.019203660777547,0.00254835308896358,0.215972924289664,2014
"Raisin",2013-12-18,2013,0.0556652208007163,0.00796996449943142,0.624645967642938,2014
"Raisin",2013-12-19,2013,0.201986096549364,0.110137491365086,0.925660145317022,2014
"Raisin",2013-12-20,2013,0.0390952985986967,0.00676820659111834,0.561048704263757,2014
"Raisin",2013-12-23,2013,2.39090127310976,0.207753409084516,9.3357016871557,2014
"Raisin",2013-12-27,2013,0.877811733386542,0.360214210824008,4.80944884989204,2014
"Raisin",2013-12-30,2013,0.253719670447273,0.0189438344545363,1.2624256421332,2014
"Raisin",2014-01-10,2014,0.241110020081952,0.046607264155872,2.58578569482106,2014
"Raisin",2014-01-13,2014,0.730603729344828,0.210297847652605,5.32935838634577,2014
"Raisin",2014-01-14,2014,1.43895830067215,0.475066253266698,4.62030898756332,2014
"Raisin",2014-01-15,2014,0.906121059032085,0.190458566548145,5.08384208370504,2014
"Raisin",2014-01-16,2014,1.01176908426982,0.375060031238592,6.81091156727796,2014
"Raisin",2014-01-30,2014,0.508667521818759,0.366007701717504,2.8881335008254,2014
"Raisin",2014-01-31,2014,0.188679906126029,0.0575434568475648,2.70845699270953,2014
"Raisin",2014-02-03,2014,0.184373933164646,0.00998692137975168,2.22093766991247,2014
"Raisin",2014-02-04,2014,0.206471403498286,0.0425753076556685,1.57038833901616,2014
"Raisin",2014-02-06,2014,0.348842527685084,0.0217549497571661,1.75375428305576,2014
"Raisin",2014-02-07,2014,0.258994487324966,0.009663973407648,3.83466464815473,2014
"Raisin",2014-02-10,2014,0.218709174380579,0.0379463867221824,3.00362899263675,2014
"Raisin",2014-02-11,2014,0.20296790731607,0.0292806161374003,1.64270911216302,2014
"Raisin",2014-02-17,2014,0.143760779097062,0.0107820584322797,2.36818237258738,2014
"Raisin",2014-02-18,2014,0.110778494158201,0.0309149286022886,1.5563376556541,2014
"Raisin",2014-02-19,2014,0.105227214243782,0.0314874272801088,1.42769916000835,2014
"Raisin",2014-02-20,2014,0.208639069432255,0.0752175185936026,1.93088145945244,2014
"Raisin",2014-02-21,2014,0.513404092076279,0.195031216244068,3.19619650730575,2014
"Raisin",2014-02-24,2014,1.25820529931594,0.521883922919547,8.30536064791437,2014
"Raisin",2014-02-25,2014,1.20767862113499,0.469497847323456,9.10732853936748,2014
"Raisin",2014-02-26,2014,1.28576841941988,0.768325031116756,9.09814898791798,2014
"Raisin",2014-02-27,2014,1.36718311387211,0.616170051320544,9.40686278349364,2014
"Raisin",2014-02-28,2014,1.09008152092942,0.517340632130179,11.2462521038189,2014
"Raisin",2014-03-03,2014,0.331129320730306,0.0925784186697216,3.20407448056464,2014
"Raisin",2014-03-04,2014,0.287854292468413,0.0180850864378061,4.31253957014851,2014
"Raisin",2014-03-06,2014,0.183835686544474,0.0165388506925824,2.10647707955718,2014
"Raisin",2014-03-07,2014,0.201475496232864,0.0605918899781798,2.08668917653919,2014
"Raisin",2014-03-10,2014,0.360737777990903,0.15663955277247,2.39134654985918,2014
"Raisin",2014-03-11,2014,0.51884282951557,0.198370791864685,3.10151158709072,2014
"Raisin",2014-03-13,2014,0.439634946206051,0.123943517172518,5.33467479500775,2014
"Raisin",2014-03-18,2014,2.09427356073253,0.917715380545716,12.1129465979233,2014
"Raisin",2014-03-19,2014,2.61900774416345,1.20578741823775,16.0312180722197,2014
"Raisin",2014-03-20,2014,3.77736584886179,1.26122926669109,17.3964292462015,2014
"Raisin",2014-03-21,2014,2.81684028940796,1.29180901444354,15.359351728589,2014
"Raisin",2014-03-24,2014,1.60277610609729,0.72795408802825,13.8924290694233,2014
"Raisin",2014-03-25,2014,1.73865401878436,0.602953650219756,10.5527213337262,2014
"Raisin",2014-03-26,2014,1.22202778671369,0.43029147419496,7.77475223659694,2014
"Raisin",2014-03-27,2014,0.763434326599822,0.338449474764657,6.17670291445498,2014
"Raisin",2014-03-28,2014,1.03799148097442,0.454850199528117,6.00357833565195,2014
"Raisin",2014-03-31,2014,0.45026776353001,0.137815600519699,3.97561186537361,2014
"Raisin",2014-04-01,2014,0.504121784453844,0.118937823604911,4.86663021355876,2014
"Raisin",2014-04-02,2014,0.555976953156401,0.131121769825187,4.64140091534745,2014
"Raisin",2014-04-03,2014,0.474068050443832,0.133817896077143,4.52958018000655,2014
"Raisin",2014-04-04,2014,2.47433194581209,0.359274725814251,15.5800866675219,2014
"Raisin",2014-04-07,2014,1.47301463227581,0.368253658068952,9.09886828112858,2014
"Raisin",2014-04-08,2014,1.24354541864287,0.328447873931628,9.27912707422445,2014
"Raisin",2014-04-09,2014,0.998665225644159,0.195045895697345,9.46577387607155,2014
"Raisin",2014-04-10,2014,0.945767815758904,0.176329592768609,7.09392653331591,2014
"Raisin",2014-04-11,2014,0.969842119133906,0.112701502537546,5.92627144154186,2014
"Raisin",2014-04-14,2014,0.212768888954308,0.0236045608701235,2.27193898374939,2014
"Raisin",2014-04-17,2014,0.193952276428176,0.016697878103088,2.39678773387402,2014
"Raisin",2014-04-18,2014,0.143725303751642,0.032070935547887,1.92188050801782,2014
"Raisin",2014-04-21,2014,0.0776043976965143,0.0105824178677065,1.56384619600552,2014
"Raisin",2014-04-22,2014,0.07584384193344,0.00948048024168,1.51308464657213,2014
"Raisin",2014-04-29,2014,0.053570218160471,0.00519946235086925,1.23526620699439,2014
"Raisin",2014-04-30,2014,0.0705611960139986,0.00597649474435507,1.4439982462974,2014
"Raisin",2014-05-01,2014,0.0922701501508954,0.00426682775264256,2.32008759049939,2014
"Raisin",2014-05-02,2014,0.120028996298534,0.021529864806912,2.04264592355578,2014
"Raisin",2014-05-05,2014,0.0370685554161915,0.0136841863452296,1.12244971540617,2014
"Raisin",2014-05-06,2014,0.0258397522891684,0.00567214074640282,0.833489570790858,2014
"Raisin",2014-05-07,2014,0.042050517201,0.00321113040444,1.0443819363012,2014
"Raisin",2014-05-08,2014,0.02584195420716,0.0045873291492,0.8455976731692,2014
"Raisin",2014-05-09,2014,0.0374817820259514,-0.000163675904043456,0.954230520573348,2014
"Raisin",2014-05-12,2014,0.218888997683227,0.0151467492067718,2.42163270854608,2014
"Raisin",2014-05-13,2014,0.16326977250278,0.0104468775824448,2.71618817143565,2014
"Raisin",2014-05-14,2014,0.166156731647343,0.0133069243959994,3.62883424744955,2014
"Raisin",2014-05-15,2014,0.560021142534336,0.132805013801,6.41090869834545,2014
"Raisin",2014-05-16,2014,0.901993686085578,0.16399885201556,8.27803729221397,2014
"Raisin",2014-05-19,2014,0.485231774661325,0.0263227063019962,5.07084587440341,2014
"Raisin",2014-05-20,2014,0.285510473095116,0.0759465981063821,3.53740571928657,2014
"Raisin",2014-05-21,2014,0.239382737746307,0.0623827832780275,3.12809363040061,2014
"Raisin",2014-05-22,2014,0.294144438197796,0.048268488951769,3.19212051244572,2014
"Raisin",2014-05-23,2014,0.150239311143506,0.0773435927432851,2.00648553698235,2014
"Raisin",2014-05-27,2014,0.0925334016796708,0.0497442633212609,1.22168281956167,2014
"Raisin",2014-05-28,2014,0.102559468268162,0.0403721663762794,1.38115306024114,2014
"Raisin",2014-05-29,2014,0.0820018725833261,0.0416108675753407,1.23748280443928,2014
"Raisin",2014-05-30,2014,0.0815211204884899,0.0389335799550902,0.948769763954141,2014
"Raisin",2014-06-02,2014,0.0684869892658963,0.00753887788818394,0.801669409236461,2014
"Raisin",2014-06-03,2014,0.0737671886097915,0.00259532733945139,0.815531706281457,2014
"Raisin",2014-06-05,2014,0.0827855107307868,0.0226914988762668,0.857661737187709,2014
"Raisin",2014-06-06,2014,0.119707271614204,0.0508635716336657,0.942274105878874,2014
"Raisin",2014-06-09,2014,0.0541608214973334,0.034857829752609,0.566908252697002,2014
"Raisin",2014-06-11,2014,0.0576814437083727,0.0178414075134006,0.714522388279392,2014
"Raisin",2014-06-12,2014,0.171942638156646,0.0346677308326662,1.15791772110001,2014
"Raisin",2014-06-13,2014,0.0595868367437844,0.0221718462302454,0.900731253103718,2014
"Raisin",2014-06-23,2014,0.255931374741074,0.113716831389235,1.84139061912207,2014
"Raisin",2014-06-24,2014,0.157298904882181,0.0743210933134602,1.39774328902019,2014
"Raisin",2014-06-25,2014,0.132692471325873,0.0313474831588639,1.65108618683334,2014
"Raisin",2014-06-26,2014,0.08914709646612,0.05978818991124,1.1835309204936,2014
"Raisin",2014-06-27,2014,0.199417192225812,0.0891730301669102,1.9452868962687,2014
"Raisin",2014-06-30,2014,0.19282073523804,0.07400891027376,1.506173070654,2014
"Raisin",2014-07-01,2014,0.162175174603392,0.073330230217233,1.24382922140623,2014
"Raisin",2014-07-02,2014,0.117051758516315,0.0530992523678198,0.974458807189661,2014
"Raisin",2014-07-03,2014,0.155958181482842,0.090502499318737,1.13656890288352,2014
"Raisin",2014-07-18,2014,0.0932424192729711,0.0584300958255222,0.402730800666566,2014
"Raisin",2014-07-19,2014,0.0530324608554075,0.012467748983639,0.331285901565266,2014
"Raisin",2014-07-20,2014,0.0462197265893476,0.0132692471325873,0.295663761612012,2014
"Raisin",2014-07-21,2014,0.0310844762876431,0.00962238162336192,0.30666111869236,2014
"Raisin",2014-07-22,2014,0.0354924714493037,0.0151540889334106,0.214549995951971,2014
"Raisin",2014-07-28,2014,0.00632929093812288,0.0014312466945504,0.232180019338176,2014
"Raisin",2014-07-29,2014,0.0215606916587946,0.0129228120352397,0.191121588521176,2014
"Raisin",2014-07-30,2014,0.0233630838637096,0.0120046122327358,0.195202476532305,2014
"Raisin",2014-07-31,2014,0.0205923370575928,0.0145045231258838,0.187537355345935,2014
"Raisin",2014-08-01,2014,0.0278498587579592,0.0176109400969448,0.304892244572429,2014
"Raisin",2014-08-04,2014,0.0234626594884416,0.0116885146721616,0.244902212178624,2014
"Raisin",2014-08-05,2014,0.0232940904333057,0.00958739559305069,0.198674167232419,2014
"Raisin",2014-08-06,2014,0.0285402823771081,0.00689396057419507,0.234680419546433,2014
"Raisin",2014-08-07,2014,0.0194649550458854,0.00459173298518323,0.251547111362212,2014
"Raisin",2014-08-08,2014,0.0160018273601827,0.00428786830234022,0.26566140568847,2014
"Raisin",2014-08-11,2014,0.151354949592591,0.0847420371951149,0.472751792799955,2014
"Raisin",2014-08-12,2014,0.0249536026263203,0.00226455032559974,0.255197402077202,2014
"Raisin",2014-08-13,2014,0.04862568898152,0.00330654685074336,0.451894736268259,2014
"Raisin",2014-08-14,2014,0.0393348183446736,0.00173217548673792,0.471296080349943,2014
"Raisin",2014-08-15,2014,0.0433227364850448,0.001100958995808,0.51469833054024,2014
"Raisin",2014-08-19,2014,0.0224448840612058,0.000544118401483776,0.271379052740033,2014
"Raisin",2014-08-20,2014,0.0162452616270336,0.0005871781310976,0.247397719235789,2014
"Raisin",2014-08-21,2014,0.0200814920835379,0.0169107301756109,0.28380276336384,2014
"Raisin",2014-08-22,2014,0.0274858083166787,0.0216154949510304,0.319454262223649,2014
"Raisin",2014-08-25,2014,0.0300209498976925,0.0101068035815174,0.169944030592923,2014
"Raisin",2014-08-26,2014,0.0221366155423795,0.0038166578521344,0.20304619773355,2014
"Raisin",2014-08-27,2014,0.0201419224995301,0.00605233858628851,0.160744906539061,2014
"Raisin",2014-08-28,2014,0.0176261088653315,0.00600683228112845,0.139856044525263,2014
"Raisin",2014-09-02,2014,0.0206417578836269,0.00632929093812288,0.164116287641779,2014
"Raisin",2014-09-03,2014,0.0169961156621747,0.00587251528363987,0.150075390581908,2014
"Raisin",2014-09-04,2014,0.0150777557763679,0.00646189533272909,0.159272068060224,2014
"Raisin",2014-09-05,2014,0.0259552306549509,0.00893122403154912,0.226014648961651,2014
"Raisin",2014-09-16,2014,0.0388058687115765,NA,0.28510434155444,2014
"Raisin",2014-09-17,2014,0.0216610012561905,NA,0.275540677744188,2014
"Raisin",2014-09-18,2014,0.036822919231349,NA,0.339310669356933,2014
"Raisin",2014-09-19,2014,0.0238668337686804,NA,0.264049112403498,2014
"Raisin",2014-09-24,2014,0.0256410903548137,0.0108444461087088,0.321959555582999,2014
"Raisin",2014-09-25,2014,0.0239979702179589,0.0086058294838992,0.335873230714466,2014
"Raisin",2014-09-30,2014,0.0395787419266337,0.0015648297193751,0.395787419266337,2014
"Raisin",2014-10-01,2014,0.0150853401605612,0.000598921693719552,0.208125288567544,2015
"Raisin",2014-10-02,2014,0.0198767137103176,0.000898382540579328,0.211494223094717,2015
"Raisin",2014-10-03,2014,0.0676350916606955,0.0033099720565081,0.524012443644776,2015
"Raisin",2014-10-06,2014,0.0250250426322705,0.0047157743653776,0.303695869130317,2015
"Raisin",2014-10-07,2014,0.0247740239812262,0.00382057237300838,0.335494011504799,2015
"Raisin",2014-10-08,2014,0.0223636577530706,0.00584633692529511,0.280397130203474,2015
"Raisin",2014-10-09,2014,0.0215122494629791,0.00357591481838438,0.262801358874916,2015
"Raisin",2014-10-10,2014,0.0222501366477251,0.00630042134667725,0.245773193073085,2015
"Raisin",2014-10-14,2014,0.0275540677744188,0.0227228150432586,0.246871705493347,2015
"Raisin",2014-10-15,2014,0.0325883862759168,0.0080920486191888,0.279093105437328,2015
"Raisin",2014-10-16,2014,0.0269742293699599,0.0147760930115165,0.253394275899623,2015
"Raisin",2014-10-17,2014,0.0393350630022282,0.0228324216277302,0.350398549732493,2015
"Raisin",2014-10-20,2014,0.0357236728384234,0.0123185078753184,0.338434795311379,2015
"Raisin",2014-10-21,2014,0.0831571455562606,0.0195207369683397,0.459662613627571,2015
"Raisin",2014-10-22,2014,0.0388638525520224,0.0103490145605952,0.30826851882624,2015
"Raisin",2014-10-23,2014,0.033026812613803,0.00831444233634202,0.298511575547835,2015
"Raisin",2014-10-24,2014,0.0253152064920545,0.0137928142994826,0.287776002050934,2015
"Raisin",2014-10-27,2014,0.0208998716037552,0.0113105187502675,0.210965762776729,2015
"Raisin",2014-10-31,2014,0.0186561171702985,0.00661823151013382,0.197504704121316,2015
"Raisin",2014-11-03,2014,0.0198179958972079,0.00772065845126957,0.202114052450433,2015
"Raisin",2014-11-04,2014,0.0219912889549329,0.0105266359452522,0.220955130732027,2015
"Raisin",2014-11-05,2014,0.0202999712798172,0.00838588234229222,0.217317072894768,2015
"Raisin",2014-11-06,2014,0.0215665634401056,0.0108835913174486,0.231213621997411,2015
"Raisin",2014-11-07,2014,0.0197108358882826,0.007523219804688,0.192594427000013,2015
"Raisin",2014-11-10,2014,0.0171940436238655,0.00432554556575232,0.216817971483335,2015
"Raisin",2014-11-11,2014,0.0177944332629128,0.00803259683341517,0.237630989655199,2015
"Raisin",2014-11-12,2014,0.018005083417444,0.00443368420489613,0.228172528593435,2015
"Raisin",2014-11-14,2014,0.0151932341421504,0.0061653703765248,0.219090840165792,2015
"Raisin",2014-11-18,2014,0.0110034735192144,0.0020123083867824,0.180251453369232,2015
"Raisin",2014-11-21,2014,0.0201035112634541,0.00237586951295366,0.293023906597619,2015
"Raisin",2014-11-24,2014,0.0185181303094906,0.00510844974054912,0.381218061888478,2015
"Raisin",2014-11-25,2014,0.19909008507528,0.034129728870048,1.88092727994931,2015
"Raisin",2014-11-26,2014,0.177132069547776,0.0088566034773888,1.96838012284966,2015
"Raisin",2014-11-27,2014,0.0755698254722611,0.0211188401151437,1.10428633855089,2015
"Raisin",2014-12-01,2014,0.0464208350992485,0.0207127085744678,0.785864531207751,2015
"Raisin",2014-12-02,2014,0.078606025725145,0.0315730574242272,0.823076945266061,2015
"Raisin",2014-12-03,2014,0.0581240292246876,0.0235776485391149,0.773961941175293,2015
"Raisin",2014-12-04,2014,0.0408548757315525,0.0178037302499885,0.636249096828536,2015
"Raisin",2014-12-08,2014,0.0261365219029273,0.00930677337789696,0.472318748928271,2015
"Raisin",2014-12-09,2014,0.0176894751719791,0.00229733443791936,0.402033526635888,2015
"Raisin",2014-12-10,2014,0.0214946341190461,0.00223127689817088,0.469311907581942,2015
"Raisin",2014-12-11,2014,0.0230956731565056,0.0064956580752672,0.43304387168448,2015
"Raisin",2014-12-13,2014,0.0188924563680653,0.0034986030311232,0.384146612817327,2015
"Raisin",2014-12-15,2014,0.0140262176065939,0.00801498148948224,0.319263429331043,2015
"Raisin",2014-12-16,2014,0.0142831080389491,0.00544118401483776,0.314908524858735,2015
"Raisin",2014-12-17,2014,0.0153938533369421,0.00839664727469568,0.314174552194863,2015
"Raisin",2014-12-20,2014,0.016881371269056,0.0109728913248864,0.402620704766986,2015
"Raisin",2014-12-22,2014,0.0161963301161088,0.0105276145754707,0.356319262554394,2015
"Raisin",2014-12-23,2014,0.0170061466219142,0.00971779806966528,0.333644400391841,2015
"Raisin",2014-12-24,2014,0.0188508645837792,0.0114744393118656,0.41062100680319,2015
"Raisin",2014-12-29,2014,0.153791738836646,0.0439404968104704,1.8872443380097,2015
"Raisin",2014-12-30,2014,0.17493015155616,0.0577269500135328,1.62859971098785,2015
"Raisin",2014-12-31,2014,0.121824782749475,0.0184153741365485,1.32590693783149,2015
"Raisin",2015-01-12,2015,NA,NA,NA,2015
"Raisin",2015-01-16,2015,NA,NA,NA,2015
"Raisin",2015-01-20,2015,NA,NA,NA,2015
"Raisin",2015-01-21,2015,NA,NA,NA,2015
"Raisin",2015-01-23,2015,NA,NA,NA,2015
"Raisin",2015-01-26,2015,NA,NA,NA,2015
"Raisin",2015-01-27,2015,NA,NA,NA,2015
"Raisin",2015-01-28,2015,NA,NA,NA,2015
"Raisin",2015-01-29,2015,NA,NA,NA,2015
"Raisin",2015-01-30,2015,NA,NA,NA,2015
"Raisin",2015-02-03,2015,NA,NA,NA,2015
"Raisin",2015-02-06,2015,NA,NA,NA,2015
"Raisin",2015-02-10,2015,NA,NA,NA,2015
"Raisin",2015-02-11,2015,NA,NA,NA,2015
"Raisin",2015-02-13,2015,NA,NA,NA,2015
"Raisin",2015-02-23,2015,NA,NA,NA,2015
"Raisin",2015-02-24,2015,NA,NA,NA,2015
"Raisin",2015-02-25,2015,NA,NA,NA,2015
"Raisin",2015-02-27,2015,NA,NA,NA,2015
"Raisin",2015-03-02,2015,NA,NA,NA,2015
"Raisin",2015-03-03,2015,NA,NA,NA,2015
"Raisin",2015-03-04,2015,NA,NA,NA,2015
"Raisin",2015-03-05,2015,NA,NA,NA,2015
"Raisin",2015-03-06,2015,NA,NA,NA,2015
"Raisin",2015-03-09,2015,NA,NA,NA,2015
"Raisin",2015-03-10,2015,NA,NA,NA,2015
"Raisin",2015-03-11,2015,0.118507226308773,0.0497437740061517,1.28894896762999,2015
"Raisin",2015-03-12,2015,0.192476991373793,0.0613601146996992,3.57826353090877,2015
"Raisin",2015-03-13,2015,1.7653755169004,0.490783054575744,11.5767061696984,2015
"Raisin",2015-03-16,2015,1.87259913678991,0.635913915978701,12.5090961103705,2015
"Raisin",2015-03-17,2015,3.0373354639373,0.95905761412608,16.8122799756302,2015
"Raisin",2015-03-18,2015,2.16154949510304,0.63855621756864,12.9252586107859,2015
"Raisin",2015-03-19,2015,0.893978704596096,0.36331646861664,6.55621082003664,2015
"Raisin",2015-03-20,2015,0.534381030809741,0.223323415860787,3.90815977756378,2015
"Raisin",2015-03-23,2015,0.136873668934397,0.0224717963922144,2.19406448411257,2015
"Raisin",2015-03-24,2015,0.108647526857426,0.0391843539485798,1.46228884508109,2015
"Raisin",2015-03-25,2015,0.0926175638784615,0.0198466208310989,1.74154097792893,2015
"Raisin",2015-03-26,2015,0.0808544286521395,0.0149730423429888,1.39848215483515,2015
"Raisin",2015-03-27,2015,0.115135845206054,0.0376405647789024,1.62518673810085,2015
"Raisin",2015-03-30,2015,0.0984580290224456,0.00563691005853696,1.74744211814646,2015
"Raisin",2015-03-31,2015,0.05777759412734,0.0130940723234765,1.0180641231503,2015
"Raisin",2015-04-01,2015,0.289635399466076,0.200032016660582,2.20035218326641,2015
"Raisin",2015-04-02,2015,0.0487614739243363,0.006299932031568,0.9449898047352,2015
"Raisin",2015-04-03,2015,0.0386040262290117,0.00357444687305664,1.09139777857329,2015
"Raisin",2015-04-06,2015,0.0290653174893312,0.0032294797210368,0.725556443992934,2015
"Raisin",2015-04-07,2015,0.0350621188107201,0.00202087140119424,0.721451090226344,2015
"Raisin",2015-04-08,2015,0.0894389729287864,0.00099820282286592,2.86084929033373,2015
"Raisin",2015-04-09,2015,0.0294932235523686,0,1.65308993220571,2015
"Raisin",2015-04-10,2015,0.519300339142718,0.0065568224639232,4.46847450916366,2015
"Raisin",2015-04-13,2015,0.258260514661094,0.061653703765248,2.95252736920243,2015
"Raisin",2015-04-14,2015,0.100524896043909,0.0052356716689536,2.43196949022895,2015
"Raisin",2015-04-15,2015,0.271178433545242,0.0777644037372384,2.04580200601043,2015
"Raisin",2015-04-16,2015,0.0902693406691803,0.0200227742704282,1.19135506909048,2015
"Raisin",2015-04-20,2015,0.0853659139594061,0.0069972060622464,1.67373169008934,2015
"Raisin",2015-04-21,2015,0.0927447858068659,0.0103049762007629,1.25033711235923,2015
"Raisin",2015-04-22,2015,0.121457796417539,0.00578370459131136,2.36553517784635,2015
"Raisin",2015-04-23,2015,0.184139061912207,0.00375794003902464,2.20215286286844,2015
"Raisin",2015-04-24,2015,0.0578859774240384,0.00992331041554944,1.15937343355003,2015
"Raisin",2015-04-27,2015,0.0826159630454323,0.00739844445182976,1.19731492712112,2015
"Raisin",2015-04-28,2015,0.0604255228410355,0.00342031261364352,1.01583284625213,2015
"Raisin",2015-04-29,2015,0.032916227399113,0,0.949261525638935,2015
"Raisin",2015-04-30,2015,0.0563813334631008,0.00922603638487104,0.934905020333599,2015
"Raisin",2015-05-01,2015,0.036933504446039,0.00399281129146368,0.871431064361948,2015
"Raisin",2015-05-04,2015,0.0315118930355712,0.0045016990050816,0.606829025885,2015
"Raisin",2015-05-05,2015,0.0389494826961408,0.00292121120221056,0.716670481608991,2015
"Raisin",2015-05-06,2015,0.0250407007157664,0.0043549044723072,0.701139620041459,2015
"Raisin",2015-05-07,2015,0.0337774219913894,0.00129913161505344,0.823649443943881,2015
"Raisin",2015-05-12,2015,0.0366986331936,0.0061164388656,1.2630446257464,2015
"Raisin",2015-05-13,2015,0.0494734274082922,0.00324415917431424,1.01866598073467,2015
"Raisin",2015-05-14,2015,0.0639745253284113,0.0257184021420749,1.07374328943163,2015
"Raisin",2015-05-15,2015,0.0405042814557763,0.0128812202509536,1.18364101639318,2015
"Raisin",2015-05-18,2015,0.0385115456733638,0.00466806614222592,0.78890317803618,2015
"Raisin",2015-05-19,2015,0.050065009375373,0.00419832363734784,0.723161246533165,2015
"Raisin",2015-05-20,2015,0.035420052813135,0.0271741145920877,0.957653279762538,2015
"Raisin",2015-05-21,2015,0.0860754208678157,0.00263496186330048,0.648200618371918,2015
"Raisin",2015-05-22,2015,0.0485204862330317,0.0049176168479424,0.544216264505626,2015
"Raisin",2015-06-08,2015,0.34129728870048,0.12324624314184,2.45165219049845,2015
"Raisin",2015-06-09,2015,0.133169553557389,0.0353995015785466,1.48340768519624,2015
"Raisin",2015-06-10,2015,0.371331450106122,0.163206161538578,1.63954813655727,2015
"Raisin",2015-06-11,2015,0.12976636697257,0.040551989678928,1.59450423417545,2015
"Raisin",2015-06-12,2015,0.348206418043062,0.131929139755446,2.34444569663776,2015
"Raisin",2015-06-15,2015,2.7098417544687,0.55669379979145,14.465059862323,2015
"Raisin",2015-06-16,2015,NA,NA,46.6420055286286,2015
"Raisin",2015-06-18,2015,0.674550237004923,0.0187897001951232,10.0243050540982,2015
"Raisin",2015-06-19,2015,1.39182746934938,0.461619874064563,11.0701671686049,2015
"Raisin",2015-06-22,2015,1.53219240158826,0.451686777346829,6.19962243417216,2015
"Raisin",2015-06-23,2015,1.17680283774144,0.50093634309264,9.43032544298208,2015
"Raisin",2015-06-24,2015,3.20464697924246,0.876975004549728,18.8836486960988,2015
"Raisin",2015-06-25,2015,1.36836970301203,0.8624178800496,6.46238464783834,2015
"Raisin",2015-06-26,2015,1.2722192840448,0.394387978053888,7.98317600738112,2015
"Raisin",2015-06-30,2015,2.82601494770636,1.1588694389875,18.7858835372711,2015
"Raisin",2015-07-01,2015,4.22846544807752,2.01813123658245,21.7910122807177,2015
"Raisin",2015-07-02,2015,1.72870134946226,0.740872006912397,19.8977053285044,2015
"Raisin",2015-07-06,2015,0.469458702114716,0.274358981755354,3.16166064689503,2015
"Raisin",2015-07-07,2015,0.554467416044371,0.195505851900038,3.51269530626954,2015
"Raisin",2015-07-08,2015,0.295538986259153,0.182465604238579,2.15641168645594,2015
"Raisin",2015-07-10,2015,0.401671433455045,0.143907573629837,2.92894238093668,2015
"Raisin",2015-07-13,2015,0.548277579912384,0.170575247083853,5.84017155491858,2015
"Raisin",2015-07-14,2015,0.274358981755354,0.0246614815060992,3.99207731879981,2015
"Raisin",2015-07-15,2015,0.476054669787379,0.15178554688873,4.83643947131816,2015
"Raisin",2015-07-16,2015,0.372050743316717,0.0651767725518336,4.23105881815653,2015
"Raisin",2015-07-17,2015,0.237073170430656,0.0948292681722624,3.0769602014842,2015
"Raisin",2015-07-20,2015,0.151540889334106,0.0578248130353824,1.62108872406089,2015
"Raisin",2015-07-21,2015,0.143058611915292,0.0587912103761472,1.26401102308716,2015
"Raisin",2015-07-22,2015,0.124743547376139,0.0558553197206592,1.47644228461609,2015
"Raisin",2015-07-23,2015,0.119894434643491,0.0503260589861568,1.20190470284586,2015
"Raisin",2015-07-24,2015,0.0752175185936026,0.0258945555814042,0.805197371174139,2015
"Raisin",2015-07-27,2015,0.0531117299031057,0.022814316968688,0.68077921834565,2015
"Raisin",2015-07-28,2015,0.0567830611677934,0.0092480555647872,1.07184963995884,2015
"Raisin",2015-07-29,2015,0.0569807444719296,0.0149730423429888,0.810207957892839,2015
"Raisin",2015-07-30,2015,0.0672201524480533,0.0197096126005094,0.86618560639081,2015
"Raisin",2015-07-31,2015,0.0736634538066309,0.0256303254224102,0.892315033224653,2015
"Raisin",2015-08-03,2015,0.0943986708761242,0.0601661858331341,0.630707603216302,2015
"Raisin",2015-08-05,2015,0.0648053823839144,0.0394216717765651,0.615362681390285,2015
"Raisin",2015-08-06,2015,0.0878807489633862,0.0428909159011334,0.782987358365372,2015
"Raisin",2015-08-07,2015,0.0779919352630387,0.0444591708262733,0.613385848348923,2015
"Raisin",2015-08-10,2015,0.0875776182532071,0.0635913915978701,0.459643041023201,2015
"Raisin",2015-08-12,2015,0.0706830354762013,0.0460690175356992,0.469903978864132,2015
"Raisin",2015-08-13,2015,0.0540218560063069,0.0217109113973338,0.47891716317648,2015
"Raisin",2015-08-14,2015,0.0567037921200952,0.0338434795311379,0.439965233904793,2015
"Raisin",2015-08-17,2015,0.053090689353408,0.0345089480797152,0.31748232233338,2015
"Raisin",2015-08-19,2015,0.041836441840704,0.0267753227780506,0.296202008232184,2015
"Raisin",2015-08-20,2015,0.0965908025655552,0.0662336931878093,0.478814407003538,2015
"Raisin",2015-08-21,2015,0.0631803669061018,0.0276414105214195,0.451476371849852,2015
"Raisin",2015-08-24,2015,0.0409079664209059,0.0255349089761069,0.3257003695932,2015
"Raisin",2015-08-25,2015,0.0396166638476005,0.0269147775841862,0.2776471792895,2015
"Raisin",2015-08-26,2015,0.0459006931381179,0.0274358981755354,0.289165656961198,2015
"Raisin",2015-08-27,2015,0.0259214679124128,0.016749256189559,0.247250924703014,2015
"Raisin",2015-08-28,2015,0.0344556127328072,0.0039879181403712,0.325812912068327,2015
"Raisin",2015-08-31,2015,0.0284722675769226,0.015648297193751,0.270219375931116,2015
"Raisin",2015-09-01,2015,0.0210390817523363,0.0107160008925312,0.211819617642367,2015
"Raisin",2015-09-02,2015,0.0148367680850632,0.00692625537140544,0.199403246745199,2015
"Raisin",2015-09-03,2015,0.0191461662522104,0.00646140601761984,0.213906546583309,2015
"Raisin",2015-09-04,2015,0.0419895974698986,0.0289429887120192,0.274290477640059,2015
"Raisin",2015-09-10,2015,0.0239397417199584,0.0130157819059968,0.217084648217875,2015
"Raisin",2015-09-11,2015,0.0326678999811696,0.018410480985456,0.587422788652224,2015
"Raisin",2015-09-15,2015,0.0328814860263564,0.0240596239217242,0.173156384285136,2015
"Raisin",2015-09-16,2015,0.0197888816482076,0.0121448010115354,0.177171214756516,2015
"Raisin",2015-09-17,2015,0.0160174854436787,0.0112224420306029,0.187040700510048,2015
"Raisin",2015-09-18,2015,0.0153586226490762,0.00618249640534848,0.182220946683955,2015
"Raisin",2015-09-21,2015,0.0552387826830067,0.0385629237598349,0.292348651746856,2015
"Raisin",2015-09-22,2015,0.0358398851768698,0.0226357169538125,0.306210948791852,2015
"Raisin",2015-09-23,2015,0.0256596843289651,0.0150611190626534,0.268868866229591,2015
"Raisin",2015-09-24,2015,0.0260266706609011,0.0149412368608877,0.279063746530773,2015
"Raisin",2015-09-25,2015,0.0167345767362816,0.0083672883681408,0.228426972450244,2015
"Raisin",2015-09-28,2015,0.0171431548525037,0.0122451106089312,0.196621490349124,2015
"Raisin",2015-09-29,2015,0.0142831080389491,0.00748162802040192,0.197582994538796,2015
"Raisin",2015-09-30,2015,0.0202918975805146,0.0125949709120435,0.208516740654943,2015
"Raisin",2015-10-01,2015,0.0186331193601638,0.0113129653258138,0.213282669819018,2016
"Raisin",2015-10-02,2015,0.0104126255247974,0.00618249640534848,0.173760688445057,2016
"Raisin",2015-10-06,2015,0.0127229268131119,0.00715868004829824,0.157490961062561,2016
"Raisin",2015-10-07,2015,0.0140746598024095,0.00732015403435008,0.143408472218404,2016
"Raisin",2015-10-08,2015,0.00761961488120986,0.00532374838861824,0.137751989555497,2016
"Raisin",2015-10-09,2015,0.0230704734283793,0.00911104733419776,0.250228407142789,2016
"Raisin",2015-10-13,2015,0.00715965867851674,0.0045506305160064,0.15896869269249,2016
"Raisin",2015-10-14,2015,0.00972905231717798,0.00664000603249536,0.126737506446324,2016
"Raisin",2015-10-15,2015,0.0115767061696984,0.00779478969032064,0.137419255281208,2016
"Raisin",2015-10-20,2015,0.00819113492881152,0.00424725514827264,0.135305414009257,2016
"Raisin",2015-10-21,2015,0.014564953541876,0.00651278410409088,0.165483923372127,2016
"Raisin",2015-10-22,2015,0.0143799924305802,0.00515738125147392,0.164732824679432,2016
"Raisin",2015-10-23,2015,0.00837780864298963,0.00414449897533056,0.126999290029772,2016
"Raisin",2015-10-26,2015,0.0131268564357961,0.0068014800185472,0.219347730598147,2016
"Raisin",2015-10-27,2015,0.0132288786360743,0.00714155401947456,0.215606916587946,2016
"Raisin",2015-10-28,2015,0.022122670061766,0.00915753226957632,0.210141266817646,2016
"Raisin",2015-10-29,2015,0.0162941931379584,0.009358151464368,0.23945858158824,2016
"Raisin",2015-10-30,2015,0.0272303858296512,0.0058350826777824,0.425312692958362,2016
"Raisin",2015-11-02,2015,0.0590414950545275,0.0270371063614982,0.557718914945324,2016
"Raisin",2015-11-03,2015,0.0203471901878596,0.0103563542872339,0.291196314664577,2016
"Raisin",2015-11-04,2015,0.0559492682216348,0.0219408894986803,0.575659653425902,2016
"Raisin",2015-11-05,2015,0.0521768933868874,0.040011296483209,0.619093709098301,2016
"Raisin",2015-11-06,2015,0.0221292758157408,0.004403835983232,0.30826851882624,2016
"Raisin",2015-11-09,2015,0.0170526315572928,0.0060185758437504,0.289393188486998,2016
"Raisin",2015-11-10,2015,0.0265771501588051,0.00416896473079296,0.403868458295568,2016
"Raisin",2015-11-11,2015,0.015373057444799,0.00729568827888768,0.220955130732027,2016
"Raisin",2015-11-13,2015,0.0100341402877941,0.00371634825473856,0.243686264132143,2016
"Raisin",2015-11-16,2015,0.0152901185337815,0.0026545344676704,0.27978793289246,2016
"Raisin",2015-11-17,2015,0.0145913765577754,0.0026056029567456,0.220434010140678,2016
"Raisin",2015-11-18,2015,0.0123170399299907,0.0053090689353408,0.185817412736928,2016
"Raisin",2015-11-19,2015,0.0121467582719724,0.00454084421382144,0.209446439362514,2016
"Raisin",2015-11-20,2015,0.0139821792467616,0.003302876987424,0.227348032634352,2016
"Raisin",2015-11-23,2015,0.0143675148952944,0.008807671966464,0.243311938073568,2016
"Raisin",2015-11-24,2015,0.0112385894292081,0.00624366079400448,0.249178826233452,2016
"Raisin",2015-11-25,2015,0.0456237407862835,0.017615343932928,0.392234991573197,2016
"Raisin",2015-11-30,2015,0.054701759350607,0.00451148530726656,0.653037498226835,2016
"Raisin",2015-12-01,2015,0.072170064093206,0.0153302423727398,0.652124925548087,2016
"Raisin",2015-12-02,2015,0.0715293059576458,0.005443630590384,0.859004907162595,2016
"Raisin",2015-12-03,2015,0.0331285901565266,0.0049298497256736,0.622147035380008,2016
"Raisin",2015-12-04,2015,0.0217882231845949,0.00630237860711424,0.46727635672747,2016
"Raisin",2015-12-07,2015,0.0614481914193638,0.00585220870660608,0.630575488136805,2016
"Raisin",2015-12-08,2015,0.0149510231630726,0.00498367438769088,0.363808230301434,2016
"Raisin",2015-12-09,2015,0.0186282262090714,0.00482954012827776,0.38843301317434,2016
"Raisin",2015-12-10,2015,0.0129228120352397,0.00544118401483776,0.314228376856881,2016
"Raisin",2015-12-11,2015,0.0173657932272115,0.00734706636535872,0.354662930909589,2016
"Raisin",2015-12-14,2015,0.0178795740919219,0.00574700595811776,0.334603458005967,2016
"Raisin",2015-12-15,2015,0.0408455787444768,0.0175052480333472,0.427257720517622,2016
"Raisin",2015-12-16,2015,0.42142263783984,0.019450275592608,2.14925545298318,2016
"Raisin",2015-12-17,2015,0.015362047854841,0.00734706636535872,0.288539333621361,2016
"Raisin",2015-12-18,2015,0.0265820433098976,0.0077801102370432,0.384467114213885,2016
"Raisin",2015-12-21,2015,0.105004575869075,0.0232644868691962,0.897254669252511,2016
"Raisin",2015-12-22,2015,0.019450275592608,0.0071317677172896,0.330006342554582,2016
"Raisin",2015-12-23,2015,0.0248180623410586,0.010082337826055,0.376924321804827,2016
"Raisin",2016-01-18,2016,0.0587471720163149,0.0170281658018304,0.90462130822224,2016
"Raisin",2016-01-19,2016,0.696877685439909,0.234137279775168,2.84796073035613,2016
"Raisin",2016-01-20,2016,0.183052782369677,0.0170281658018304,1.50273563201153,2016
"Raisin",2016-01-21,2016,0.272663504901809,0.010642603626144,1.80711409571925,2016
"Raisin",2016-01-22,2016,0.131329728746617,0.0468274559550336,1.62406131334957,2016
"Raisin",2016-01-26,2016,1.49081591595025,0.0659841424820928,12.6561842322104,2016
"Raisin",2016-02-01,2016,0.219476909786989,0.031551038244311,1.17823408443599,2016
"Raisin",2016-02-02,2016,0.258339294393683,0.0159272068060224,1.27842379963006,2016
"Raisin",2016-02-03,2016,NA,NA,44.7545116399132,2016
"Raisin",2016-02-04,2016,0.46966103391239,0.263694358949293,4.98643657148259,2016
"Raisin",2016-02-05,2016,0.262177482110625,0.06177603254256,2.34007611271217,2016
"Raisin",2016-02-08,2016,0.139547776006437,0.0423942610652467,1.30362352775634,2016
"Raisin",2016-02-09,2016,0.0720173977791206,0.0229146265660838,0.924768857845526,2016
"Raisin",2016-02-10,2016,0.0771111680663923,0.0257037226887974,0.970693527423998,2016
"Raisin",2016-02-11,2016,0.0815810615893728,0.028624933891008,1.08917873455285,2016
"Raisin",2016-02-16,2016,0.148849656233242,0,1.00902891965803,2016
"Raisin",2016-02-17,2016,0.120797221020054,0.0014312466945504,1.31960945237547,2016
"Raisin",2016-02-18,2016,0.0482330136063485,0,0.71705459396975,2016
"Raisin",2016-02-19,2016,0.42256763519548,0,2.13109452270344,2016
"Raisin",2016-02-22,2016,0.10741494209723,0.0546467114008167,0.671983779256917,2016
"Raisin",2016-02-23,2016,0.073271023089014,0.0155895793806413,0.76648765288153,2016
"Raisin",2016-02-25,2016,0.0299847405796082,0.0102609378409306,0.499365641591954,2016
"Raisin",2016-02-26,2016,0.0345451573977996,0.0148213546591219,0.598554707387616,2016
"Raisin",2016-02-29,2016,0.400205934702847,0.0603325529702784,2.43341296980123,2016
"Raisin",2016-03-01,2016,0.819480479213088,0.223494676149024,3.49432152391728,2016
"Raisin",2016-03-02,2016,0.33447134292647,0.079636034030112,3.78460771247866,2016
"Raisin",2016-03-03,2016,0.36025824918384,0.072051649836768,3.22715547426787,2016
"Raisin",2016-03-04,2016,0.332822351008305,0.0660086082375552,3.27611145094813,2016
"Raisin",2016-03-07,2016,0.261030038179438,0.0549011552576256,2.60281386062289,2016
"Raisin",2016-03-08,2016,0.242162047566835,0.05137808647104,3.10323642285082,2016
"Raisin",2016-03-09,2016,0.170839477242847,0.0641492108224128,2.49506667356648,2016
"Raisin",2016-03-10,2016,0.243189609296256,0.052112059134912,2.90437876245243,2016
"Raisin",2016-03-11,2016,0.231250320630605,0.0565648266290688,2.58534531122273,2016
"Raisin",2016-03-14,2016,0.442570836861539,0.17502801457801,3.73274031089837,2016
"Raisin",2016-03-15,2016,0.345419768495894,0.10713554316985,3.22884361139478,2016
"Raisin",2016-03-16,2016,0.345847919216486,0.0966886655874048,3.21303873336607,2016
"Raisin",2016-03-17,2016,0.456154224294263,0.159810314680397,3.66174068854648,2016
"Raisin",2016-03-18,2016,0.176902091446429,0.0343499206692096,2.69074378575475,2016
"Raisin",2016-03-21,2016,0.446879745713576,0.0106866419859763,2.97266757909908,2016
"Raisin",2016-03-22,2016,0.058045004834544,0.014312466945504,1.03685871649651,2016
"Raisin",2016-03-23,2016,0.061411003471061,0.00289674544674816,1.03703486993584,2016
"Raisin",2016-03-24,2016,0.0471650833804147,0.00598921693719552,0.968755839591375,2016
"Raisin",2016-03-25,2016,1.47004938271377,0.12722192840448,9.45258928045286,2016
"Raisin",2016-03-28,2016,1.79363346445947,0.326373177868416,10.8554556986669,2016
"Raisin",2016-03-29,2016,1.53784399110008,0.244510760091226,8.95038071807618,2016
"Raisin",2016-03-30,2016,1.40812655563843,0.26423015899392,8.26269726353904,2016
"Raisin",2016-04-01,2016,1.56788549223236,0.247593445279488,8.8019469796858,2016
"Raisin",2016-04-05,2016,0.381372196147891,0.1100958995808,3.80931812549568,2016
"Raisin",2016-04-06,2016,0.659870783727483,0.14444582025001,4.07619058607954,2016
"Raisin",2016-04-07,2016,0.19446361071734,0.0182025220640256,2.48767801541683,2016
"Raisin",2016-04-08,2016,0.151778207162091,0.0469987162432704,1.98776923405361,2016
"Raisin",2016-04-11,2016,0.632170655392954,0.145326587446656,4.80546582490276,2016
"Raisin",2016-04-12,2016,0.937831124686902,0.14924110832064,6.83524276108531,2016
"Raisin",2016-04-13,2016,0.346699327506578,0.100236200129453,4.61676145302127,2016
"Raisin",2016-04-14,2016,0.695028074326952,0.143760779097062,5.91077972518307,2016
"Raisin",2016-04-15,2016,0.562076265993178,0.138720833471808,4.95284753580826,2016
"Raisin",2016-04-18,2016,0.0258945555814042,0.0184961111295744,2.05835293856264,2016
"Raisin",2016-04-19,2016,0.0622262024430682,0.0138280449873485,1.5556550610767,2016
"Raisin",2016-04-20,2016,0.436311517984038,0.0453203654185498,1.64183323811746,2016
"Raisin",2016-04-21,2016,0.0514837785346376,0.0206686702146355,1.4787494053562,2016
"Raisin",2016-04-22,2016,0.0541691398541906,0.0146403080687002,1.87029935577645,2016
"Raisin",2016-04-25,2016,0.06959724524878,0.0194307029882381,1.31068923793388,2016
"Raisin",2016-04-26,2016,0.130888121860521,0.0611448160516301,1.68148244141983,2016
"Raisin",2016-04-27,2016,0.0967948469661116,0.0290799969426086,1.77387981349913,2016
"Raisin",2016-04-28,2016,0.115813057317254,0.0272254926785587,1.81573093479311,2016
"Raisin",2016-04-29,2016,0.0884006462669622,0.0150195272783674,1.8602757357635,2016
"Raisin",2016-05-02,2016,0.691343531554314,0.139063354048282,6.56577693042244,2016
"Raisin",2016-05-03,2016,1.09286327732549,0.157877519998867,8.26225687994072,2016
"Raisin",2016-05-04,2016,0.920516709546161,0.13446379202135,6.80722947108086,2016
"Raisin",2016-05-05,2016,0.843231834615986,0.181340179487309,6.21356791478573,2016
"Raisin",2016-05-06,2016,0.599322932109135,0.15178554688873,5.58386830069448,2016
"Raisin",2016-05-13,2016,0.28257947559072,0.0602836214593536,2.96520063053196,2016
"Raisin",2016-05-14,2016,0.204668277320707,0.0868289661360576,2.4932317419068,2016
"Raisin",2016-05-15,2016,0.265389835802838,0.11386362592201,3.45094373948244,2016
"Raisin",2016-05-16,2016,0.267400920901847,0.10764932403456,3.24670361288233,2016
"Raisin",2016-05-17,2016,0.167583085190801,0.0664734575913408,2.00819813986472,2016
"Raisin",2016-05-18,2016,0.656607051948799,0.133216038492768,4.21850788560432,2016
"Raisin",2016-05-19,2016,0.286234170141693,0.0851163632536896,2.45621505389219,2016
"Raisin",2016-05-20,2016,0.153883240762076,0.0638605149079565,1.62123307201812,2016
"Raisin",2016-05-23,2016,0.0759544271481301,0.0262444158845165,1.29678290252905,2016
"Raisin",2016-05-24,2016,0.0504297937893174,0.0198319413778214,1.01992841371653,2016
"Raisin",2016-05-25,2016,0.0550831804782659,0.0246835006860154,0.913289525382568,2016
"Raisin",2016-05-27,2016,0.034531211917186,0.00944622818403264,0.72840915107985,2016
"Raisin",2016-05-31,2016,0.0440872913432448,0.0133093709715456,0.604744543519603,2016
"Raisin",2016-06-01,2016,0.0512068261828032,0.0173315411695642,0.616845306171306,2016
"Raisin",2016-06-02,2016,0.037931707268905,0.0148751793211392,0.507243614850847,2016
"Raisin",2016-06-03,2016,0.0438915652995456,0.0175566261198182,0.43306344428885,2016
"Raisin",2016-06-06,2016,0.233685152614223,0.122074333455191,1.73301955530137,2016
"Raisin",2016-06-07,2016,0.276181680537302,0.136127463392794,2.87438374625553,2016
"Raisin",2016-06-10,2016,0.119890030807508,0.0597013364793485,1.39140665835543,2016
"Raisin",2016-06-13,2016,0.0342960960071923,0.0119637544211136,0.839855560362175,2016
"Raisin",2016-06-14,2016,0.0265194109759139,0.00909636788092032,0.703219209255763,2016
"Raisin",2016-06-15,2016,0.0215736585091897,0.00200374537237056,0.710661692067425,2016
"Raisin",2016-06-16,2016,0.0669011189968235,0.0377261949230208,0.787219934060367,2016
"Raisin",2016-06-17,2016,0.0567576167821125,0.028869591445632,0.600487502069146,2016
"Raisin",2016-06-22,2016,0.0303480570482248,0.00757704446670528,0.456217835258465,2016
"Raisin",2016-06-23,2016,0.0187114097776435,0.0023487125243904,0.396149512447181,2016
"Raisin",2016-06-24,2016,0.0224801147490716,0.0106866419859763,0.456472279115274,2016
"Raisin",2016-06-28,2016,0.0237538019784442,0.0100872309771475,0.227450788807294,2016
"Raisin",2016-06-29,2016,0.0363536660415802,0.0248572075497984,0.212529124550776,2016
"Raisin",2016-06-30,2016,0.0217500566060736,0.0133607490580166,0.194818364171545,2016
"Raisin",2016-07-01,2016,0.0254052404721562,0.0132800120649907,0.293892440916534,2016
"Raisin",2016-07-05,2016,0.0156996752802221,0.0068259457740096,0.179749905382253,2016
"Raisin",2016-07-06,2016,0.0155015026609766,0.00904254321890304,0.144034795558241,2016
"Raisin",2016-07-07,2016,0.0294445366989984,0.0164483273973715,0.162858747811012,2016
"Raisin",2016-07-08,2016,0.0206099524015258,0.0122133051268301,0.192868443461192,2016
"Raisin",2016-07-11,2016,0.100271675474873,0.0631461148484544,0.732712677465687,2016
"Raisin",2016-07-12,2016,0.0632532748573797,0.032162682130871,0.693029222105674,2016
"Raisin",2016-07-13,2016,0.0379375790502159,0.0198025824712666,0.628471433167039,2016
"Raisin",2016-07-14,2016,0.0602041077541008,0.0424970172381888,0.807443327525587,2016
"Raisin",2016-07-15,2016,0.0324797583216637,0.0183199576902451,0.488532205073203,2016
"Raisin",2016-07-18,2016,0.0236241334744934,0.00632195121148416,0.406934017455007,2016
"Raisin",2016-07-19,2016,0.0213145661588429,0.0112493543616115,0.239492833645887,2016
"Raisin",2016-07-20,2016,0.013343623029193,0.00518918673357504,0.16457135069338,2016
"Raisin",2016-07-21,2016,0.0195677112188275,0.012059170867417,0.154038842966817,2016
"Raisin",2016-07-22,2016,0.0153449218260173,0.00767246091300864,0.143139348908317,2016
"Raisin",2016-07-25,2016,0.0160123476350316,0.009908630962272,0.13079392870199,2016
"Raisin",2016-07-27,2016,0.0169559918232163,0.0111686173685856,0.104375805953691,2016
"Raisin",2016-07-29,2016,0.0135295627707072,0.00811773766242432,0.101471720780304,2016
"Raisin",2016-08-01,2016,0.0341113795534512,0.0202918975805146,0.18997414458999,2016
"Raisin",2016-08-02,2016,0.164307120534386,0.0345089480797152,1.00966502930005,2016
"Raisin",2016-08-03,2016,0.0757861027505487,0.025209514428457,0.558548304055499,2016
"Raisin",2016-08-04,2016,0.055772136152087,0.0381176470104192,0.345566563028669,2016
"Raisin",2016-08-15,2016,0.0183003850858752,0.00839664727469568,0.118414256438016,2016
"Raisin",2016-08-16,2016,0.0372344332382266,0.0192447632467238,0.233865709889535,2016
"Raisin",2016-08-17,2016,0.0728027485294637,0.034731586454423,0.415443207204829,2016
"Raisin",2016-08-18,2016,0.0926175638784614,0.0561048704263757,0.387390771991642,2016
"Raisin",2016-08-19,2016,0.135002038641523,0.0772995543834528,0.621662613421853,2016
"Raisin",2016-08-22,2016,0.0717913341986481,0.0401629841670758,0.481397990780367,2016
"Raisin",2016-08-23,2016,0.0460856542494136,0.0311644793080051,0.229011704005795,2016
"Raisin",2016-08-24,2016,0.0331344619378376,0.0200814920835379,0.256457388483516,2016
"Raisin",2016-08-25,2016,0.0269074378575475,0.0137399682676838,0.202282866163123,2016
"Raisin",2016-08-26,2016,0.0208866600958055,0.00559776484979712,0.177379173677946,2016
"Raisin",2016-08-29,2016,0.062876991538368,0.0207494072076614,0.511818711122315,2016
"Raisin",2016-08-30,2016,0.0786525106605235,0.0358765838100634,0.534009151326712,2016
"Raisin",2016-08-31,2016,0.0414719020843142,0.019807475622359,0.31444367550495,2016
"Raisin",2016-09-02,2016,0.0311644793080051,0.0169988068952755,0.248371456303192,2016
"Raisin",2016-09-06,2016,0.0251038223648594,0.0109533187205165,0.485202415754771,2016
"Raisin",2016-09-07,2016,0.0241408502298593,0.00520631276239872,0.190441440519322,2016
"Raisin",2016-09-08,2016,0.0250010661919173,0.0141460998083597,0.165711454897928,2016
"Raisin",2016-09-12,2016,0.0466146038825107,0.031927810878432,0.332687789353261,2016
"Raisin",2016-09-13,2016,0.0586326722807509,0.0380026579597459,0.379251015149301,2016
"Raisin",2016-09-14,2016,0.0473989760026353,0.0292512572308454,0.296691323341432,2016
"Raisin",2016-09-15,2016,0.0921502679491296,0.0209329003736294,0.485552276057883,2016
"Raisin",2016-09-16,2016,0.0247803850776465,0.0168446726358624,0.200264441337475,2016
"Raisin",2016-09-19,2016,0.0348705519454495,0.0209622592801843,0.203966110138936,2016
"Raisin",2016-09-20,2016,0.0916633994154279,0.0769692666847104,0.811357848399571,2016
"Raisin",2016-09-21,2016,0.0322419511785692,0.0146403080687002,0.264523748059469,2016
"Raisin",2016-09-22,2016,0.0215641168645594,0.0146305217665152,0.208325907762336,2016
"Raisin",2016-09-26,2016,0.0149118779543328,0.0095661103857984,0.129423846396096,2016
"Raisin",2016-09-27,2016,0.0164409876707328,0.00712442799065088,0.14687282319188,2016
"Raisin",2016-09-28,2016,0.0293050818928627,0.0077801102370432,0.213175020494984,2016
"Raisin",2016-09-29,2016,0.0257184021420749,0.0110732009222822,0.204675617047346,2016
"Raisin",2016-09-30,2016,0.022691988191376,0.012416370897168,0.30826851882624,2016
"Raisin",2016-10-03,2016,0.279339720252389,0.126698361237585,1.76573271693015,2017
"Raisin",2016-10-04,2016,0.428858759555082,0.14255217077722,2.41136443097851,2017
"Raisin",2016-10-07,2016,0.0573567831333867,0.032162682130871,0.53987359291105,2017
"Raisin",2016-10-11,2016,0.0304089767793262,0.0174709959756998,0.285202204576289,2017
"Raisin",2016-10-12,2016,0.0372251362511508,0.0204827304731213,0.299671252356753,2017
"Raisin",2016-10-13,2016,0.0274767559871576,0.0123625462351507,0.273571184429464,2017
"Raisin",2016-10-14,2016,0.0232816128980198,0.0076333157042688,0.334720893632187,2017
"Raisin",2016-10-18,2016,0.0431282337291187,0.00877831305990912,0.246937763033096,2017
"Raisin",2016-10-19,2016,0.021835686750192,0.00856301441184,0.307840368105648,2017
"Raisin",2016-10-21,2016,0.0363854715236813,0.0160935739431667,0.333766729169153,2017
"Raisin",2016-10-31,2016,0.452494147277088,0.237807143094528,2.94616627278221,2017
"Raisin",2016-11-01,2016,0.200841833166388,0.0730792115661888,1.66570202914658,2017
"Raisin",2016-11-02,2016,1.204435929906,0.903424932780129,11.9698904325836,2017
"Raisin",2016-11-03,2016,0.350645164547554,0.195535210806593,2.29589095834708,2017
"Raisin",2016-11-04,2016,0.927790378645133,0.239324019933197,5.41593535520056,2017
"Raisin",2016-11-07,2016,0.275004877699561,0.132677791872595,1.96845596669159,2017
"Raisin",2016-11-08,2016,0.309066102454314,0.156394895217846,1.82088342289349,2017
"Raisin",2016-11-09,2016,0.199581846760074,0.0922310049421555,1.3411295308802,2017
"Raisin",2016-11-10,2016,0.172784504802108,0.0870418182085805,1.08607403018468,2017
"Raisin",2016-11-14,2016,0.0653402037983224,0.0319400437561632,0.538417880461037,2017
"Raisin",2016-11-15,2016,0.0596844551080794,0.0239079362378573,0.522559177770309,2017
"Raisin",2016-11-17,2016,0.0455637996854006,0.0222075662332205,0.411988642533539,2017
"Raisin",2016-11-18,2016,0.0448745993540248,0.0160813410654355,0.44415132466441,2017
"Raisin",2016-11-21,2016,0.0275973721615872,0.015178554688873,0.360835641012753,2017
"Raisin",2016-11-22,2016,0.0240449444684467,0.0126903873583469,0.346647949420107,2017
"Raisin",2016-11-23,2016,0.0227091142201997,0.0120224722342234,0.344644204047736,2017
"Raisin",2016-11-28,2016,0.0364723249555728,0.0090156308878944,0.373738880443622,2017
"Raisin",2016-11-29,2016,0.170967922459024,0.0256743637822426,1.17168460169871,2017
"Raisin",2016-11-30,2016,0.289348171496948,0.0856839687804173,2.22558616345033,2017
"Raisin",2016-12-01,2016,0.166721890598525,0.079636034030112,2.07310578910646,2017
"Raisin",2016-12-02,2016,0.362964161737981,0.0944622818403264,2.57338155680162,2017
"Raisin",2016-12-06,2016,0.0905186467173421,0.0538295551683725,1.06950826716108,2017
"Raisin",2016-12-07,2016,0.123383006714875,0.0679952275811021,1.28624305507585,2017
"Raisin",2016-12-08,2016,0.148353490712464,0.0848570262457882,1.17775700220447,2017
"Raisin",2016-12-09,2016,0.0801777058560495,0.0524129879270995,0.994430203373618,2017
"Raisin",2016-12-19,2016,NA,NA,NA,2017
"Raisin",2016-12-21,2016,NA,NA,NA,2017
"Raisin",2016-12-23,2016,NA,NA,NA,2017
"Raisin",2017-01-04,2017,0.874095385131804,0.202282866163123,5.40717661474502,2017
"Raisin",2017-01-05,2017,0.57806219061231,0.167272370096429,4.40743244928497,2017
"Raisin",2017-01-06,2017,0.595413304386244,0.15178554688873,3.77049097157685,2017
"Raisin",2017-01-07,2017,0.523234432621071,0.140971682974349,3.48495113957518,2017
"Raisin",2017-01-08,2017,0.394720712328177,0.14425009420631,3.29480328812141,2017
"Raisin",2017-01-09,2017,0.34751159058793,0.147528505438272,2.96040534246133,2017
"Raisin",2017-01-10,2017,0.335709310152868,0.150806916670234,2.39979702179589,2017
"Raisin",2017-01-11,2017,0.30817065580439,0.131136449278464,2.23915487142977,2017
"Raisin",2017-01-12,2017,0.663873381321132,0.18838631706048,3.46254050757162,2017
"Raisin",2017-01-13,2017,2.40478069618358,0.51877187882473,11.4402851172401,2017
"Raisin",2017-01-14,2017,2.05627824249942,0.412590500117914,9.82936191457382,2017
"Raisin",2017-01-15,2017,2.54198220624118,0.530221852381133,11.4367620484535,2017
"Raisin",2017-01-16,2017,2.04990735977702,0.587153665342138,8.64769039149536,2017
"Raisin",2017-01-17,2017,1.15387842487317,0.428444309657549,6.35850305014499,2017
"Raisin",2017-01-18,2017,1.34488257776813,0.399525786700992,6.3192599783833,2017
"Raisin",2017-01-19,2017,1.21196991464309,0.402608471889254,7.4068117401979,2017
"Raisin",2017-01-20,2017,1.39435478188865,0.392504114883283,7.57983356282799,2017
"Raisin",2017-01-21,2017,1.68381892106649,0.461913463130112,10.3064441460906,2017
"Raisin",2017-01-22,2017,1.30250788930725,0.390473457179904,7.77460544206416,2017
"Raisin",2017-01-23,2017,1.06233735423506,0.290359585827763,6.62146098985486,2017
"Raisin",2017-01-24,2017,0.840765686465376,0.272524050095674,6.55217397038534,2017
"Raisin",2017-01-25,2017,0.634054518563558,0.189193686990739,5.23094977814936,2017
"Raisin",2017-01-26,2017,0.473828286040301,0.172703767809082,3.88804892657368,2017
"Raisin",2017-01-27,2017,0.36566518114103,0.147822094503821,3.57496065392135,2017
"Raisin",2017-01-28,2017,0.291778599644582,0.124579626814541,2.61617216310536,2017
"Raisin",2017-01-29,2017,0.213830702741376,0.101288227614336,2.02013742853037,2017
"Raisin",2017-01-30,2017,0.194649550458854,0.099820282286592,1.52725031898486,2017
"Raisin",2017-01-31,2017,0.13515372632539,0.0741165595977946,1.49759048363779,2017
"Raisin",2017-02-01,2017,0.113442814928056,0.0607729365686016,1.26205131607463,2017
"Raisin",2017-02-02,2017,0.0977064410146406,0.0507321905268326,1.12174510164885,2017
"Raisin",2017-02-03,2017,0.0740529486335923,0.0330874876873498,0.928025249897572,2017
"Raisin",2017-02-04,2017,0.0772873215057216,0.0412199048030515,1.00301768354092,2017
"Raisin",2017-02-05,2017,0.0629748545602176,0.0363854715236813,0.771092108059553,2017
"Raisin",2017-02-06,2017,0.070226504479273,0.0307240957096819,0.763713236212094,2017
"Raisin",2017-02-07,2017,0.07737295164984,0.0336404137608,0.8043117108264,2017
"Raisin",2017-02-08,2017,3.94343939694056,0.42570414504576,13.9489058193327,2017
"Raisin",2017-02-09,2017,2.31174476788671,0.44772332496192,14.2077535121249,2017
"Raisin",2017-02-10,2017,1.8714345668299,0.324415917431424,9.02639582029786,2017
"Raisin",2017-02-11,2017,1.98246016511827,0.4770822315168,6.86998413384192,2017
"Raisin",2017-02-12,2017,1.54476779989594,0.41041304788176,7.59600542718864,2017
"Raisin",2017-02-13,2017,1.08035148998202,0.32172468433056,7.61844052494766,2017
"Raisin",2017-02-14,2017,0.604879105174646,0.144592614782784,4.2172845978312,2017
"Raisin",2017-02-15,2017,0.405571274875751,0.127613380491878,2.76362727127724,2017
"Raisin",2017-02-16,2017,0.326221490184549,0.0903275691671808,2.38673230837897,2017
"Raisin",2017-02-17,2017,0.242453190056838,0.0828899795066112,2.32684013900701,2017
"Raisin",2017-02-18,2017,0.178795740919219,0.053946990794592,1.7930952178393,2017
"Raisin",2017-02-19,2017,0.146577276865894,0.0391794607974874,1.49342885863364,2017
"Raisin",2017-02-20,2017,0.123980705120821,0.033508298681303,1.21048728986207,2017
"Raisin",2017-02-21,2017,0.113847967838514,0.0405152910457344,1.17089191122172,2017
"Raisin",2017-02-22,2017,0.100315713834706,0.0382155100322688,1.29741656559553,2017
"Raisin",2017-02-23,2017,0.0962600255517036,0.0347707316631629,0.838157636933084,2017
"Raisin",2017-02-24,2017,0.100632545367944,0.0302788189602662,0.972484420723845,2017
"Raisin",2017-02-25,2017,0.18104659042176,0.04648493537856,1.50709053648384,2017
"Raisin",2017-02-26,2017,0.67764270849537,0.0794647737418752,3.49370988003072,2017
"Raisin",2017-02-27,2017,0.308774959964312,0.0570296759828544,2.50115864667661,2017
"Raisin",2017-02-28,2017,0.246942656184188,0.06666918363504,1.8320691662909,2017
"Raisin",2017-03-01,2017,0.843403094904223,0.104321981291674,1.29198761445842,2017
"Raisin",2017-03-02,2017,6.29572392162847,0.57249867782016,13.1410465739643,2017
"Raisin",2017-03-03,2017,4.45759458770953,0.44415132466441,9.36546672525126,2017
"Raisin",2017-03-04,2017,3.68302344922323,0.453472777495584,7.95638600514979,2017
"Raisin",2017-03-05,2017,3.06536343339502,0.451246393748506,7.53892681969486,2017
"Raisin",2017-03-06,2017,1.94696524709342,0.350618741531654,4.70241606289513,2017
"Raisin",2017-03-07,2017,1.02230648514748,0.214320017850624,6.16170051320544,2017
"Raisin",2017-03-08,2017,0.579740541437031,0.121350147093504,3.20207807491891,2017
"Raisin",2017-03-09,2017,0.439130951643525,0.104224118269824,3.31085282370474,2017
"Raisin",2017-03-10,2017,0.3379332473244,0.0703390469544,2.6239522733424,2017
"Raisin",2017-03-11,2017,0.245227606726274,0.0624610736955072,2.1291079033599,2017
"Raisin",2017-03-12,2017,0.187436801090984,0.0498881219633798,1.7294548947305,2017
"Raisin",2017-03-13,2017,0.155130260317994,0.0386216415729446,1.37321392259359,2017
"Raisin",2017-03-14,2017,0.128371818911213,0.0369555236259552,1.32067371273808,2017
"Raisin",2017-03-15,2017,0.100686370029961,0.031795695798935,1.24533141879162,2017
"Raisin",2017-03-16,2017,0.0867996072295027,0.0160740013387968,0.924255076980816,2017
"Raisin",2017-03-17,2017,0.0819774068278637,0.0257184021420749,1.01105468421032,2017
"Raisin",2017-03-18,2017,0.0833181302272032,0.025505550069552,0.911398322485325,2017
"Raisin",2017-03-19,2017,0.100524896043909,0.033508298681303,1.26703254388677,2017
"Raisin",2017-03-20,2017,0.140609589793505,0.0395464471294234,1.19957556292584,2017
"Raisin",2017-03-21,2017,0.184344574258092,0.042937400836512,1.67742112601307,2017
"Raisin",2017-03-22,2017,0.290139394028602,0.0519652646021376,1.53874922405219,2017
"Raisin",2017-03-23,2017,0.179473442345528,0.0213341387632128,1.84540300301791,2017
"Raisin",2017-03-24,2017,0.173618787063375,0.027646303672512,1.8523023460583,2017
"Raisin",2017-03-25,2017,0.97377621261226,0.0775075133048832,3.83662190859172,2017
"Raisin",2017-03-26,2017,0.432500731913215,0.0585710185769856,2.66960537303524,2017
"Raisin",2017-03-27,2017,0.395640624733563,0.0598921693719552,2.71980910324408,2017
"Raisin",2017-03-28,2017,0.35047194699888,0.08073699302592,3.56343728309856,2017
"Raisin",2017-03-29,2017,0.379375790502159,0.0799051573401984,2.49443056392445,2017
"Raisin",2017-03-31,2017,9.478231838753,0.984086081964115,23.8202754360355,2017
"Raisin",2017-04-02,2017,5.84979882969303,0.682765837689197,15.2407221735029,2017
"Raisin",2017-04-03,2017,4.47848100314778,0.717482744690343,14.5000948241451,2017
"Raisin",2017-04-04,2017,2.42925379137262,0.524154345026458,13.6481727531889,2017
"Raisin",2017-04-05,2017,1.45289888813462,0.321993807640646,7.61790227832749,2017
"Raisin",2017-04-07,2017,4.15369809938442,0.69228301656407,20.3069684858794,2017
"Raisin",2017-04-08,2017,3.85482443065574,0.585220870660608,18.7270678611395,2017
"Raisin",2017-04-09,2017,3.95755613784236,0.58238284302697,15.6449209194972,2017
"Raisin",2017-04-10,2017,3.12572045212076,0.535481989805549,13.8353602482317,2017
"Raisin",2017-04-11,2017,1.6646500016617,0.356710714641792,10.4139711413479,2017
"Raisin",2017-04-12,2017,1.10501052491257,0.272842104916685,8.04081732725053,2017
"Raisin",2017-04-15,2017,0.507821006679759,0.167835082472064,4.31096397549673,2017
"Raisin",2017-04-16,2017,0.398087200279803,0.0925784186697216,3.55585289890522,2017
"Raisin",2017-04-17,2017,0.330637559045512,0.109361926916928,3.20794985622989,2017
"Raisin",2017-04-18,2017,0.268267008645216,0.0536534017290432,2.31656452171281,2017
"Raisin",2017-04-19,2017,0.228999471128064,0.0457998942256128,2.06385773354168,2017
"Raisin",2017-04-20,2017,0.211384127195136,0.0369922222591488,1.89453023998641,2017
"Raisin",2017-04-21,2017,0.906333911104608,0.053090689353408,5.11566713841053,2017
"Raisin",2017-04-22,2017,0.347266933033306,0.0628035942719808,3.89012851578799,2017
"Raisin",2017-04-23,2017,0.49166382177239,0.103710337405114,3.91410495614114,2017
"Raisin",2017-04-24,2017,0.366399153804902,0.0457998942256128,3.11439280734167,2017
"Raisin",2017-04-25,2017,0.23171516998439,0.0391207429843776,2.39539318581266,2017
"Raisin",2017-04-26,2017,0.176006644796506,0.0240009061086144,1.78406735407367,2017
"Raisin",2017-04-27,2017,0.147748697237434,0.024221097907776,1.90620040534197,2017
"Raisin",2017-04-28,2017,0.149568949443836,0.0173413274717491,1.7904920614581,2017
"Raisin",2017-04-30,2017,0.136538488084562,0.0298677942684979,1.56805919909614,2017
"Raisin",2017-05-01,2017,0.167541493406515,0.0340318658481984,2.22516045930528,2017
"Raisin",2017-05-02,2017,0.249697500249254,0.061653703765248,2.68810148416481,2017
"Raisin",2017-05-03,2017,0.3149966015784,0.061164388656,2.7768632449824,2017
"Raisin",2017-05-04,2017,0.346484028858509,0.0821560068427392,3.23623226954442,2017
"Raisin",2017-05-05,2017,2.12242875211866,0.46291655910407,12.3852015247089,2017
"Raisin",2017-05-06,2017,4.7463565597056,0.9296987075712,24.4290568292064,2017
"Raisin",2017-05-07,2017,3.21139952775009,0.65516846552761,20.0309702985081,2017
"Raisin",2017-05-08,2017,2.80120667166749,0.604181831143968,15.8075937275667,2017
"Raisin",2017-05-09,2017,1.74043267920648,0.5137808647104,4.174469525772,2017
"Raisin",2017-05-10,2017,0.905957138470487,0.319669560871718,6.74026669838028,2017
"Raisin",2017-05-11,2017,0.477434538395459,0.160984670942592,3.71184655573348,2017
"Raisin",2017-05-12,2017,0.329795937057606,0.111490447642157,3.17927599082796,2017
"Raisin",2017-05-13,2017,0.227042210691072,0.0681126632073216,2.4832741794336,2017
"Raisin",2017-05-14,2017,0.186477988134413,0.0655192931283072,2.24529577605084,2017
"Raisin",2017-05-15,2017,0.15929775710346,0.0531763194975264,1.9513397241701,2017
"Raisin",2017-05-16,2017,0.127777301053476,0.0425924336844922,1.56780720181488,2017
"Raisin",2017-05-17,2017,0.117450305672797,0.0279643584935232,1.34042491712288,2017
"Raisin",2017-05-18,2017,0.106132447195891,0.0283019859189043,1.30012247814967,2017
"Raisin",2017-05-19,2017,0.0984991314916224,0.0209916181867392,1.15130952054962,2017
"Raisin",2017-05-20,2017,0.0865598428259712,0.0119392886656512,1.03125605849562,2017
"Raisin",2017-05-21,2017,0.0960036244344576,0.0192007248868915,1.09124119773833,2017
"Raisin",2017-05-22,2017,0.112285584694685,0.0351939892326624,1.09436547471088,2017
"Raisin",2017-05-23,2017,0.139821792467616,0.0503358452883418,1.32364630202676,2017
"Raisin",2017-05-24,2017,0.159631714665521,0.0684135919995091,1.35423828265695,2017
"Raisin",2017-05-25,2017,0.172454217103365,0.0803479875140679,1.32476194047585,2017
"Raisin",2017-05-26,2017,0.295458249266127,0.142175398143099,1.95491172446761,2017
"Raisin",2017-05-27,2017,0.199425265925115,0.0910419692266829,1.71245608783523,2017
"Raisin",2017-05-28,2017,0.465314203139386,0.129448312151558,2.92483213401899,2017
"Raisin",2017-05-29,2017,2.2875481357344,0.278664954716736,8.33915274935904,2017
"Raisin",2017-05-30,2017,0.834526918822464,0.24955070571648,5.10477987722976,2017
"Raisin",2017-05-31,2017,0.537294902285313,0.180997658910835,4.11602083597233,2017
"Raisin",2017-06-01,2017,0.493229630121984,0.145228724424806,3.34300082638234,2017
"Raisin",2017-06-02,2017,0.299146461902084,0.11783931118465,2.47255817854107,2017
"Raisin",2017-06-03,2017,0.164738696460743,0.0686411235253095,1.34830778353286,2017
"Raisin",2017-06-04,2017,0.139554137102857,0.0570835006448717,1.21227329001083,2017
"Raisin",2017-06-05,2017,0.12901771485542,0.049675269890857,1.16184936800282,2017
"Raisin",2017-06-06,2017,0.125395070444103,0.0400064033321165,0.96515448038731,2017
"Raisin",2017-06-07,2017,0.107380200724474,0.037187948302848,0.887862265730496,2017
"Raisin",2017-06-08,2017,0.0975302875753113,0.0333712904507136,0.78045759925056,2017
"Raisin",2017-06-09,2017,0.0864208773349448,0.0300341614056422,0.715006810237548,2017
"Raisin",2017-06-10,2017,0.0819054775068042,0.023058974523312,0.600455696587045,2017
"Raisin",2017-06-11,2017,0.0750031985757519,0.0285808955311757,0.610591859075117,2017
"Raisin",2017-06-12,2017,0.0720624147691715,0.0272842104916685,0.556918884741704,2017
"Raisin",2017-06-13,2017,0.0662777315476416,0.0246614815060992,0.483210903260131,2017
"Raisin",2017-06-14,2017,0.0703684058609549,0.0285760023800832,0.542229645162079,2017
"Raisin",2017-06-15,2017,0.151408774254609,0.0577538623445414,0.941231864696175,2017
"Raisin",2017-06-16,2017,0.185291398994486,0.0750854035141056,1.14323582124703,2017
"Raisin",2017-06-17,2017,0.0967767423070695,0.046719806630999,0.727494131825557,2017
"Raisin",2017-06-18,2017,0.0819994260077798,0.0302103148449715,0.825748605762555,2017
"Raisin",2017-06-19,2017,0.0741703842598118,0.0342863097050074,0.613654971659009,2017
"Raisin",2017-06-20,2017,0.0734559842003098,0.0367279921001549,0.869909294372187,2017
"Raisin",2017-06-21,2017,0.0656465150567117,0.0328232575283558,0.766296819988923,2017
"Raisin",2017-06-22,2017,0.06299932031568,0.030582194328,0.64039114922832,2017
"Raisin",2017-06-23,2017,0.0700209921333888,0.0317076190792704,0.542992976732506,2017
"Raisin",2017-06-25,2017,0.0650250848679667,0.0328477232838182,0.6717024230691,2017
"Raisin",2017-06-26,2017,0.0683768933663155,0.0301662764851392,0.729353529240699,2017
"Raisin",2017-06-27,2017,0.0538723702404317,0.0281723174149536,0.425459487491136,2017
"Raisin",2017-06-28,2017,0.0479039491953792,0.0193768783262208,0.384846333423552,2017
"Raisin",2017-06-29,2017,0.0473265573664666,0.0223910593991885,0.34502586983295,2017
"Raisin",2017-06-30,2017,0.0502037302088448,0.0206099524015258,0.329759238424412,2017
"Raisin",2017-07-01,2017,0.576264446900933,0.140198565101737,3.91347373965021,2017
"Raisin",2017-07-02,2017,0.20551919629569,0.0767931132453811,2.37407861965382,2017
"Raisin",2017-07-03,2017,0.153966424330648,0.067647813853536,1.68037169612183,2017
"Raisin",2017-07-05,2017,0.107218726738422,0.0441362228541696,0.813828889701274,2017
"Raisin",2017-07-06,2017,0.0818526314750054,0.0312965943875021,0.756735602754217,2017
"Raisin",2017-07-07,2017,0.0655290794304922,0.0237807143094528,0.673126330037011,2017
"Raisin",2017-07-08,2017,0.0630105745631927,0.0243581061383654,0.698052041702104,2017
"Raisin",2017-07-09,2017,0.0543898209684614,0.022997810134656,0.553672278991843,2017
"Raisin",2017-07-10,2017,0.0565171184059171,0.0195481386144576,0.596793172994323,2017
"Raisin",2017-07-11,2017,0.0609593656252251,0.0314091368626291,0.599337611562413,2017
"Raisin",2017-07-12,2017,0.0671193535355482,0.0347658385120704,0.54986785401744,2017
"Raisin",2017-07-13,2017,0.0853732536860448,0.043671373500384,0.679047042858912,2017
"Raisin",2017-07-14,2017,0.0989189638553572,0.0571617910623514,0.743103283810568,2017
"Raisin",2017-07-15,2017,0.107703148696577,0.0564057992185632,0.699219058237661,2017
"Raisin",2017-07-16,2017,0.0994826548612109,0.0515248810038144,0.696576756647722,2017
"Raisin",2017-07-17,2017,0.0844293648403054,0.0458855243697312,0.570649066707203,2017
"Raisin",2017-07-18,2017,0.0666545041817626,0.0442096201205568,0.916839506500163,2017
"Raisin",2017-07-19,2017,0.0570639280405018,0.0395953786403482,0.746489344366564,2017
"Raisin",2017-07-20,2017,0.0673346521836173,0.0435294721187021,0.824339378247921,2017
"Raisin",2017-07-21,2017,0.0507321905268326,0.0216668730375014,0.710779127693645,2017
"Raisin",2017-07-22,2017,0.0556718265546912,0.0215665634401056,0.741287924755258,2017
"Raisin",2017-07-23,2017,0.0506685795626304,0.0204533715665664,0.707035867107898,2017
"Raisin",2017-07-24,2017,0.0690521482170778,0.0431575926356736,0.545224253630677,2017
"Raisin",2017-07-25,2017,0.068993430403968,0.0367964962154496,0.343242316259741,2017
"Raisin",2017-07-26,2017,0.0536338291246733,0.031325953294057,0.268643781279337,2017
"Raisin",2017-07-27,2017,0.0526136071218912,0.0333982027817222,0.239735044624965,2017
"Raisin",2017-07-28,2017,0.03792192096672,0.0238908102090336,0.176716151704915,2017
"Raisin",2017-07-29,2017,0.0340465453014758,0.0194551687437005,0.163284451956058,2017
"Raisin",2017-07-30,2017,0.0323070300880992,0.0176838480482227,0.147932190403402,2017
"Raisin",2017-07-31,2017,0.0326079588802867,0.0163039794401434,0.157716046012815,2017
"Raisin",2017-08-01,2017,0.0279161609552623,0.00710485538628096,0.196271630046012,2017
"Raisin",2017-08-02,2017,0.0234137279775168,0.0002691233100864,0.234944649705427,2017
"Raisin",2017-08-03,2017,0.0306286792633786,0.0006361096420224,0.332049233135693,2017
"Raisin",2017-08-04,2017,0.0220950237580934,0.0002691233100864,0.235752019635686,2017
"Raisin",2017-08-05,2017,0.0208149754323007,0.00025199728126272,0.233097485168016,2017
"Raisin",2017-08-06,2017,0.0186429056623488,0.000244657554624,0.224595635144832,2017
"Raisin",2017-08-07,2017,0.0223773585761295,0.00529194290651712,0.187737974540726,2017
"Raisin",2017-08-08,2017,0.0223538714508856,0.0113618968367386,0.140306214425772,2017
"Raisin",2017-08-09,2017,0.0224106320035584,0.010520274848832,0.12966850395072,2017
"Raisin",2017-08-10,2017,0.0212118099859008,0.009296987075712,0.12477535285824,2017
"Raisin",2017-08-11,2017,0.0198669763396436,0.010029002479147,0.114378385416938,2017
"Raisin",2017-08-12,2017,0.0157915686577389,0.00729862416954317,0.102401908802984,2017
"Raisin",2017-08-13,2017,0.0123578977416129,0.00431282337291187,0.101848982729534,2017
"Raisin",2017-08-14,2017,0.0156556369203898,0.00713421429283584,0.0879886429449754,2017
"Raisin",2017-08-15,2017,0.0158963799541398,0.0075405904910663,0.113720256595,2017
"Raisin",2017-08-16,2017,0.0150955668463445,0.00673909234211808,0.111291296392693,2017
"Raisin",2017-08-17,2017,0.0159132613254088,0.00673786905434496,0.118507226308773,2017
"Raisin",2017-08-18,2017,0.0223597432321966,0.0062886777840553,0.160477740489411,2017
"Raisin",2017-08-19,2017,0.0270468926636832,0.0104958090933696,0.151516423578643,2017
"Raisin",2017-08-20,2017,0.0337759540460617,0.0136665710012966,0.170832137516208,2017
"Raisin",2017-08-21,2017,0.0351426111461914,0.0191982783113453,0.155213199229012,2017
"Raisin",2017-08-23,2017,0.030083092916567,0.00539225250391296,0.217960522263429,2017
"Raisin",2017-08-24,2017,0.0353358906143443,0.0032294797210368,0.257012761132512,2017
"Raisin",2017-08-25,2017,0.0228022798170005,0.00209622592801843,0.159778998513405,2017
"Raisin",2017-08-26,2017,0.0239235209240868,0.00691916030232134,0.133770432511546,2017
"Raisin",2017-08-27,2017,0.0199816962670068,0.00608047420507027,0.109029192642639,2017
"Raisin",2017-08-28,2017,0.0192623785906568,0.00753055953132672,0.111769357254428,2017
"Raisin",2017-08-29,2017,0.0218939152481925,0.0107140436320942,0.141378793145243,2017
"Raisin",2017-08-30,2017,0.0314874272801088,0.0124041380194368,0.22518281327593,2017
"Raisin",2017-08-31,2017,0.0298286490597581,0.0152250396242515,0.128636049070207,2017
"Raisin",2017-09-01,2017,0.0279643584935232,0.00994288301991936,0.19668265473778,2017
"Raisin",2017-09-02,2017,0.0259116816102278,0.0043671373500384,0.20700231039182,2017
"Raisin",2017-09-03,2017,0.0220925771825472,0.007706712970656,0.172116589677984,2017
"Raisin",2017-09-04,2017,0.0208741825605197,0.00819113492881152,0.150875420785528,2017
"Raisin",2017-09-06,2017,0.0213219058854816,0.0074498225383008,0.135124367418835,2017
"Raisin",2017-09-07,2017,0.0223494676149024,0.0069360416735904,0.12793143531289,2017
"Raisin",2017-09-08,2017,0.0257551007752685,0.00976917615613632,0.165779959013222,2017
"Raisin",2017-09-09,2017,0.0193524125707584,0.006911575918128,0.12744945993028,2017
"Raisin",2017-09-10,2017,0.0182318809705805,0.00554883333887232,0.130265468384003,2017
"Raisin",2017-09-11,2017,0.0182392206972192,0.0059084799441696,0.107893981589184,2017
"Raisin",2017-09-12,2017,0.0174634115915065,0.00529194290651712,0.121462689568631,2017
"Raisin",2017-09-13,2017,0.0162207958715712,0.006605753974848,0.11743562621952,2017
"Raisin",2017-09-14,2017,0.014557124500128,0.0062886777840553,0.102249242488899,2017
"Raisin",2017-09-15,2017,0.0132993889433169,0.00489119383204301,0.103646726440911,2017
"Raisin",2017-09-16,2017,0.0126938125641116,0.00419245185603686,0.111099974184977,2017
"Raisin",2017-09-17,2017,0.0124419131458707,0.00385971758174822,0.101941952600291,2017
"Raisin",2017-09-18,2017,0.0130490553334257,0.00486574944636211,0.119432031865252,2017
"Raisin",2017-09-19,2017,0.014434795722816,0.0061164388656,0.108383296698432,2017
"Raisin",2017-09-20,2017,0.0145307014842286,0.0072653507421143,0.12487321588009,2017
"Raisin",2017-09-21,2017,0.0130431835521147,0.0058228498000512,0.116922823985028,2017
"Raisin",2017-09-22,2017,0.0140766170628465,0.0056760552672768,0.116018569663138,2017
"Raisin",2017-09-23,2017,0.0137419255281208,0.00489119383204301,0.115292426041014,2017
"Raisin",2017-09-24,2017,0.0132702257628058,0.00641394245202279,0.116556816283311,2017
"Raisin",2017-09-25,2017,0.0141549074803261,0.00619277202264269,0.107709999108107,2017
"Raisin",2017-09-26,2017,0.0128318972879414,0.00482244505919366,0.0979166018540627,2017
"Raisin",2017-09-27,2017,0.0136545827811201,0.00631779203305555,0.0888566879487813,2017
"Raisin",2017-09-28,2017,0.0123807487572147,0.00635375669358528,0.0715251467792171,2017
"Raisin",2017-09-29,2017,0.0142684285856717,0.00614335119660864,0.0755037679325126,2017
"Raisin",2017-09-30,2017,0.0140145719069938,0.0067168285046473,0.0729774340234652,2017
"Raisin",2017-10-01,2017,0.0154772815630689,0.00673786905434496,0.0871959524679936,2018
"Raisin",2017-10-02,2017,0.014074953391475,0.0067290613823785,0.0775711242690855,2018
"Raisin",2017-10-03,2017,0.011888008442202,0.00542063278024935,0.086356287740524,2018
"Raisin",2017-10-04,2017,0.011888008442202,0.00635522463891303,0.0852347775101276,2018
"Raisin",2017-10-05,2017,0.010654347188766,0.0046729592933184,0.0829917570493348,2018
"Raisin",2017-10-06,2017,0.0105982716772461,0.00448604092158566,0.101683594222608,2018
"Raisin",2017-10-07,2017,0.0120290779881982,0.00554883333887232,0.0961137203340384,2018
"Raisin",2017-10-08,2017,0.0138919006091053,0.00733238691208128,0.104436970342347,2018
"Raisin",2017-10-09,2017,0.0142905211628542,0.0073284723912073,0.118333274787435,2018
"Raisin",2017-10-10,2017,0.0153049937131026,0.00751979459892327,0.104171272238025,2018
"Raisin",2017-10-11,2017,0.0230100430123872,0.0102266857832832,0.144788340826483,2018
"Raisin",2017-10-12,2017,0.0244070376492902,0.0113521105345536,0.154104900506565,2018
"Raisin",2017-10-13,2017,0.0337656784287675,0.0159492259859386,0.195280766949784,2018
"Raisin",2017-10-15,2017,0.0350535557963082,0.0172532507520845,0.208722253000827,2018
"Raisin",2017-10-16,2017,0.0327931646491371,0.0159492259859386,0.170773419703098,2018
"Raisin",2017-10-17,2017,0.0325370081894458,0.0182025220640256,0.1896096048336,2018
"Raisin",2017-10-18,2017,0.0279687623295064,0.0164312013685478,0.194674016214317,2018
"Raisin",2017-10-19,2017,0.0274109431049637,0.0156336177404736,0.174401691238172,2018
"Raisin",2017-10-20,2017,0.0259476462707576,0.0156434040426586,0.164255742447915,2018
"Raisin",2017-10-21,2017,0.0257869062573696,0.0149730423429888,0.17135815125865,2018
"Raisin",2017-10-22,2017,0.0248718870030758,0.0130402476614592,0.152030204443354,2018
"Raisin",2017-10-23,2017,0.0240576666612872,0.0130451408125517,0.154721437544218,2018
"Raisin",2017-10-25,2017,0.0251654760686246,0.012242664033385,0.15711418842844,2018
"Raisin",2017-10-26,2017,0.0269759419728422,0.0131234312300314,0.188102514297116,2018
"Raisin",2017-10-27,2017,0.0281943365948698,0.0143075737944115,0.173374129508751,2018
"Raisin",2017-10-29,2017,0.0268756323754464,0.00785595407897664,0.193504553103214,2018
"Raisin",2017-10-30,2017,0.0273037830960384,0.0127711243513728,0.173511137739341,2018
"Raisin",2017-10-31,2017,0.0252515955278523,0.0116408064490099,0.172373480110339,2018
"Raisin",2017-11-01,2017,0.0233970912638024,0.0084162198790656,0.18347359336363,2018
"Raisin",2017-11-02,2017,0.0274814044806954,0.0104419844313523,0.261998882095749,2018
"Raisin",2017-11-03,2017,0.0654023468171969,0.0312183039700224,0.427690764389307,2018
"Raisin",2017-11-04,2017,0.10794560433321,0.0421593898128077,0.60428458731691,2018
"Raisin",2017-11-05,2017,0.115368759198056,0.0495725137179149,0.91634040508873,2018
"Raisin",2017-11-06,2017,0.231513327501826,0.098596994513472,1.23815071956341,2018
"Raisin",2017-11-07,2017,0.383133730541184,0.17860001487552,1.55602204740864,2018
"Raisin",2017-11-08,2017,0.669422214660004,0.194551687437005,2.89361383004897,2018
"Raisin",2017-11-09,2017,0.734090099498219,0.214760401448947,3.46963557665572,2018
"Raisin",2017-11-10,2017,0.395849806942767,0.167309068729622,1.68171486609672,2018
"Raisin",2017-11-11,2017,0.260863671042294,0.111490447642157,1.14247738282769,2018
"Raisin",2017-11-12,2017,0.161571604416135,0.0755722720478074,0.859993323683276,2018
"Raisin",2017-11-13,2017,0.11318959435902,0.0514881823706208,0.637271765406864,2018
"Raisin",2017-11-14,2017,0.0718143320087827,0.037912134664535,0.459320093051098,2018
"Raisin",2017-11-15,2017,0.0619952457115031,0.0335865890987827,0.490504144963473,2018
"Raisin",2017-11-16,2017,0.0554178720129915,0.0265893830365363,0.394642421910697,2018
"Raisin",2017-11-17,2017,0.0491688287527853,0.0276707694279744,0.393066827258918,2018
"Raisin",2017-11-18,2017,0.0759955296173069,0.0309442875088435,0.516041500515126,2018
"Raisin",2017-11-19,2017,1.14964584917818,0.262517556111552,6.56746506754935,2018
"Raisin",2017-11-20,2017,1.32784217908857,0.27472596808729,7.0320208322694,2018
"Raisin",2017-11-21,2017,1.79007614361524,0.46597477853687,8.47131676036692,2018
"Raisin",2017-11-22,2017,1.79804953332043,0.556718265546912,7.75894735856822,2018
"Raisin",2017-11-23,2017,0.984352758698655,0.370264743167962,4.4313599581272,2018
"Raisin",2017-11-24,2017,0.563624948313948,0.243311938073568,2.45888182123759,2018
"Raisin",2017-11-25,2017,0.271655515776758,0.125064048772696,1.53767273081184,2018
"Raisin",2017-11-26,2017,0.167407421066581,0.0789974778125434,1.2740444294023,2018
"Raisin",2017-11-27,2017,0.11614725953687,0.056200286872679,1.08942094553193,2018
"Raisin",2017-11-28,2017,0.0901188762730865,0.0446133050856864,0.897364765152092,2018
"Raisin",2017-11-29,2017,0.0745129048362854,0.0367964962154496,0.823321602820685,2018
"Raisin",2017-11-30,2017,0.0625442572640794,0.0312183039700224,0.723403457512243,2018
"Raisin",2017-12-01,2017,0.05382466201728,0.025444385680896,0.604793475030528,2018
"Raisin",2017-12-02,2017,0.0508019179299005,0.023303632077936,0.534119247226293,2018
"Raisin",2017-12-03,2017,0.0466376016926454,0.0261098542294733,0.607729365686016,2018
"Raisin",2017-12-04,2017,0.0441851543650944,0.023976440353152,0.67647813853536,2018
"Raisin",2017-12-05,2017,0.0446744694743424,0.0219311031964954,0.428874906953687,2018
"Raisin",2017-12-06,2017,0.0429251679587808,0.0218528127790157,0.394911545220783,2018
"Raisin",2017-12-07,2017,0.041714113063392,0.022753152580032,0.364808879699846,2018
"Raisin",2017-12-08,2017,0.0408284527156531,0.0218723853833856,0.354332643210847,2018
"Raisin",2017-12-09,2017,0.0386412141773146,0.0174979083067085,0.353603563698067,2018
"Raisin",2017-12-10,2017,0.0352453673191334,0.0143858642118912,0.345260741085389,2018
"Raisin",2017-12-11,2017,0.032539454764992,0.0156189382871962,0.315632711220422,2018
"Raisin",2017-12-12,2017,0.0355717404970019,0.0156434040426586,0.388364509059045,2018
"Raisin",2017-12-13,2017,0.0399244430513174,0.0143491655786976,0.451576681447248,2018
"Raisin",2017-12-14,2017,NA,NA,NA,2018
"Raisin",2017-12-15,2017,NA,NA,NA,2018
"Raisin",2017-12-16,2017,NA,NA,NA,2018
"Raisin",2017-12-17,2017,NA,NA,NA,2018
"Raisin",2017-12-18,2017,NA,NA,NA,2018
"Raisin",2017-12-20,2017,NA,NA,NA,2018
"Raisin",2017-12-21,2017,NA,NA,NA,2018
"Raisin",2017-12-22,2017,NA,NA,NA,2018
"Raisin",2017-12-23,2017,NA,NA,NA,2018
"Raisin",2017-12-24,2017,NA,NA,NA,2018
"Raisin",2017-12-25,2017,NA,NA,NA,2018
"Raisin",2017-12-26,2017,NA,NA,NA,2018
"Raisin",2017-12-27,2017,NA,NA,NA,2018
"Raisin",2017-12-28,2017,NA,NA,NA,2018
"Raisin",2017-12-29,2017,NA,NA,NA,2018
"Raisin",2017-12-30,2017,NA,NA,NA,2018
"Raisin",2017-12-31,2017,NA,NA,NA,2018
"Raisin",2018-01-01,2018,NA,NA,NA,2018
"Raisin",2018-01-02,2018,NA,NA,NA,2018
"Raisin",2018-01-03,2018,NA,NA,NA,2018
"Raisin",2018-01-04,2018,NA,NA,NA,2018
"Raisin",2018-01-05,2018,NA,NA,NA,2018
"Raisin",2018-01-09,2018,NA,NA,NA,2018
"Raisin",2018-01-10,2018,NA,NA,NA,2018
"Raisin",2018-01-11,2018,NA,NA,NA,2018
"Raisin",2018-01-12,2018,NA,NA,NA,2018
"Raisin",2018-01-13,2018,NA,NA,NA,2018
"Raisin",2018-01-14,2018,NA,NA,NA,2018
"Raisin",2018-01-15,2018,NA,NA,NA,2018
"Raisin",2018-01-16,2018,NA,NA,NA,2018
"Raisin",2018-01-17,2018,NA,NA,NA,2018
"Raisin",2018-01-18,2018,NA,NA,NA,2018
"Raisin",2018-01-19,2018,NA,NA,NA,2018
"Raisin",2018-01-20,2018,NA,NA,NA,2018
"Raisin",2018-01-21,2018,NA,NA,NA,2018
"Raisin",2018-01-23,2018,NA,NA,NA,2018
"Raisin",2018-01-24,2018,NA,NA,NA,2018
"Raisin",2018-01-25,2018,NA,NA,NA,2018
"Raisin",2018-01-26,2018,NA,NA,NA,2018
"Raisin",2018-01-27,2018,NA,NA,NA,2018
"Raisin",2018-01-28,2018,NA,NA,NA,2018
"Raisin",2018-01-29,2018,NA,NA,NA,2018
"Raisin",2018-01-30,2018,NA,NA,NA,2018
"Raisin",2018-01-31,2018,NA,NA,NA,2018
"Raisin",2018-02-01,2018,NA,NA,NA,2018
"Raisin",2018-02-02,2018,NA,NA,NA,2018
"Raisin",2018-02-03,2018,NA,NA,NA,2018
"Raisin",2018-02-04,2018,NA,NA,NA,2018
"Raisin",2018-02-05,2018,NA,NA,NA,2018
"Raisin",2018-02-06,2018,NA,NA,NA,2018
"Raisin",2018-02-07,2018,NA,NA,NA,2018
"Raisin",2018-02-08,2018,NA,NA,NA,2018
"Raisin",2018-02-12,2018,NA,NA,NA,2018
"Raisin",2018-02-13,2018,NA,NA,NA,2018
"Raisin",2018-02-14,2018,NA,NA,NA,2018
"Raisin",2018-02-15,2018,NA,NA,NA,2018
"Raisin",2018-02-16,2018,NA,NA,NA,2018
"Raisin",2018-02-17,2018,NA,NA,NA,2018
"Raisin",2018-02-18,2018,NA,NA,NA,2018
"Raisin",2018-02-19,2018,NA,NA,NA,2018
"Raisin",2018-02-20,2018,4.96833435901596,0.782414859687552,24.3852631269287,2018
"Raisin",2018-02-21,2018,8.15335980237757,1.48825190477779,40.8044762753,2018
"Raisin",2018-02-22,2018,7.51387877925246,1.64669213715229,40.6259251919354,2018
"Raisin",2018-02-23,2018,7.04966064195779,1.56424254124401,40.6068908341856,2018
"Raisin",2018-02-24,2018,6.47196299110187,1.57204711723651,24.909197280156,2018
"Raisin",2018-02-25,2018,4.29890235805377,1.23234010264109,23.2894419397678,2018
"Raisin",2018-02-26,2018,2.60919942279857,0.892510759268352,14.0291534972494,2018
"Raisin",2018-02-27,2018,1.45948996265619,0.457998942256128,12.8952146630781,2018
"Raisin",2018-02-28,2018,1.05260487671211,0.351426111461914,8.63504159592131,2018
"Raisin",2018-03-01,2018,2.77525339827297,0.371023181587296,12.9116067192379,2018
"Raisin",2018-03-02,2018,3.45241168481019,0.546075661920768,15.7997891515742,2018
"Raisin",2018-03-03,2018,3.50557821800553,0.510698179522138,12.8282518903775,2018
"Raisin",2018-03-04,2018,3.35008610916425,0.477865135691597,16.0839344355145,2018
"Raisin",2018-03-05,2018,2.78998422963689,0.602664954305299,13.1286424359449,2018
"Raisin",2018-03-06,2018,1.78010879483985,0.594713583780019,10.1806901630139,2018
"Raisin",2018-03-07,2018,1.03828751661552,0.367157592224237,7.07845683613703,2018
"Raisin",2018-03-08,2018,0.708117253499336,0.237905006116378,5.55578161342364,2018
"Raisin",2018-03-09,2018,0.543854171324782,0.197976893201741,4.32055455163799,2018
"Raisin",2018-03-10,2018,0.403039069185393,0.140482367865101,3.47330543997508,2018
"Raisin",2018-03-11,2018,0.476788642451251,0.119197160612813,4.07325469542405,2018
"Raisin",2018-03-12,2018,0.255774793906115,0.0810305820914688,2.47319428818309,2018
"Raisin",2018-03-13,2018,0.198833194642925,0.0694338140022912,1.83999607106072,2018
"Raisin",2018-03-14,2018,0.161767575117389,0.0585710185769856,1.52005738687891,2018
"Raisin",2018-03-15,2018,0.150121875517286,0.050888771361792,1.15263067134459,2018
"Raisin",2018-03-16,2018,0.139308011602906,0.0325052027073446,1.63919093652752,2018
"Raisin",2018-03-17,2018,0.116071048708605,0.0383353922340346,1.25335435165163,2018
"Raisin",2018-03-18,2018,0.101941463285182,0.0199885222127808,1.11735839169445,2018
"Raisin",2018-03-20,2018,0.0865500565237863,0.0378656497291565,1.07826945419217,2018
"Raisin",2018-03-21,2018,0.0905820130239898,0.029613350411689,1.00685391399742,2018
"Raisin",2018-03-22,2018,0.085874801673024,0.023120138911968,1.13288680668643,2018
"Raisin",2018-03-23,2018,0.072673080025513,0.0216473004331315,1.03907042079031,2018
"Raisin",2018-03-24,2018,0.0684184851506016,0.0174685494001536,0.860326057957565,2018
"Raisin",2018-03-25,2018,0.0607142187554918,0.0165584232969523,0.827921164847616,2018
"Raisin",2018-03-26,2018,0.0543678017885453,0.0145864834066829,0.904361971214339,2018
"Raisin",2018-03-27,2018,0.0664301532041724,0.0121766064936365,0.784714640701018,2018
"Raisin",2018-03-28,2018,0.0623967287586411,0.0072051649836768,0.86029669905101,2018
"Raisin",2018-03-29,2018,0.0697530921110755,0.0100847844016013,0.96982009995399,2018
"Raisin",2018-03-30,2018,0.451958347232462,0.0646140601761984,3.63879180992275,2018
"Raisin",2018-04-02,2018,0.440735905201859,0.0775075133048832,4.48838963411005,2018
"Raisin",2018-04-03,2018,0.214258853461968,0.0359401947742656,2.71486702064068,2018
"Raisin",2018-04-04,2018,3.19490960856843,0.251018651044224,15.1099282448009,2018
"Raisin",2018-04-05,2018,1.73894760784991,0.182025220640256,12.6750228639165,2018
"Raisin",2018-04-06,2018,1.74015132301866,0.246370157506368,8.18856602448797,2018
"Raisin",2018-04-07,2018,1.31589555069628,0.260315638119936,6.27360687869046,2018
"Raisin",2018-04-08,2018,1.16465314357881,0.151394094801331,6.20715788685458,2018
"Raisin",2018-04-09,2018,0.494925106975528,0.111637242174931,3.88662991275686,2018
"Raisin",2018-04-10,2018,0.296671750737062,0.100994638548787,2.26291111998376,2018
"Raisin",2018-04-11,2018,0.178012836744422,0.0104713433379072,2.30631337017406,2018
"Raisin",2018-04-12,2018,0.139151430767946,0.0448114777049318,1.8278365905959,2018
"Raisin",2018-04-13,2018,0.113330272452929,0.0427661405482752,1.67643270949239,2018
"Raisin",2018-04-14,2018,0.147577436949197,0.0356221399532544,2.07626187156111,2018
"Raisin",2018-04-16,2018,3.42163376443849,0.398840745548045,21.7053332050883,2018
"Raisin",2018-04-17,2018,2.58201796847985,0.427172090373504,11.2108941940246,2018
"Raisin",2018-04-18,2018,2.30384232887236,0.48197538260928,11.3649795219268,2018
"Raisin",2018-04-19,2018,1.66501698799363,0.39277323819337,10.3401824228733,2018
"Raisin",2018-04-20,2018,0.938017064428416,0.270982707501542,7.01775729683482,2018
"Raisin",2018-04-21,2018,0.431575926356736,0.143858642118912,4.19245185603686,2018
"Raisin",2018-04-22,2018,0.27656089974697,0.0806635957595328,3.2380672012041,2018
"Raisin",2018-04-23,2018,0.224350977590208,0.064100279311488,2.93258777850058,2018
"Raisin",2018-04-24,2018,0.146525409464314,0.0442340858760192,1.92418273560684,2018
"Raisin",2018-04-25,2018,0.12976636697257,0.0399281129146368,1.66699871418609,2018
"Raisin",2018-04-26,2018,0.100544468648279,0.0342765234028224,1.29108238150631,2018
"Raisin",2018-04-27,2018,0.101420342693833,0.0215787963178368,1.24078078827562,2018
"Raisin",2018-04-28,2018,0.107306803458086,0.0189364947278976,1.32345057598307,2018
"Raisin",2018-04-29,2018,0.0951228572378112,0.0217989881169984,1.30595756082745,2018
"Raisin",2018-04-30,2018,0.083428226126784,0.011376576290016,1.31778675359352,2018
"Raisin",2018-05-01,2018,0.0890744331723967,0.014425009420631,1.56331039596089,2018
"Raisin",2018-05-02,2018,0.0808903933126693,0.0153914067613958,1.32195082517322,2018
"Raisin",2018-05-03,2018,1.05334863567817,0.139944121244928,7.90684285033843,2018
"Raisin",2018-05-04,2018,1.24169091437882,0.165804424768685,8.41918023547655,2018
"Raisin",2018-05-05,2018,1.59621928363336,0.207469606321152,7.93571244178406,2018
"Raisin",2018-05-06,2018,1.77065033377809,0.320819451378451,8.64847329567016,2018
"Raisin",2018-05-07,2018,2.33554994795163,0.317565505901952,10.9127055664489,2018
"Raisin",2018-05-09,2018,0.489187887319596,0.177425658613325,4.09165294353178,2018
"Raisin",2018-05-10,2018,0.264780638491824,0.0944622818403264,2.73081869320216,2018
"Raisin",2018-05-11,2018,0.199738427595034,0.0661554027703296,2.51644974384061,2018
"Raisin",2018-05-12,2018,0.157418053111283,0.0441142036742534,1.88297995683261,2018
"Raisin",2018-05-13,2018,0.498240216840684,0.17380472680489,5.14896503159485,2018
"Raisin",2018-05-14,2018,2.77284168642827,0.41240089051308,13.0904024601571,2018
"Raisin",2018-05-15,2018,3.46819699023453,0.492348862925338,23.5640455790778,2018
"Raisin",2018-05-16,2018,2.79034876939327,0.44273231084759,16.9941094702267,2018
"Raisin",2018-05-17,2018,2.5417032966289,0.592218076722855,19.905779027807,2018
"Raisin",2018-05-19,2018,1.27624390081836,0.415110472930541,10.916522224301,2018
"Raisin",2018-05-20,2018,0.933417502401485,0.319816355404493,9.77299281398846,2018
"Raisin",2018-05-21,2018,0.715006810237548,0.240743033750016,6.77691640006295,2018
"Raisin",2018-05-22,2018,2.32453057169136,0.448653023669491,9.23548016647953,2018
"Raisin",2018-05-23,2018,1.196938154487,0.269612625195648,7.34339650203936,2018
"Raisin",2018-05-24,2018,1.12897228581245,0.336404137608,6.4589594420736,2018
"Raisin",2018-05-25,2018,1.07406623740373,0.342226987408051,6.38384957280403,2018
"Raisin",2018-05-26,2018,0.90284509437567,0.345847919216486,6.1160474135126,2018
"Raisin",2018-05-27,2018,0.667349965172339,0.244217171025677,4.7622348350007,2018
"Raisin",2018-05-28,2018,0.455557259860981,0.172850562341856,3.28416068449526,2018
"Raisin",2018-05-29,2018,0.286542927975629,0.0955143093252096,2.41173631046154,2018
"Raisin",2018-05-30,2018,0.252046212773645,0.117288831686746,1.9639640539887,2018
"Raisin",2018-05-31,2018,0.220436456716224,0.108138639143808,1.63663671165725,2018
"Raisin",2018-06-01,2018,0.219839492282941,0.112033587413422,1.61286089049889,2018
"Raisin",2018-06-02,2018,0.156282352742719,0.0876705881239642,1.39701176293186,2018
"Raisin",2018-06-03,2018,0.153938533369421,0.08746507577808,1.27174220181328,2018
"Raisin",2018-06-04,2018,0.1723661403837,0.041836441840704,1.41574519188942,2018
"Raisin",2018-06-05,2018,0.132053915108304,0.054375141515184,0.957002490667239,2018
"Raisin",2018-06-06,2018,0.137429041583393,0.0531983386774426,1.06396677354885,2018
"Raisin",2018-06-07,2018,0.122074333455191,0.0471650833804147,1.14999570948129,2018
"Raisin",2018-06-08,2018,0.11496947806891,0.0287423695172275,1.09090357031295,2018
"Raisin",2018-06-09,2018,0.110252480415759,0.0410241787593523,0.96278619525855,2018
"Raisin",2018-06-10,2018,0.106132447195891,0.033018983572055,0.827833088127951,2018
"Raisin",2018-06-11,2018,0.108334365187507,0.0361114550625024,0.879915788356309,2018
"Raisin",2018-06-12,2018,0.0940475872852387,0.034548093288455,0.809960853762668,2018
"Raisin",2018-06-13,2018,0.10615568966358,0.032967605485584,0.830783658236717,2018
"Raisin",2018-06-14,2018,0.0902712979296173,0.033160884953737,0.700063126801114,2018
"Raisin",2018-06-15,2018,0.0927990997839925,0.0440823981921523,0.705318371074437,2018
"Raisin",2018-06-16,2018,0.0847241771936273,0.0344746960220678,0.747996434903048,2018
"Raisin",2018-06-17,2018,0.0834492666764817,0.0370020085613338,0.662141205834394,2018
"Raisin",2018-06-18,2018,0.0739947201355918,0.024108555432649,0.591586860231925,2018
"Raisin",2018-06-19,2018,0.0751074226940218,0.0398718416770733,0.68802108196252,2018
"Raisin",2018-06-20,2018,0.0751588007804928,0.0347609453609779,0.683005602092728,2018
"Raisin",2018-06-21,2018,0.0788433435531302,0.0384601675868928,0.869199787463777,2018
"Raisin",2018-06-22,2018,0.0949467037984819,0.0463944120833491,0.846967755475094,2018
"Raisin",2018-06-23,2018,0.174898346074059,0.0707035867107898,1.30367490584281,2018
"Raisin",2018-06-24,2018,0.125186377550008,0.0678092878395878,1.07582043207038,2018
"Raisin",2018-06-25,2018,0.175360748852298,0.0974226382512768,1.25409505239825,2018
"Raisin",2018-06-27,2018,0.128592010710374,0.0228608019040666,1.38450731531503,2018
"Raisin",2018-06-28,2018,0.107169795227497,0.0250822925000525,0.965668261252021,2018
"Raisin",2018-06-29,2018,0.0866870647543757,0.0282236955014246,0.851750810667994,2018
"Raisin",2018-06-30,2018,0.0741190061733408,0.0125020010412864,0.500080041651456,2018
"Raisin",2018-07-01,2018,0.0770377708000051,0.00481486067500032,0.530437151029202,2018
"Raisin",2018-07-02,2018,0.0716724306271008,0.0200374537237056,0.555654005184298,2018
"Raisin",2018-07-04,2018,0.0589800860083169,0.030215207996064,0.38252453323017,2018
"Raisin",2018-07-05,2018,0.0587383643443484,0.030215207996064,0.386754662349619,2018
"Raisin",2018-07-06,2018,0.0578001026223654,0.0286567393731091,0.389299100917709,2018
"Raisin",2018-07-07,2018,0.0555910895616653,0.035964660529728,0.32162682130871,2018
"Raisin",2018-07-08,2018,0.048576268155486,0.0326079588802867,0.263261315077609,2018
"Raisin",2018-07-09,2018,0.0450842708783376,0.0272817639161222,0.257095944701084,2018
"Raisin",2018-07-10,2018,0.0385541160878684,0.0263055802731725,0.203868247117087,2018
"Raisin",2018-07-11,2018,0.0308953559979187,0.0210992675107738,0.244148666910382,2018
"Raisin",2018-07-12,2018,0.0282931782469379,0.019582390672105,0.190421867914952,2018
"Raisin",2018-07-13,2018,0.0247554300070748,0.016382269857623,0.157148440486088,2018
"Raisin",2018-07-14,2018,0.0242093543451541,0.013955266915753,0.157451815853821,2018
"Raisin",2018-07-15,2018,0.0244520546393411,0.0124383900770842,0.180508343801587,2018
"Raisin",2018-07-16,2018,0.0235940405952747,0.00947314051504128,0.184134168761115,2018
"Raisin",2018-07-17,2018,0.0202647405919513,0.0113349845057299,0.153713448419167,2018
"Raisin",2018-07-18,2018,0.0223396813127174,0.0118169598883392,0.163467945122026,2018
"Raisin",2018-07-19,2018,0.0188557577348717,0.0105325077265632,0.144372422983622,2018
"Raisin",2018-07-21,2018,0.0248669938519834,0.0151565355089568,0.159785848924934,2018
"Raisin",2018-07-22,2018,0.0256366865188305,0.015097817695847,0.168148244141983,2018
"Raisin",2018-07-23,2018,0.0258492939337987,0.0152054670198816,0.131319942444432,2018
"Raisin",2018-07-24,2018,0.0216747020792494,0.0149290039831565,0.132702257628058,2018
"Raisin",2018-07-25,2018,0.0241122252959683,0.0171627274568736,0.151088272858051,2018
"Raisin",2018-07-26,2018,0.0183918870113046,0.00848472399436032,0.197644158927452,2018
"Raisin",2018-07-27,2018,0.01456040291136,0.00453595106272896,0.163067440705106,2018
"Raisin",2018-07-28,2018,0.0129954997947185,0.00476274861586541,0.140841280497734,2018
"Raisin",2018-07-29,2018,0.0130862188159731,0.00158758287195514,0.162613845598833,2018
"Raisin",2018-07-30,2018,0.0141827495100424,0.00150880313936621,0.148293794269136,2018
"Raisin",2018-07-31,2018,0.0191833542005132,0.00775955900245478,0.126955007012385,2018
"Raisin",2018-08-01,2018,0.0254908706162746,0.00443319488978688,0.282246741316431,2018
"Raisin",2018-08-02,2018,0.0400749074474112,0.0155846862295488,0.228426972450244,2018
"Raisin",2018-08-03,2018,0.0496459109843021,0.00502037302088448,0.413901864610698,2018
"Raisin",2018-08-04,2018,0.0391647813442099,0.00113521105345536,0.578957637262234,2018
"Raisin",2018-08-05,2018,0.033263641126679,0.00201597825010176,0.3724519817063,2018
"Raisin",2018-08-06,2018,0.037677263412096,0.001284452161776,0.452127160945152,2018
"Raisin",2018-08-07,2018,0.0208643962583347,0.00160495355833344,0.312965943875021,2018
"Raisin",2018-08-08,2018,0.0304843313061504,0.00304843313061504,0.406748077713493,2018
"Raisin",2018-08-09,2018,0.0465436531916698,0.00510844974054912,0.463733715336515,2018
"Raisin",2018-08-10,2018,0.0367671373088947,0.00108138639143808,0.457426443578308,2018
"Raisin",2018-08-11,2018,0.0383892168960518,0.00108138639143808,0.596384594878101,2018
"Raisin",2018-08-12,2018,0.0605160461362464,0.0006238767642912,0.776726571542544,2018
"Raisin",2018-08-13,2018,0.0383035867519334,0.00201597825010176,0.611345404343359,2018
"Raisin",2018-08-21,2018,0.0621273607910001,0.022518281327593,0.398400361949722,2018
"Raisin",2018-08-23,2018,0.0843422667508593,0.0254835308896358,0.632978025323213,2018
"Raisin",2018-08-24,2018,0.0539934757299706,0.0028380276336384,0.716601977493696,2018
"Raisin",2018-08-25,2018,0.0476641847918477,0.0024955070571648,0.659437739855798,2018
"Raisin",2018-08-26,2018,0.0431096397549673,0.0110291625624499,0.380266344000991,2018
"Raisin",2018-08-27,2018,0.0420456240499075,0.0112958392969901,0.317538593570943,2018
"Raisin",2018-08-28,2018,0.0437349844645862,0.0160495355833344,0.342256346314606,2018
"Raisin",2018-08-29,2018,0.036943290748224,0.0140384504843251,0.305890447395295,2018
"Raisin",2018-08-30,2018,0.0294606840976036,0.00938017064428416,0.255696503488635,2018
"Raisin",2018-09-02,2018,0.0222070769181112,0.00333712904507136,0.259689314780099,2018
"Raisin",2018-09-03,2018,0.024108555432649,0.0022263837470784,0.278934078026822,2018
"Raisin",2018-09-04,2018,0.0280402023354566,0.00998692137975168,0.296918854867233,2018
"Raisin",2018-09-05,2018,0.05229555230088,0.01926678242664,0.431025446858832,2018
"Raisin",2018-09-06,2018,0.05871781310976,0.0223127689817088,0.448604092158566,2018
"Raisin",2018-09-07,2018,0.0713421429283584,0.0455797024264512,0.437961488532422,2018
"Raisin",2018-09-09,2018,0.0562320923547802,0.0259532733945139,0.33252631536721,2018
"Raisin",2018-09-10,2018,0.0552143169275443,0.0270762515702381,0.332878622245868,2018
"Raisin",2018-09-11,2018,0.0482954012827776,0.0251752623708096,0.297479120667322,2018
"Raisin",2018-09-12,2018,0.0443050365668602,0.0209353469491757,0.262422139665249,2018
"Raisin",2018-09-13,2018,0.0379170278156275,0.0175713055730957,0.251547111362212,2018
"Raisin",2018-09-14,2018,0.0360674167026701,0.0173657932272115,0.233770293443232,2018
"Raisin",2018-09-15,2018,0.0363977044014125,0.0129692969706182,0.262732854759621,2018
"Raisin",2018-09-16,2018,0.0332930000332339,0.0119197160612813,0.230995876773796,2018
"Raisin",2018-09-17,2018,0.0314972135822938,0.00806635957595328,0.238917888392521,2018
"Raisin",2018-09-18,2018,0.0293882654614349,0.0075354526824192,0.230961624716148,2018
"Raisin",2018-09-19,2018,0.0263241742473239,0.0105007022444621,0.231015449378166,2018
"Raisin",2018-09-20,2018,0.0277583568325298,0.00764310200645376,0.218523234639064,2018
"Raisin",2018-09-21,2018,0.0253648719756432,0.0067403156298912,0.232363512504144,2018
"Raisin",2018-09-22,2018,0.0268076175752609,0.00607729365686016,0.25018192220741,2018
"Raisin",2018-09-23,2018,0.0280362878145827,0.00555861964105728,0.254654262305937,2018
"Raisin",2018-09-24,2018,0.0292933383302408,0.00796604997855744,0.229204983473948,2018
"Raisin",2018-09-25,2018,0.030217165256501,0.0105496337553869,0.250930574324559,2018
"Raisin",2018-09-26,2018,0.0954502090458981,0.0388418333721062,0.494873728889057,2018
"Raisin",2018-09-27,2018,0.0776949209917252,0.0207812126897626,0.450483062178079,2018
"Raisin",2018-09-28,2018,0.120278057689142,0.0430279241317229,0.665431849944086,2018
"Raisin",2018-09-29,2018,0.0820260936812339,0.026535558374519,0.490907829928602,2018
"Raisin",2018-09-30,2018,0.0592597295932522,0.0239495280221434,0.335293392310007,2018
"Raisin",2018-10-01,2018,0.0490660725798432,0.0215787963178368,0.30826851882624,2019
"Raisin",2018-10-02,2018,0.041867024035032,0.0176520425661216,0.253465226590464,2019
"Raisin",2018-10-03,2018,0.0426995936934175,0.0192594427000013,0.265874257760993,2019
"Raisin",2018-10-04,2018,0.037677263412096,0.01712602882368,0.225207279031392,2019
"Raisin",2018-10-05,2018,0.0361833843835619,0.0134439326265888,0.209725348974785,2019
"Raisin",2018-10-06,2018,0.0551947443231744,0.0193768783262208,0.357591481838438,2019
"Raisin",2018-10-07,2018,0.284597900416368,0.0914162952852576,1.70241289521791,2019
"Raisin",2018-10-08,2018,0.365449882492961,0.136127463392794,2.10735784675382,2019
"Raisin",2018-10-10,2018,0.381047290915351,0.135090115361188,2.38271013818095,2019
"Raisin",2018-10-11,2018,0.225659895507446,0.0852142262755392,1.7500477211032,2019
"Raisin",2018-10-12,2018,0.1679190000133,0.0720834553188691,1.16751563696791,2019
"Raisin",2018-10-13,2018,0.128172912319304,0.0624757531487846,0.921517358944574,2019
"Raisin",2018-10-14,2018,0.100899222102484,0.0485009136286618,0.754362424474364,2019
"Raisin",2018-10-15,2018,0.0887813334219571,0.0394583704097587,0.702852222923827,2019
"Raisin",2018-10-16,2018,0.0495725137179149,0.0127686777758266,0.480703163325235,2019
"Raisin",2018-10-17,2018,0.0650740163788915,0.0335865890987827,0.821471991707727,2019
"Raisin",2018-10-18,2018,0.0554883333887232,0.0317076190792704,0.365958770206579,2019
"Raisin",2018-10-19,2018,0.0519603714510451,0.0266138487919987,0.34661369736246,2019
"Raisin",2018-10-20,2018,0.0497413274306054,0.0214931661737184,0.334679301847901,2019
"Raisin",2018-10-21,2018,0.0407208033916186,0.0200814920835379,0.27890961227136,2019
"Raisin",2018-10-22,2018,0.0401629841670758,0.0211971305326234,0.254923385616023,2019
"Raisin",2018-10-23,2018,0.0415761262025841,0.0157119081579533,0.304569296600325,2019
"Raisin",2018-10-24,2018,0.0408509612106785,0.0145032998381107,0.295504734201506,2019
"Raisin",2018-10-25,2018,0.0344600165687904,0.015413425941312,0.244412897069376,2019
"Raisin",2018-10-26,2018,0.0322517374807542,0.013089179172384,0.238746628104284,2019
"Raisin",2018-10-27,2018,0.0281106637111883,0.012416370897168,0.21952143746193,2019
"Raisin",2018-10-28,2018,0.0293197613461402,0.00680637316963968,0.254453643111145,2019
"Raisin",2018-10-29,2018,0.0346239371303885,0.0136225326414643,0.278126708096563,2019
"Raisin",2018-10-31,2018,0.056567273204615,0.0691377783611962,0.456129758538801,2019
"Raisin",2018-11-01,2018,0.234088348264243,0.164879619212206,1.80146250620744,2019
"Raisin",2018-11-02,2018,2.87585169158327,0.244902212178624,13.0078060697161,2019
"Raisin",2018-11-03,2018,1.99346975507635,0.10275617294208,8.42600618125056,2019
"Raisin",2018-11-04,2018,1.96190893052986,0.191566865270592,7.15403155476038,2019
"Raisin",2018-11-05,2018,2.1294993554473,0.795430641593549,9.05663549404938,2019
"Raisin",2018-11-07,2018,0.728570625065902,0.354166276073702,4.34658611544998,2019
"Raisin",2018-11-08,2018,0.4312089400248,0.189731933610912,3.27373827266828,2019
"Raisin",2018-11-09,2018,0.332484723582924,0.151394094801331,2.99585622212634,2019
"Raisin",2018-11-10,2018,0.282410661878029,0.0986703917798592,2.52542867609532,2019
"Raisin",2018-11-11,2018,0.228393209707706,0.0654630218907437,1.99056077675187,2019
"Raisin",2018-11-12,2018,0.175093338145094,0.080054398448519,1.58056120013743,2019
"Raisin",2018-11-13,2018,0.126227640102488,0.0576217472650445,1.31089475027976,2019
"Raisin",2018-11-14,2018,0.109160084434363,0.046240277823936,1.26995620166453,2019
"Raisin",2018-11-15,2018,0.0927660710141182,0.0433631049815578,1.0809802598974,2019
"Raisin",2018-11-16,2018,0.085742686593527,0.050521785029856,0.994557425302022,2019
"Raisin",2018-11-17,2018,0.0857375487848799,0.0204484784154739,1.10129662323338,2019
"Raisin",2018-11-18,2018,0.0885765550487368,0.0334251151127309,0.9495771338844,2019
"Raisin",2018-11-19,2018,0.0843760294933974,0.0252119610040032,0.983266479156125,2019
"Raisin",2018-11-20,2018,0.0908183522217565,0.0228363361486042,1.1101972650706,2019
"Raisin",2018-11-21,2018,0.0996632121365234,0.0399378992168218,1.10736902373915,2019
"Raisin",2018-11-22,2018,0.0952559509475267,0.0360135920406528,1.19745193535171,2019
"Raisin",2018-11-23,2018,0.0882418635140112,0.0319351506050707,1.12445346077854,2019
"Raisin",2018-11-24,2018,0.0830145102019148,0.0281405119328525,1.11936703021791,2019
"Raisin",2018-11-25,2018,0.108558471507543,0.0435686173274419,1.23444415761085,2019
"Raisin",2018-11-26,2018,0.179916761834506,0.0540350675142566,1.52899228077378,2019
"Raisin",2019-02-19,2019,0.221757607511194,0.0172238918455296,2.40703888541276,2019
"Raisin",2019-02-20,2019,0.196631276651309,0.0589893829953926,1.54683270965696,2019
"Raisin",2019-02-21,2019,0.116209891870854,0.0310984217682566,1.18665030431506,2019
"Raisin",2019-02-22,2019,0.0911863171839111,0.037371441468816,0.931296321402895,2019
"Raisin",2019-02-23,2019,0.102487049631994,0.0243189609296256,1.12735754595193,2019
"Raisin",2019-02-24,2019,0.211119897036142,0.056689601981927,1.46611039608432,2019
"Raisin",2019-02-25,2019,1.17313297442208,0.0972024464521152,4.97743562004797,2019
"Raisin",2019-02-26,2019,0.711696593523485,0.126390092718758,3.48776470145336,2019
"Raisin",2019-02-27,2019,0.738971017712968,0.104126255247974,3.08474031172124,2019
"Raisin",2019-02-28,2019,0.627620024876947,0.0898382540579328,2.59782284650856,2019
"Raisin",2019-03-01,2019,0.450525632592583,0.0968207806669018,2.23923805499834,2019
"Raisin",2019-03-02,2019,0.215640190015375,0.0490489465510195,1.38037749579298,2019
"Raisin",2019-03-03,2019,0.160577560771698,0.039512195071776,1.28967804714277,2019
"Raisin",2019-03-04,2019,0.11689542233891,0.033823906926768,0.991716951092838,2019
"Raisin",2019-03-05,2019,0.0791242104258386,0.028380276336384,0.748104084227082,2019
"Raisin",2019-03-06,2019,0.0741760113835682,0.0238467718492013,0.754311046387893,2019
"Raisin",2019-03-07,2019,0.0715652706181755,0.032294797210368,0.754406462834196,2019
"Raisin",2019-03-08,2019,0.0929801463744142,0.0388662991275687,0.887945449299068,2019
"Raisin",2019-03-09,2019,0.0754034583351168,0.0247593445279488,0.682007399269862,2019
"Raisin",2019-03-10,2019,1.52849807251344,1.14316242398064,3.22397492605776,2019
"Raisin",2019-03-11,2019,2.70212036204477,0.88810692328512,8.44435549784736,2019
"Raisin",2019-03-12,2019,1.66641153605499,0.499492863520358,6.3125563613866,2019
"Raisin",2019-03-13,2019,2.41212776254894,0.646287396294758,9.71975533010227,2019
"Raisin",2019-03-14,2019,1.92476991373793,0.546858566095565,8.8315505437953,2019
"Raisin",2019-03-15,2019,3.32548334547126,0.551947443231744,15.2958435205597,2019
"Raisin",2019-03-16,2019,1.5768668710626,0.288891640500019,10.6167677883757,2019
"Raisin",2019-03-17,2019,1.620856299384,0.2324246768928,9.4682473639488,2019
"Raisin",2019-03-18,2019,1.42684285856717,0.267533035981344,7.75845804345898,2019
"Raisin",2019-03-19,2019,0.921086761648435,0.183199576902451,5.70972014679306,2019
"Raisin",2019-03-20,2019,0.5076644258448,0.121839462202752,4.12629645326653,2019
"Raisin",2019-03-21,2019,0.321284300732237,0.08196028079904,2.54732552723416,2019
"Raisin",2019-03-22,2019,0.23966654050967,0.0697763345787648,2.372395375678,2019
"Raisin",2019-03-23,2019,0.180312617757888,0.051133428916416,1.68202068804,2019
"Raisin",2019-03-24,2019,0.167932945493914,0.0457998942256128,1.64625175355397,2019
"Raisin",2019-03-25,2019,0.134434433114796,0.0448114777049318,1.57547721615234,2019
"Raisin",2019-03-26,2019,0.127026202360781,0.0279888242489856,1.38652329356513,2019
"Raisin",2019-03-27,2019,0.110291625624499,0.019694933147232,1.27229268131119,2019
"Raisin",2019-03-28,2019,0.142796828331844,0.0537806236574477,1.56520159885813,2019
"Raisin",2019-03-29,2019,0.0942690023721734,0.0124506229548154,1.20059578492862,2019
"Raisin",2019-03-30,2019,0.33518084983488,0.0737397869636736,2.51720818225995,2019
"Raisin",2019-03-31,2019,2.05116000645669,0.230467416455808,10.4017627293721,2019
"Raisin",2019-04-01,2019,1.2299913901167,0.201402098966477,8.59555386660499,2019
"Raisin",2019-04-02,2019,1.4654742864423,0.279839310978931,10.0447584256648,2019
"Raisin",2019-04-03,2019,1.37710397771211,0.316660272949843,9.27888241666983,2019
"Raisin",2019-04-04,2019,0.886883635512,0.2630068712208,6.5874046582512,2019
"Raisin",2019-04-05,2019,0.470109491210016,0.129839764238957,3.78326209592822,2019
"Raisin",2019-04-06,2019,0.212534017701869,0.0611399229005376,2.18648009991923,2019
"Raisin",2019-04-07,2019,0.173878124071277,0.0529194290651712,1.79170066977794,2019
"Raisin",2019-04-08,2019,0.457830128543438,0.109332568010373,2.33926140305527,2019
"Raisin",2019-04-09,2019,0.139004636235172,0.0269710488217498,1.60581475292572,2019
"Raisin",2019-04-10,2019,0.114646530096806,0.0286616325242016,1.30697044310359,2019
"Raisin",2019-04-11,2019,0.0971535149411904,0.0229635580770086,1.07222151944186,2019
"Raisin",2019-04-12,2019,0.0981566109151488,0.0149730423429888,1.23943517172518,2019
"Raisin",2019-04-13,2019,0.0853120892973888,0.00465338668894848,1.01133604039814,2019
"Raisin",2019-04-14,2019,0.0979902437780045,0.00474146340861312,1.05102438890924,2019
"Raisin",2019-04-15,2019,0.123923944568148,0.0160642150366118,1.45725379260693,2019
"Raisin",2019-04-16,2019,0.183126179636064,0.0317418711369178,1.93137077456169,2019
"Raisin",2019-04-17,2019,0.151198368757632,0.0277197009388992,1.96305882103659,2019
"Raisin",2019-04-18,2019,0.1467945327744,0.0244657554624,1.87897001951232,2019
"Raisin",2019-04-19,2019,0.231348183652454,0.0506074151739744,2.05321512991553,2019
"Raisin",2019-04-20,2019,0.532276975839974,0.0827187192183744,4.03163844538251,2019
"Raisin",2019-04-21,2019,3.59720002563667,0.295154873898394,14.3888001025467,2019
"Raisin",2019-04-22,2019,1.96675315011141,0.250284678380352,10.6492093801188,2019
"Raisin",2019-04-23,2019,2.1336585338759,0.326324246357491,13.6805164819102,2019
"Raisin",2019-04-24,2019,1.80557275312512,0.329015479458355,11.2426996761257,2019
"Raisin",2019-04-25,2019,1.01068035815174,0.255789473359392,7.56138638320934,2019
"Raisin",2019-04-26,2019,0.622408818963456,0.17116242521495,5.74690809509591,2019
"Raisin",2019-04-27,2019,0.84416642647465,0.13884316224912,6.7533314117972,2019
"Raisin",2019-04-28,2019,0.740358226047686,0.175199274866246,6.52758588614563,2019
"Raisin",2019-04-29,2019,1.03431427792842,0.179015932718381,6.74956368545599,2019
"Raisin",2019-04-30,2019,1.2022716891778,0.183786755033549,9.48033344714723,2019
"Raisin",2019-05-01,2019,4.04761458369946,0.333468246952512,20.2840685387666,2019
"Raisin",2019-05-02,2019,12.1123104882813,0.634152381585408,46.673615284686,2019
"Raisin",2019-05-03,2019,4.34130151227011,0.295644189007642,21.1152191833352,2019
"Raisin",2019-05-04,2019,5.68973162458028,0.39991723878839,24.3585954534747,2019
"Raisin",2019-05-05,2019,4.37300913134938,0.323926602322176,22.5776841818557,2019
"Raisin",2019-05-06,2019,1.97291852048794,0.281845502926848,12.9296624467692,2019
"Raisin",2019-05-07,2019,1.1988220176576,0.22263837470784,9.66764327096736,2019
"Raisin",2019-05-08,2019,0.787454805312807,0.169205164777958,5.72694403863859,2019
"Raisin",2019-05-09,2019,0.572694403863859,0.143173600965965,4.7196154889852,2019
"Raisin",2019-05-10,2019,0.460200860247744,0.133876613890253,3.57283213319612,2019
"Raisin",2019-05-11,2019,0.353358906143443,0.0804678697158336,2.91783492795675,2019
"Raisin",2019-05-12,2019,0.330777013851648,0.057249867782016,2.71300762322554,2019
"Raisin",2019-05-13,2019,0.3119383821456,0.0428150720592,2.5933700790144,2019
"Raisin",2019-05-14,2019,0.245205587546358,0.0652746355736832,2.10297847652605,2019
"Raisin",2019-05-15,2019,0.216913387929638,0.072663293723328,1.87040700510048,2019
"Raisin",2019-05-16,2019,0.186913478581644,0.0324415917431424,1.79926058821582,2019
"Raisin",2019-05-17,2019,0.171585193469341,0.0446255379634176,1.57305021321047,2019
"Raisin",2019-05-18,2019,0.15065278241082,0.0195089934057178,1.54988114278758,2019
"Raisin",2019-05-19,2019,0.143845430610962,0.0197952427446278,1.79476867551292,2019
"Raisin",2019-05-20,2019,0.337289797955739,0.0438915652995456,3.10279603925249,2019
"Raisin",2019-05-21,2019,0.36953077050409,0.0814220341788672,2.89361383004897,2019
"Raisin",2019-05-22,2019,0.346068111015648,0.0782414859687552,2.73845200890643,2019
"Raisin",2019-05-23,2019,0.3639281125032,0.0931655968008192,2.81825930322478,2019
"Raisin",2019-05-24,2019,0.291582873600883,0.0635131011803904,2.63290673984164,2019
"Raisin",2019-05-25,2019,0.216473004331315,0.0109606584471552,2.22227350016072,2019
"Raisin",2019-05-26,2019,0.208081250207712,0.048809182147488,2.56119761058134,2019
"Raisin",2019-05-27,2019,0.484837875998381,0.102071131789133,3.89692999580653,2019
"Raisin",2019-05-28,2019,0.86608774336896,0.13211507949696,5.16716755365888,2019
"Raisin",2019-05-29,2019,1.19471177073992,0.218674922322931,6.70425310633962,2019
"Raisin",2019-05-30,2019,0.896033828054938,0.213341387632128,6.43757637179946,2019
"Raisin",2019-05-31,2019,3.6945248008661,0.417410253944006,15.1688662497099,2019
"Raisin",2019-06-01,2019,4.1964642399327,0.329284602768442,19.5732894110729,2019
"Raisin",2019-06-02,2019,3.33155085282593,0.621136599679411,19.5375694080978,2019
"Raisin",2019-06-03,2019,3.68789458113579,0.540570866941728,17.3222931139994,2019
"Raisin",2019-06-04,2019,1.82729834397573,0.656685342366278,11.4777177230976,2019
"Raisin",2019-06-05,2019,1.79052631351574,0.279496790402458,11.1187316931978,2019
"Raisin",2019-06-06,2019,1.53268171669751,0.490146944933722,10.5342692609565,2019
"Raisin",2019-06-07,2019,0.915557500913933,0.404272143260698,7.22339197149629,2019
"Raisin",2019-06-08,2019,0.698228195141434,0.277441666943616,5.10492667176253,2019
"Raisin",2019-06-09,2019,0.6605753974848,0.19817261924544,4.12859623428,2019
"Raisin",2019-06-10,2019,0.42682956979703,0.161180396986291,3.29822849388614,2019
"Raisin",2019-06-11,2019,1.40763724052918,0.3394623570408,6.16916256862147,2019
"Raisin",2019-06-12,2019,0.58350826777824,0.2201917991616,3.5597674197792,2019
"Raisin",2019-06-13,2019,0.539225250391296,0.163626972532531,3.93076613561103,2019
"Raisin",2019-06-14,2019,0.614628708726413,0.170085931974605,4.17097092274088,2019
"Raisin",2019-06-15,2019,0.707035867107898,0.194331495637843,5.02781061054505,2019
"Raisin",2019-06-16,2019,0.901881143610451,0.158880615972826,7.62159660740231,2019
"Raisin",2019-06-17,2019,1.0699853493926,0.228118703931418,8.78257010135958,2019
"Raisin",2019-06-18,2019,0.680735179985818,0.183982481077248,4.13040670018422,2019
"Raisin",2019-06-19,2019,0.664098466271386,0.157510533666931,3.72065422769994,2019
"Raisin",2019-06-20,2019,0.570272294073082,0.143442724276051,3.09626368254403,2019
"Raisin",2019-06-21,2019,1.05846197856981,0.308929094223725,5.56578810740776,2019
"Raisin",2019-06-22,2019,0.693971153690976,0.219384429231341,4.33843901888101,2019
"Raisin",2019-06-23,2019,0.675010193207616,0.191615796781517,4.50297122436565,2019
"Raisin",2019-06-24,2019,0.700699236443136,0.164409876707328,4.04761458369946,2019
"Raisin",2019-07-02,2019,0.115830672661187,0.0565990786867162,0.784489555750764,2019
"Raisin",2019-07-03,2019,0.111857433974093,0.0584144377420262,0.724587600076623,2019
"Raisin",2019-07-04,2019,0.11496947806891,0.0581306349786624,0.767324381718344,2019
"Raisin",2019-07-05,2019,0.11141705037577,0.0528949633097088,0.746156610092275,2019
"Raisin",2019-07-06,2019,0.145001192899006,0.0702583099613741,0.907378598862853,2019
"Raisin",2019-07-07,2019,0.259613470938165,0.100341402877941,1.64209502170091,2019
"Raisin",2019-07-08,2019,0.349994864767363,0.144240307904125,1.78815558181144,2019
"Raisin",2019-07-09,2019,0.290053763884483,0.148348108246262,1.73146597982951,2019
"Raisin",2019-07-10,2019,0.225635429751984,0.115661858948496,1.58324020036056,2019
"Raisin",2019-07-11,2019,0.201663882549925,0.0928524351309005,1.41454881644731,2019
"Raisin",2019-07-12,2019,0.146119277923638,0.062622547681559,0.945136599267974,2019
"Raisin",2019-07-13,2019,0.102535981142918,0.0577930075532813,0.759698405740714,2019
"Raisin",2019-07-14,2019,0.100187268618528,0.049665483588672,0.67219663132944,2019
"Raisin",2019-07-15,2019,0.0811724834731507,0.0421177980285216,0.558252268414404,2019
"Raisin",2019-07-16,2019,0.0756554556163795,0.045251861303255,0.412216174059339,2019
"Raisin",2019-07-17,2019,0.0903226760160883,0.0480287245482374,0.46093238633607,2019
"Raisin",2019-07-18,2019,0.076577814597312,0.044415132466441,0.393609967030184,2019
"Raisin",2019-07-19,2019,0.0786231517539686,0.0491394698462304,0.381019889269233,2019
"Raisin",2019-07-20,2019,0.071684663504832,0.0480287245482374,0.324731525676889,2019
"Raisin",2019-07-21,2019,0.0829853959529146,0.0488605602339591,0.42423375314247,2019
"Raisin",2019-07-22,2019,0.0914236350118963,0.0567165143129357,0.436801811723505,2019
"Raisin",2019-07-23,2019,0.103869364815619,0.053946990794592,0.097618364294976,2019
"Raisin",2019-07-24,2019,0.14389240486145,0.0779772558097613,0.110873910604504,2019
"Raisin",2019-07-25,2019,0.171331238927641,0.0832765384429171,0.359044747712905,2019
"Raisin",2019-07-26,2019,0.10643239735786,0.0585269802171533,0.529994320855332,2019
"Raisin",2019-07-27,2019,0.104640036112685,0.049665483588672,2.77099146367142,2019
"Raisin",2019-07-28,2019,0.092276266589761,0.0428835761744947,0.492395347860716,2019
"Raisin",2019-07-29,2019,0.0744081914029064,0.0401287321094285,0.174117888474808,2019
"Raisin",2019-07-30,2019,0.0707794305527232,0.0405373102256506,0.44784076058814,2019
"Raisin",2019-07-31,2019,0.0604793475030528,0.0369922222591488,0.342324850429901,2019
"Raisin",2019-08-01,2019,0.0564351581251181,0.035343230340983,0.332910427727969,2019
"Raisin",2019-08-02,2019,0.0567948047304154,0.0364344030346061,0.31612202632967,2019
"Raisin",2019-08-03,2019,0.057504311638825,0.0305332628170752,0.292101547616686,2019
"Raisin",2019-08-04,2019,0.0460396586291443,0.0284781393582336,0.274814044806954,2019
"Raisin",2019-08-05,2019,0.0479577738573965,0.0310030053219533,0.286293377269912,2019
"Raisin",2019-08-06,2019,0.0487553574854707,0.0280083968533555,0.256224963806623,2019
"Raisin",2019-08-07,2019,0.0631020764886221,0.0388320470699213,0.333712904507136,2019
"Raisin",2019-08-08,2019,0.0590994788949734,0.0358178659969536,0.366536162035492,2019
"Raisin",2019-08-09,2019,0.0734559842003098,0.0428493241168474,0.363879180992275,2019
"Raisin",2019-08-10,2019,0.05871781310976,0.0340563316036608,0.332930000332339,2019
"Raisin",2019-08-12,2019,0.0490660725798432,0.0275704598305786,0.257012761132512,2019
"Raisin",2019-08-13,2019,0.0476842467113269,0.0245513856065184,0.206777225441566,2019
"Raisin",2019-08-14,2019,0.0657566109562925,0.0324415917431424,0.341260590067286,2019
"Raisin",2019-08-15,2019,0.111414603800223,0.0483125273116013,0.437770655639816,2019
"Raisin",2019-08-16,2019,0.131690598639687,0.0589991692975776,0.692405345341382,2019
"Raisin",2019-08-17,2019,0.0843559675739182,0.0458806312186387,0.578739892038618,2019
"Raisin",2019-08-19,2019,0.0759984655079624,0.0382938004497485,0.505920017480331,2019
"Raisin",2019-08-20,2019,0.104112554424915,0.0439209242061005,0.757635942555233,2019
"Raisin",2019-08-21,2019,0.38141868108327,0.151834478399654,2.3586700868636,2019
"Raisin",2019-08-22,2019,0.362020028234687,0.163859397209424,2.11924820390855,2019
"Raisin",2019-08-23,2019,0.194136748224363,0.0884877443564083,1.38228582471904,2019
"Raisin",2019-08-24,2019,0.109808426954117,0.054069319571904,0.809449519473504,2019
"Raisin",2019-08-26,2019,0.0726469016671682,0.033160884953737,0.520748711866092,2019
"Raisin",2019-08-27,2019,0.0704980743649056,0.0430474967360928,0.420492939132269,2019
"Raisin",2019-08-28,2019,0.0734559842003098,0.0469302121279757,0.391085101066464,2019
"Raisin",2019-08-29,2019,0.071684663504832,0.0444444913729958,0.359857010794257,2019
"Raisin",2019-08-30,2019,0.0606628406690208,0.0362582495952768,0.349334289369878,2019
"Raisin",2019-08-31,2019,0.0492862643790048,0.028074454393104,0.316305519495638,2019
"Raisin",2019-09-01,2019,0.0489510835291699,0.0268633994977152,0.355790802236406,2019
"Raisin",2019-09-02,2019,0.052846031798784,0.0270101940304896,0.38166578521344,2019
"Raisin",2019-09-03,2019,0.0447870119494694,0.0293050818928627,0.258769402374712,2019
"Raisin",2019-09-04,2019,0.0415550856528864,0.0247226458947552,0.239336252810928,2019
"Raisin",2019-09-05,2019,0.0422376802302874,0.0269710488217498,0.238159449973187,2019
"Raisin",2019-09-06,2019,0.0397226005687526,0.0266432076985536,0.217989881169984,2019
"Raisin",2019-09-07,2019,0.0345798987705562,0.0200937249612691,0.189254851379395,2019
"Raisin",2019-09-08,2019,0.033212263040208,0.018156037128647,0.213001313631201,2019
"Raisin",2019-09-09,2019,0.031927810878432,0.0174538699468762,0.186458415530043,2019
"Raisin",2019-09-10,2019,0.0259385939412365,0.0125509325522112,0.169855953873258,2019
"Raisin",2019-09-11,2019,0.0316978327770854,0.0180557275312512,0.169322600404178,2019
"Raisin",2019-09-12,2019,0.0611399229005376,0.0349370988003072,0.298213093331194,2019
"Raisin",2019-09-13,2019,0.199361654960913,0.0787601599845581,1.01526768730094,2019
"Raisin",2019-09-14,2019,0.182918220714634,0.113601842338562,0.600741945925955,2019
"Raisin",2019-09-15,2019,0.143075737944115,0.0798562258292736,0.588939665490893,2019
"Raisin",2019-09-16,2019,0.217872445543765,0.0903373554693658,0.229828860238239,2019
"Raisin",2019-09-17,2019,0.107204047285144,0.0597355885369958,0.757361926094055,2019
"Raisin",2019-09-18,2019,0.0858014044066368,0.043671373500384,0.563446348299072,2019
"Raisin",2019-09-19,2019,0.0646595664813585,0.0351254851173677,0.468817699321601,2019
"Raisin",2019-09-20,2019,0.058039133053233,0.032172468433056,0.452988355537428,2019
"Raisin",2019-09-21,2019,0.0796663715668854,0.0357982933925837,0.425332265562732,2019
"Raisin",2019-09-22,2019,0.0410271146500078,0.0232228950849101,0.321250048674589,2019
"Raisin",2019-09-23,2019,0.0448653023669491,0.017116242521495,0.373445291378074,2019
"Raisin",2019-09-24,2019,0.0373738880443622,0.0201622290765638,0.250306697560268,2019
"Raisin",2019-09-25,2019,0.0355144906292198,0.0186918371732736,0.236451740241911,2019
"Raisin",2019-09-26,2019,0.0349566714046771,0.0170183794996454,0.224458626914243,2019
"Raisin",2019-09-27,2019,0.0306506984432947,0.0178795740919219,0.197526723301233,2019
"Raisin",2019-09-28,2019,0.071063233316087,0.0347756248142554,0.371947987143775,2019
"Raisin",2019-09-29,2019,0.0877513251169901,0.0335229781345805,0.480167363280609,2019
"Raisin",2019-09-30,2019,0.208682129161869,0.0990471644139802,1.36275236555787,2019
"Raisin",2019-10-01,2019,0.284292078473088,0.168544589380474,1.43364433858572,2020
"Raisin",2019-10-02,2019,0.469497847323456,0.261930377980454,2.38702589744452,2020
"Raisin",2019-10-03,2019,0.778304612769869,0.361701728756122,3.50721497704596,2020
"Raisin",2019-10-04,2019,2.11922373815309,0.674569809609293,10.7871473094159,2020
"Raisin",2019-10-05,2019,0.989468548165843,0.39399652596649,5.6189277282721,2020
"Raisin",2019-10-06,2019,0.758560748111712,0.29175413388912,4.95982027611504,2020
"Raisin",2019-10-07,2019,0.558186210874656,0.227898512132256,3.89739484516032,2020
"Raisin",2019-10-08,2019,0.375060031238592,0.200374537237056,2.85405270346627,2020
"Raisin",2019-10-09,2019,0.23517707438232,0.133580578249158,1.8343811801821,2020
"Raisin",2019-10-10,2019,0.265685871443933,0.145050124409931,1.6041682075831,2020
"Raisin",2019-10-11,2019,0.117978765990785,0.0640097560162771,0.989013485114243,2020
"Raisin",2019-10-12,2019,0.100784233051811,0.0515640262125542,0.993779414278318,2020
"Raisin",2019-10-13,2019,0.0925979912740915,0.0572645472352935,0.877244127859815,2020
"Raisin",2019-10-14,2019,0.136714641523891,0.0559287169870464,1.00050260387939,2020
"Raisin",2019-10-15,2019,0.104664501868147,0.039389866294464,0.809180396163418,2020
"Raisin",2019-10-16,2019,0.0917392432573613,0.0369065921150304,0.760275797569626,2020
"Raisin",2019-10-17,2019,0.0848276673392333,0.024098769130464,0.654522569583402,2020
"Raisin",2019-10-18,2019,0.0754230309394867,0.033222049342393,0.536940148831108,2020
"Raisin",2019-10-19,2019,0.0628476326318131,0.0264621611081318,0.465568646996195,2020
"Raisin",2019-10-20,2019,0.057249867782016,0.021468700418256,0.458794079308656,2020
"Raisin",2019-10-22,2019,0.0460200860247744,0.0202209468896736,0.381408894781085,2020
"Raisin",2019-10-23,2019,0.0425337158713824,0.01743185076696,0.355609755645984,2020
"Raisin",2019-10-24,2019,0.0390473457179904,0.01743185076696,0.337480630848346,2020
"Raisin",2019-10-25,2019,0.041836441840704,0.010459110460176,0.384895264934477,2020
"Raisin",2019-10-26,2019,0.0506025220228819,0.0181211734271131,0.401401086857185,2020
"Raisin",2019-10-27,2019,0.679878878544634,0.222785169240614,3.20349708873573,2020
"Raisin",2019-10-28,2019,1.42185184445284,0.387390771991642,2.62233753348188,2020
"Raisin",2019-10-29,2019,1.12811598437126,0.383133730541184,4.97222441413448,2020
"Raisin",2019-10-30,2019,0.956072791959667,0.30643358716656,4.44941568565845,2020
"Raisin",2019-10-31,2019,1.1560069455984,0.51806237191632,4.97939288048496,2020
"Raisin",2019-11-01,2019,4.68240307492689,1.48149935627017,18.1997329679029,2020
"Raisin",2019-11-02,2019,2.42521694172132,0.537072263910605,12.2351775122135,2020
"Raisin",2019-11-03,2019,2.42294162646332,0.636745751664422,12.238749512511,2020
"Raisin",2019-11-04,2019,2.23709974797093,0.759930830417606,9.39240352201536,2020
"Raisin",2019-11-05,2019,1.63505622385438,0.705978946471922,8.39987675441672,2020
"Raisin",2019-11-06,2019,0.929502981527501,0.444493845240883,5.03211658350643,2020
"Raisin",2019-11-07,2019,0.564395619611013,0.274358981755354,4.01522192346724,2020
"Raisin",2019-11-08,2019,0.323990213286378,0.163690583496733,2.55246333588127,2020
"Raisin",2019-11-09,2019,0.206407792534084,0.102243860022697,1.77606705203747,2020
"Raisin",2019-11-10,2019,0.176051661786556,0.0805060362943549,1.76494002645317,2020
"Raisin",2019-11-11,2019,0.189662206207844,0.092960084454935,1.5283268122252,2020
"Raisin",2019-11-12,2019,0.129486234072525,0.0410070527305286,1.26161337905185,2020
"Raisin",2019-11-13,2019,0.114758093941715,0.045766620798184,1.09976506694144,2020
"Raisin",2019-11-14,2019,0.10764932403456,0.038409278815531,1.08682757545292,2020
"Raisin",2019-11-15,2019,0.0986870284935736,0.0307138200923877,1.03554245885263,2020
"Raisin",2019-11-16,2019,0.0916996087335122,0.0181073502752769,0.910351188151534,2020
"Raisin",2019-11-17,2019,0.0917622410674959,0.029966635920566,1.09369755958676,2020
"Raisin",2019-11-18,2019,0.0905976711074857,0.0108510518626836,1.01276484051714,2020
"Raisin",2019-11-19,2019,0.113262746967853,0.0493442482194507,1.2679597960188,2020
"Raisin",2019-11-20,2019,0.156801026758522,0.0583948651376563,1.52475481192769,2020
"Raisin",2019-11-21,2019,0.147110141019865,0.0458175095695457,1.32960616005741,2020
"Raisin",2019-11-22,2019,0.149051254058252,0.0546212670151357,1.37478951724537,2020
"Raisin",2019-11-23,2019,0.12101447692856,0.0454877111859126,1.16294054069644,2020
"Raisin",2019-11-24,2019,0.10654934366897,0.0336580291047329,1.33186679586213,2020
"Raisin",2019-11-25,2019,0.102432246339758,0.0408556097042164,1.29408677627709,2020
"Raisin",2019-11-26,2019,0.0894888830699297,0.0375157894260442,1.12181360576415,2020
"Raisin",2019-11-27,2019,0.154160682429019,0.0631165112843449,1.22323150188244,2020
"Raisin",2019-11-28,2019,2.71587745634128,0.290939424232222,8.20121482006203,2020
"Raisin",2019-11-29,2019,0.851347125702864,0.194539454559274,4.08798308021242,2020
"Raisin",2019-11-30,2019,1.04061176338444,0.172322102023868,4.91140254605495,2020
"Raisin",2019-12-01,2019,1.22938953253232,0.301359389483658,5.34346778752094,2020
"Raisin",2019-12-02,2019,2.05586721780766,0.414352034511206,8.55381528778614,2020
"Raisin",2019-12-03,2019,0.885941703926698,0.244743184768118,5.04275918713258,2020
"Raisin",2019-12-04,2019,0.757185772654725,0.16386184378497,4.18658007472589,2020
"Raisin",2019-12-05,2019,0.559243131510632,0.145062357287662,3.4244228605612,2020
"Raisin",2019-12-06,2019,0.385267144417505,0.100872309771475,2.50553801690438,2020
"Raisin",2019-12-07,2019,0.239108721285128,0.0837658535521651,1.78942535451994,2020
"Raisin",2019-12-08,2019,0.186191494137948,0.0740507467156007,1.68920872699485,2020
"Raisin",2019-12-09,2019,0.170859049847217,0.045634505718687,1.64587008776876,2020
"Raisin",2019-12-10,2019,0.163168239617611,0.0620084572194528,1.50494978288088,2020
"Raisin",2019-12-11,2019,0.178778125575286,0.0406518099612146,1.58115327141962,2020
"Raisin",2019-12-12,2019,0.148907884731242,0.0474187932645598,1.48478755380432,2020
"Raisin",2019-12-13,2019,0.160905157237339,0.052050894746256,1.65431321997883,2020
"Raisin",2019-12-14,2019,0.148263946047472,0.0453829977525335,1.25764748009139,2020
"Raisin",2019-12-15,2019,0.131795067415512,0.0395748274057597,1.31250459698919,2020
"Raisin",2019-12-16,2019,0.1221012457862,0.0384234689536992,1.2346741357122,2020
"Raisin",2019-12-17,2019,0.0820828542339066,0.0331268775536442,0.840410933011171,2020
"Raisin",2019-12-19,2019,0.0646010933258033,0.0200802687957648,0.651748152913966,2020
"Raisin",2019-12-21,2019,0.0629171153773263,0.0259620810664804,0.629171153773263,2020
"Raisin",2019-12-23,2019,0.0610760672787807,0.0220940451278749,0.651393399459761,2020
"Raisin",2019-12-25,2019,0.056366898667378,0.0122896382838728,0.639297529959151,2020
"Raisin",2019-12-27,2019,0.0514037755142755,0.015362047854841,0.579031034528621,2020
"Raisin",2019-12-29,2019,0.195298382293717,0.0774781543983283,0.854931358878106,2020
"Raisin",2019-12-30,2019,2.21160153762802,0.441954299823886,7.34760461197889,2020
"Raisin",2019-12-31,2019,2.85377868700509,0.606975820417774,11.3787292764967,2020
"Raisin",2020-01-01,2020,2.13156671178387,0.376527976566336,7.71882351960989,2020
"Raisin",2020-01-02,2020,2.25729622910514,0.48860560233959,11.113080103686,2020
"Raisin",2020-01-03,2020,2.13177956385639,0.607357486202988,10.3084992695495,2020
"Raisin",2020-01-04,2020,1.21936346594383,0.424911454568778,6.6866377624067,2020
"Raisin",2020-01-05,2020,0.679859305940264,0.221892169166237,4.43784338332474,2020
"Raisin",2020-01-06,2020,0.447383250960993,0.14186223647318,2.88157667836147,2020
"Raisin",2020-01-07,2020,0.305141795278145,0.0993065014218816,2.2449287897189,2020
"Raisin",2020-01-08,2020,0.219917782700421,0.0780604393783334,1.71421762222852,2020
"Raisin",2020-01-09,2020,0.164370731498588,0.384757278073669,1.33226803425171,2020
"Raisin",2020-01-10,2020,0.142995979581308,0.0268379551120343,1.2349652782022,2020
"Raisin",2020-01-11,2020,1.18822100581574,0.267166049649408,6.09806508324774,2020
"Raisin",2020-01-12,2020,10.8859302436708,1.64782734820575,22.4845185850549,2020
"Raisin",2020-01-13,2020,8.79191357337067,1.78882349693556,19.9917272267464,2020
"Raisin",2020-01-14,2020,8.87742138871176,1.28432738642314,1.07739847329771,2020
"Raisin",2020-01-15,2020,6.37410730897891,1.21943930978576,20.4157187689098,2020
"Raisin",2020-01-16,2020,4.25500589960313,1.05694999488224,12.2562669934221,2020
"Raisin",2020-01-17,2020,2.19129006744313,0.602899825557738,10.6417228589474,2020
"Raisin",2020-01-18,2020,1.18124337235787,0.327584232763805,7.05910442356627,2020
"Raisin",2020-01-19,2020,0.754416249136381,0.247950645309239,5.22001358545766,2020
"Raisin",2020-01-20,2020,0.49273786843719,0.141370474788386,3.73785365379001,2020
"Raisin",2020-01-21,2020,0.439519957155377,0.131070391738716,2.78266162902699,2020
"Raisin",2020-01-22,2020,0.320246952700631,0.113090508049398,2.23362561069527,2020
"Raisin",2020-01-23,2020,0.310382360098191,0.103578222325617,1.94473397019525,2020
"Raisin",2020-01-24,2020,0.240442104957829,0.0421300309062528,1.78751702559387,2020
"Raisin",2020-01-25,2020,0.766267461082368,0.221843237655312,3.91390923009744,2020
"Raisin",2020-01-26,2020,0.918202249079418,0.273465981680976,5.33419526620069,2020
"Raisin",2020-01-27,2020,1.01524566812103,0.242776138028941,4.84840322573927,2020
"Raisin",2020-01-28,2020,1.20297140978402,0.276776198395039,6.95032967478044,2020
"Raisin",2020-01-29,2020,0.926963436110504,0.281221626162557,5.86649670779612,2020
"Raisin",2020-01-30,2020,0.7156233472752,0.22009393613975,4.6372392903433,2020
"Raisin",2020-01-31,2020,0.554817276347484,0.161058068208979,3.59326103900723,2020
"Raisin",2020-02-01,2020,0.416791270330808,0.0969920409551386,3.39929652970132,2020
"Raisin",2020-02-02,2020,0.340710110569382,0.107380200724474,2.53110473136259,2020
"Raisin",2020-02-03,2020,0.38747640213576,0.112478864162838,2.96253386318655,2020
"Raisin",2020-02-04,2020,0.381643766033524,0.104483455277725,3.84834100545821,2020
"Raisin",2020-02-05,2020,0.340558422885516,0.0850429659873024,3.43650894375963,2020
"Raisin",2020-02-06,2020,0.311820946519381,0.0709898360496998,3.43117540906883,2020
"Raisin",2020-02-07,2020,0.347912828977513,0.105374008776557,3.44340828680003,2020
"Raisin",2020-02-08,2020,0.227144966864014,0.0626812654946688,3.3818035145457,2020
"Raisin",2020-02-09,2020,0.184395952344563,0.0537708373552627,2.51473714095825,2020
"Raisin",2020-02-10,2020,0.162080736787308,0.0491076643641293,2.02791753876741,2020
"Raisin",2020-02-11,2020,0.138977723904163,0.0498367438769088,1.60813410654355,2020
"Raisin",2020-02-12,2020,0.17707090515912,0.04679075732184,2.0092501673496,2020
"Raisin",2020-02-13,2020,0.20000755090512,0.06911575918128,1.8471645374112,2020
"Raisin",2020-02-14,2020,0.199824057739152,0.0509181302683469,1.71996707476218,2020
"Raisin",2020-02-15,2020,0.171345918380918,0.0405886883121216,1.74685494001536,2020
"Raisin",2020-02-16,2020,0.132702257628058,0.035465559118295,1.37164811424399,2020
"Raisin",2020-02-17,2020,0.154737584942823,0.0369021882790472,1.16577367517899,2020
"Raisin",2020-02-18,2020,0.103038997075225,0.0208555885863683,1.09853199286613,2020
"Raisin",2020-02-19,2020,0.0919520953298842,0.0270571682809774,1.02098533435251,2020
"Raisin",2020-02-20,2020,0.0945244248592009,0.0149906576869217,1.03268975176572,2020
"Raisin",2020-02-21,2020,0.088627199162544,0.00709017593300352,0.998533110564662,2020
"Raisin",2020-02-22,2020,0.0784783144816312,0.015415383201749,0.937185228742694,2020
"Raisin",2020-02-23,2020,0.070826404803211,0.0161121679173181,0.867707376380571,2020
"Raisin",2020-02-24,2020,0.0716513900774031,0.0179128475193508,0.825024419400868,2020
"Raisin",2020-02-25,2020,0.0826746808585421,0.00706179565666714,0.92492299210494,2020
"Raisin",2020-02-26,2020,0.078402959954807,0.00053946990794592,1.00880872785887,2020
"Raisin",2020-02-27,2020,0.0801894494186715,0.0130764569795436,1.01919444105266,2020
"Raisin",2020-02-28,2020,0.0880547004847238,0.00573379445016806,0.98088840772518,2020
"Raisin",2020-02-29,2020,0.0893193353845753,0.0106183825282362,1.03060771597587,2020
"Raisin",2020-03-01,2020,0.0813217245814714,0.0098342550656663,0.936145434135543,2020
"Raisin",2020-03-02,2020,0.300989956576176,0.07920788330952,1.87383221086522,2020
"Raisin",2020-03-03,2020,2.56479407663432,0.223846983027683,9.57217789315307,2020
"Raisin",2020-03-04,2020,1.05016808746806,0.196778071184083,5.34845880163526,2020
"Raisin",2020-03-05,2020,1.47088121839949,0.193768783262208,7.1837574476472,2020
"Raisin",2020-03-06,2020,1.30040383433749,0.170085931974605,6.35131011803904,2020
"Raisin",2020-03-07,2020,0.637232620198124,0.128863580596007,3.60906591703594,2020
"Raisin",2020-03-08,2020,0.38470443204187,0.0943008078542746,2.94690024544608,2020
"Raisin",2020-03-09,2020,0.276071584637722,0.0627987011208883,2.13879634252301,2020
"Raisin",2020-03-10,2020,0.202488378509007,0.0605233858628851,2.48508464533782,2020
"Raisin",2020-03-11,2020,0.155103103329431,0.042805285757015,1.70692682710072,2020
"Raisin",2020-03-12,2020,0.14918239050753,0.0383035867519334,1.75894102321379,2020
"Raisin",2020-03-13,2020,0.138720833471808,0.031560824546496,1.39944121244928,2020
"Raisin",2020-03-14,2020,0.127185229771286,0.010183870711224,1.35558634578293,2020
"Raisin",2020-03-15,2020,0.104278432246951,0.0175943033832303,1.24447511735044,2020
"Raisin",2020-03-16,2020,0.0982637709240741,0.0248161050806216,1.05868706352007,2020
"Raisin",2020-06-29,2020,0.260935355705799,0.119126209921972,1.57475058321511,2020
"Raisin",2020-06-30,2020,0.123364657398278,0.0669011189968235,0.789735013721902,2020
"Raisin",2020-07-01,2020,0.104155369496975,0.0535924819979418,0.636214844770888,2020
"Raisin",2020-07-02,2020,0.0859959071625629,0.0340233028337866,0.528656044031539,2020
"Raisin",2020-07-03,2020,0.0677437196149486,0.035718045714667,0.377526179389202,2020
"Raisin",2020-07-04,2020,0.0651951218684304,0.0102939666108048,0.414449897533056,2020
"Raisin",2020-07-05,2020,0.0653306621536921,0.0316197870171604,0.349148349628364,2020
"Raisin",2020-07-07,2020,0.0598999984137032,0.0300322041452053,0.307446469442703,2020
"Raisin",2020-07-08,2020,0.0791582178259313,0.0331953816689389,0.336643902011532,2020
"Raisin",2020-07-09,2020,0.0525837589002271,0.0313328037055864,0.269343501885562,2020
"Raisin",2020-07-10,2020,0.0658407731550831,0.0366626685330703,0.308153529775567,2020
"Raisin",2020-07-11,2020,0.0635913915978701,0.0386568722608105,0.318514777213893,2020
"Raisin",2020-07-12,2020,0.0692613304262813,0.0392976303963708,0.318661571746668,2020
"Raisin",2020-07-14,2020,0.0998217502319197,0.0612485508547907,0.466894690942257,2020
"Raisin",2020-07-15,2020,0.0771331872463085,0.044095609700102,0.397270044047359,2020
"Raisin",2020-07-16,2020,0.0800213696786448,0.0468369975996639,0.388675224153418,2020
"Raisin",2020-07-17,2020,0.0754122660070833,0.0427893830159645,0.375130981929433,2020
"Raisin",2020-07-18,2020,0.0659114791883695,0.0433095249770951,0.373650803723958,2020
"Raisin",2020-07-19,2020,0.0753958739509235,0.0385166834820109,0.41079716024252,2020
"Raisin",2020-07-20,2020,0.0788585123215169,0.0475491957411744,0.441841757348759,2020
"Raisin",2020-07-21,2020,0.080329638197471,0.0491504794361885,0.394069923232877,2020
"Raisin",2020-07-22,2020,0.0761200603126105,0.049996015944969,0.366766140136838,2020
"Raisin",2020-07-23,2020,0.0607465135527022,0.038545308415902,0.296759827456727,2020
"Raisin",2020-07-24,2020,0.055692133131725,0.0378536615089799,0.277664305318324,2020
"Raisin",2020-07-25,2020,0.0470980472104477,0.0321729577481653,0.302949663588714,2020
"Raisin",2020-07-26,2020,0.0437379203552417,0.0311564056087025,0.242937612014993,2020
"Raisin",2020-07-27,2020,0.0452420750010701,0.0252545314185078,0.226885629856113,2020
"Raisin",2020-07-28,2020,0.0438071584432003,0.0313633858999144,0.197238027386776,2020
"Raisin",2020-07-29,2020,0.0392895566970682,0.0285919051211338,0.196447783485341,2020
"Raisin",2020-07-30,2020,0.0398992433231912,0.0263970821986019,0.170027214161495,2020
"Raisin",2020-07-31,2020,0.0366017488019689,0.0246022743778802,0.163568254719421,2020
"Raisin",2020-08-01,2020,0.0934738653196454,0.0237024238919731,0.331217397449971,2020
"Raisin",2020-08-02,2020,0.0487025114536719,0.0248980653614206,0.240596239217242,2020
"Raisin",2020-08-03,2020,0.040437489943364,0.024645334107494,0.194610405250115,2020
"Raisin",2020-08-11,2020,0.041352998512767,0.013945480613568,0.204905595148693,2020
"Raisin",2020-08-12,2020,0.0304728324010831,0.0175280011859272,0.151839371550747,2020
"Raisin",2020-08-13,2020,0.0291827531155507,0.0167150041319117,0.152421656530752,2020
"Raisin",2020-08-14,2020,0.0259014059929336,0.0153911621038412,0.143824390061265,2020
"Raisin",2020-08-15,2020,0.0271254277387175,0.0176486173603569,0.15908612831871,2020
"Raisin",2020-08-16,2020,0.0259136388706648,0.0155978977374985,0.157221837752475,2020
"Raisin",2020-08-17,2020,0.0333624827787471,0.0164312013685478,0.195031216244068,2020
"Raisin",2020-08-18,2020,0.0413669439933805,0.0245951793087961,0.220896412918917,2020
"Raisin",2020-08-19,2020,0.0658632816501085,0.0395320123337005,0.316677398978667,2020
"Raisin",2020-08-20,2020,0.0422107678992787,0.0269419345727495,0.221997371914725,2020
"Raisin",2020-08-21,2020,0.0313210601429645,0.0221786966417749,0.165493709674312,2020
"Raisin",2020-08-22,2020,0.0303805965029898,0.0181672913761598,0.163734621856566,2020
"Raisin",2020-08-23,2020,0.0245951793087961,0.0145192025791613,0.156037695188095,2020
"Raisin",2020-08-24,2020,0.0206471403498286,0.0102230159199638,0.150161020726026,2020
"Raisin",2020-08-25,2020,0.023599667719031,0.0142806614634029,0.148849656233242,2020
"Raisin",2020-08-26,2020,0.023334214272264,0.01253869967448,0.1957260436992,2020
"Raisin",2020-08-27,2020,0.0226976153151324,0.012744945993028,0.186336086752731,2020
"Raisin",2020-08-28,2020,0.0200841833166388,0.012877061072525,0.0950029750360454,2020
"Raisin",2020-08-29,2020,0.03318168084588,0.016177980799512,0.05932945699632,2020
"Raisin",2020-08-30,2020,0.0413079815227162,0.0215787963178368,0.115820886359002,2020
"Raisin",2020-08-31,2020,0.0441594653218589,0.0224302046079283,0.265424087860485,2020
"Raisin",2020-09-01,2020,0.0366007701717504,0.0241107573506406,0.215944544013327,2020
"Raisin",2020-09-02,2020,0.0307708253026151,0.0217131133153254,0.190465906274784,2020
"Raisin",2020-09-03,2020,0.0350545344265267,0.0230761005521357,0.22151294995657,2020
"Raisin",2020-09-04,2020,0.0337774219913894,0.0242071524271624,0.239906304913202,2020
"Raisin",2020-09-05,2020,0.0291974325688282,0.0207626187156111,0.199611205666629,2020
"Raisin",2020-09-06,2020,0.0252183221004234,0.0174670814548259,0.175385214607761,2020
"Raisin",2020-09-07,2020,0.0285534938850578,0.0189027319853595,0.180652691758815,2020
"Raisin",2020-09-08,2020,0.0365591783874643,0.0172605904787232,0.220852374559085,2020
"Raisin",2020-09-09,2020,0.0365628482507837,0.0173034055507824,0.255287925372413,2020
"Raisin",2020-09-10,2020,0.0816669363910458,0.0325465498340761,0.473170157218362,2020
"Raisin",2020-09-11,2020,0.0811626971709658,0.0281977618006345,0.578179626238529,2020
"Raisin",2020-09-12,2020,0.0693601720783494,0.0230917586356316,0.477965445288993,2020
"Raisin",2020-09-13,2020,0.075054576662223,0.0275283787311832,0.506220946272518,2020
"Raisin",2020-09-14,2020,0.0619974476294947,0.0221574114345226,0.343548138203021,2020
"Raisin",2020-09-15,2020,0.0586446605009274,0.0269336162158923,0.269336162158923,2020
"Raisin",2020-09-16,2020,0.0444831472666264,0.0207207822737704,0.252197900457512,2020
"Raisin",2020-09-17,2020,0.0431889088026655,0.0210748017553114,0.239040217169833,2020
"Raisin",2020-09-18,2020,0.0366325756538515,0.0152901185337815,0.227228150432586,2020
"Raisin",2020-09-19,2020,0.0336037151276064,0.0147956656158864,0.193095974986992,2020
"Raisin",2020-09-20,2020,0.0314208804252511,0.0155680495158344,0.167546386557608,2020
"Raisin",2020-09-21,2020,0.0307466042047073,0.0126497742042793,0.188621188312919,2020
"Raisin",2020-09-22,2020,0.0229351778006723,0.0124364328166472,0.150787344065864,2020
"Raisin",2020-09-23,2020,0.0214731042542392,0.0122221127987965,0.144166910637738,2020
"Raisin",2020-09-24,2020,0.0478931842629757,0.0131116876674094,0.239304447328827,2020
"Raisin",2020-09-25,2020,0.0195860605354243,0.00653969643509952,0.145656875145398,2020
"Raisin",2020-09-26,2020,0.0171808321159158,0.00800910970817127,0.131762772618301,2020
"Raisin",2020-09-27,2020,0.0160299629789645,0.00856986482336947,0.134713342727067,2020
"Raisin",2020-09-28,2020,0.0362582495952768,0.00563691005853696,0.201695688032026,2020
"Raisin",2020-09-29,2020,0.0182612398771354,0.009541644630336,0.123307407530496,2020
"Wolf ",2018-03-01,2018,0.0196861254752655,0.00471210450205824,0.176180351660289,2018
"Wolf ",2018-03-19,2018,0.00254321528031648,0.0003302876987424,0.0416162500415424,2018
"Wolf ",2018-03-26,2018,0.00172830989737486,0.000306800573498496,0.0305777904920168,2018
"Wolf ",2018-04-02,2018,0.00356079498150862,0.000745716226493952,0.0661823151013382,2018
"Wolf ",2018-04-09,2018,0.00267738548327228,7.3152608832576e-05,0.0409654609462426,2018
"Wolf ",2018-04-16,2018,0.0896723762358977,0.0119490749678362,0.674036456140213,2018
"Wolf ",2018-04-23,2018,0.00302871373171235,0.00080981650580544,0.0532049444314174,2018
"Wolf ",2018-04-30,2018,0.0020857056531696,0.0006055274476944,0.0401666540303952,2018
"Wolf ",2018-05-07,2018,0.0132675345297049,0.00186429056623488,0.136559283976705,2018
"Wolf ",2018-05-14,2018,0.0960231970388275,0.0109117269362304,0.754000331293521,2018
"Wolf ",2018-05-21,2018,0.00535347428150506,0.000400259759364864,0.0645418861975843,2018
"Wolf ",2018-06-04,2018,0.002385411157584,0.000581061692232,0.018624556345752,2018
"Wolf ",2018-06-11,2018,0.0369834145871823,0.00780946914359808,0.1723661403837,2018
"Wolf ",2018-06-18,2018,0.00280891338463814,0.000978385560941376,0.020104245236118,2018
"Wolf ",2018-06-25,2018,0.0039812145233745,0.00200961715368154,0.0294924895797047,2018
"Wolf ",2018-07-02,2018,0.00150219738539136,0.000660966849572198,0.00668477836499155,2018
"Wolf ",2018-07-09,2018,0.000748064939018342,0.000345260741085389,0.00411846741151857,2018
"Wolf ",2018-07-16,2018,0.000475540888922669,0.00025566714458208,0.00305777904920168,2018
"Wolf ",2018-07-23,2018,0.000334251151127309,0.000155308615675315,0.0019278525989262,2018
"Wolf ",2018-07-30,2018,0.000151394094801331,7.32015403435008e-05,0.00124608985721096,2018
"Wolf ",2018-08-06,2018,0.000135755583909765,4.65827984004096e-05,0.00092001026840809,2018
"Wolf ",2018-08-13,2018,0.000511285357653235,0.000208301442006874,0.00340225688611227,2018
"Wolf ",2018-08-27,2018,0.000715535270555535,0.000369922222591488,0.00516834190992108,2018
"Wolf ",2018-09-17,2018,0.000677486127660411,0.000221953333554893,0.00701795302287852,2018
"Wolf ",2018-09-24,2018,0.0029034653742485,0.000747673486930944,0.0179753167482981,2018
"Wolf ",2018-09-25,2018,0.0022156799790636,0.0003822774291,0.015734538981756,2018
"Wolf ",2018-09-26,2018,0.00174260034514045,0.000477424752093274,0.0148218684399866,2018
"Wolf ",2018-09-27,2018,0.00104796616947644,0.00032294797210368,0.0083804998760905,2018
"Wolf ",2018-09-28,2018,0.000944622818403264,0.0004036849651296,0.00641051724625805,2018
"Wolf ",2018-09-29,2018,0.000876803744261491,0.00024221097907776,0.00663658082673062,2018
"Wolf ",2018-09-30,2018,0.000850674317427648,0.000328330438305408,0.00859628783926886,2018
"Wolf ",2018-10-01,2018,0.000862255862380093,0.000327949859887104,0.00801711272862474,2019
"Wolf ",2018-10-02,2018,0.000850674317427648,0.000402950992465728,0.00790977874099392,2019
"Wolf ",2018-10-03,2018,0.00104150721003437,0.00056515895118144,0.00823517328864384,2019
"Wolf ",2018-10-04,2018,0.00118848523597474,0.000636965943463584,0.00767466283100026,2019
"Wolf ",2018-10-05,2018,0.00119989851089795,0.000567116211618432,0.00726804197521517,2019
"Wolf ",2018-10-06,2018,0.00228220236816587,0.00105055953955546,0.0126481839301742,2019
"Wolf ",2018-10-07,2018,0.0025169145931944,0.001162123384464,0.01167220416852,2019
"Wolf ",2018-10-08,2018,0.00180950623495959,0.000894339574489167,0.0100950110873846,2019
"Wolf ",2018-10-09,2018,0.00169635762074097,0.000628280600274432,0.00921478213735834,2019
"Wolf ",2018-10-10,2018,0.00171737859783426,0.000770377708000051,0.0109356055135617,2019
"Wolf ",2018-10-11,2018,0.00168002917554536,0.000855958920607526,0.00800573343391745,2019
"Wolf ",2018-10-12,2018,0.00154580759450309,0.000761251981212576,0.0066648387742897,2019
"Wolf ",2018-10-13,2018,0.00156011272172195,0.000707304990417984,0.00933642587351739,2019
"Wolf ",2018-10-14,2018,0.00119813697650465,0.00056515895118144,0.008073699302592,2019
"Wolf ",2018-10-15,2018,0.00104410058011338,0.000534699085630752,0.0074742882937632,2019
"Wolf ",2018-10-16,2018,0.000790977874099392,0.000358178659969536,0.00610396133031418,2019
"Wolf ",2018-10-17,2018,0.000761129652435264,0.000283558105809216,0.00750682774852819,2019
"Wolf ",2018-10-18,2018,0.000657639506829312,0.000246614815060992,0.00532962016992922,2019
"Wolf ",2018-10-19,2018,0.000673835836945421,0.000301075586720295,0.00592115320549912,2019
"Wolf ",2018-10-20,2018,0.000673835836945421,0.000258064788617395,0.0052473173685537,2019
"Wolf ",2018-10-21,2018,0.000701433209107008,0.000328330438305408,0.00588009966783322,2019
"Wolf ",2018-10-22,2018,0.000701949130725322,0.00030997194705031,0.00696848326533354,2019
"Wolf ",2018-10-23,2018,0.000705641319046541,0.000226063580472576,0.0061521588685751,2019
"Wolf ",2018-10-24,2018,0.000577778387848946,0.000143369327009664,0.00540502362826433,2019
"Wolf ",2018-10-25,2018,0.000630751641576134,0.000201964811342112,0.00635412367991722,2019
"Wolf ",2018-10-26,2018,0.000623827832780275,0.000134316997488576,0.00568608622701638,2019
"Wolf ",2018-10-27,2018,0.000926958542959411,0.000235360567548288,0.00773068941100915,2019
"Wolf ",2018-10-28,2018,0.00308339408352692,0.000633179867805778,0.0172877291179699,2019
"Wolf ",2018-10-29,2018,0.00231874197394896,0.0004390243896864,0.0181617458049216,2019
"Wolf ",2018-10-30,2018,0.000942420900411648,0.000293197613461402,0.00975929199092951,2019
"Wolf ",2018-10-31,2018,0.00147822094503821,0.00027890961227136,0.0145311907993379,2019
"Wolf ",2018-11-01,2018,0.0162977406725005,0.00203016838826995,0.0838008395824763,2019
"Wolf ",2018-11-02,2018,0.0259126330562736,0.0034170505129152,0.153425568029892,2019
"Wolf ",2018-11-03,2018,0.0143388899614034,0.00283790530486109,0.116503480936403,2019
"Wolf ",2018-11-04,2018,0.00599264214296026,0.000323926602322176,0.057011082008703,2019
"Wolf ",2018-11-05,2018,0.00415903707090977,0.00128768707833158,0.037073856329875,2019
"Wolf ",2018-11-06,2018,0.00357562122931884,0.00145032998381107,0.0279467431495903,2019
"Wolf ",2018-11-07,2018,0.00345534757546568,0.00155846862295488,0.0262268005405836,2019
"Wolf ",2018-11-08,2018,0.00299287139995993,0.000656171561501568,0.0192841531130183,2019
"Wolf ",2018-11-09,2018,0.002837636181551,0.0010764932403456,0.030830766403498,2019
"Wolf ",2018-11-10,2018,0.0019821176445418,0.00074375896605696,0.0184824103065155,2019
"Wolf ",2018-11-11,2018,0.00167287049549706,0.00064589594420736,0.0231553695998339,2019
"Wolf ",2018-11-12,2018,0.0014673581496129,0.000524056482004608,0.0186091429198107,2019
"Wolf ",2018-11-13,2018,0.00132575035699653,0.000394387978053888,0.0185665725053061,2019
"Wolf ",2018-11-14,2018,0.00133876613890253,0.000223127689817088,0.0165672309689188,2019
"Wolf ",2018-11-15,2018,0.00169459608634767,0.000314874272801088,0.0181195831530081,2019
"Wolf ",2018-11-16,2018,0.00194674016214317,0.000571520047601664,0.0200389216690333,2019
"Wolf ",2018-11-17,2018,0.00133157320679658,0.000551947443231744,0.0221123944444717,2019
"Wolf ",2018-11-18,2018,0.0018343444815489,0.000559776484979712,0.0251038223648594,2019
"Wolf ",2018-11-19,2018,0.00216717661885939,0.00063121649092992,0.0318238314177168,2019
"Wolf ",2018-11-20,2018,0.0020918220920352,0.0006605753974848,0.034129728870048,2019
"Wolf ",2018-11-21,2018,0.00148722434304837,0.00066791512412352,0.0252917193668106,2019
"Wolf ",2018-11-22,2018,0.00104258370327471,0.000454818394046016,0.019452232853045,2019
"Wolf ",2018-11-23,2018,0.000969431094442137,0.000341786603809728,0.0171204016999237,2019
"Wolf ",2018-11-24,2018,0.00365694540047585,0.00162061164182938,0.0317780804550021,2019
"Wolf ",2018-11-25,2018,0.00249169039931267,0.000742780335838464,0.0471327885832044,2019
"Wolf ",2018-11-26,2018,0.0407275233191189,0.00399955296630221,0.326906857547569,2019
"Wolf ",2018-11-27,2018,0.0254835308896358,0.003318168084588,0.214619111711152,2019
"Wolf ",2018-11-28,2018,0.0147822094503821,0.00306800573498496,0.184917072935912,2019
"Wolf ",2018-11-29,2018,0.00519065467890278,0.000432554556575232,0.0756970474006656,2019
"Wolf ",2018-11-30,2018,0.00314336026180915,0.000785840065452288,0.0500794441710958,2019
"Wolf ",2018-12-01,2018,0.0058054791136729,0.0011896473593592,0.0631464818347863,2019
"Wolf ",2018-12-02,2018,0.0467850486455654,0.00636979535549952,0.281149588104806,2019
"Wolf ",2018-12-03,2018,0.0331112500523426,0.00681187796461872,0.274500271493149,2019
"Wolf ",2018-12-04,2018,0.0164884512363299,0.0060675073546752,0.220553892342444,2019
"Wolf ",2018-12-05,2018,0.00499483077218173,0.00163382314977907,0.08554231205629,2019
"Wolf ",2018-12-06,2018,0.00322223785741993,0.00135589216772621,0.057186746132923,2019
"Wolf ",2018-12-07,2018,0.00233599033154995,0.00091012610320128,0.046234406042625,2019
"Wolf ",2018-12-08,2018,0.00177572453146099,0.00074375896605696,0.0346777617924058,2019
"Wolf ",2018-12-09,2018,0.00175683696824402,0.000549011552576256,0.0360975095818888,2019
"Wolf ",2018-12-10,2018,0.00135608789376991,0.000473901683306688,0.0302750267681696,2019
"Wolf ",2018-12-17,2018,0.0015434221833455,3.792192096672e-05,0.0263936569928371,2019
"Wolf ",2018-12-18,2018,0.00158347262503745,0.00050644113807168,0.0198187298698717,2019
"Wolf ",2018-12-19,2018,0.00117680283774144,0.00025444385680896,0.0188606508859642,2019
"Wolf ",2018-12-20,2018,0.00119167801706258,0.000290653174893312,0.0214437453476844,2019
"Wolf ",2018-12-21,2018,0.00957080781084718,0.000894468019705344,0.0675323354877535,2019
"Wolf ",2018-12-22,2018,0.0101138986506015,0.00196704673917696,0.101794668752408,2019
"Wolf ",2018-12-23,2018,0.00664012836127267,0.00116041078158163,0.0773607187721088,2019
"Wolf ",2018-12-24,2018,0.00396929970046431,0.000883703087301888,0.0455107089960472,2019
"Wolf ",2018-12-25,2018,0.00453042180199446,0.000562467718080576,0.0343105308029151,2019
"Wolf ",2018-12-26,2018,0.00219604621030502,0.0004159178428608,0.0236241334744934,2019
"Wolf ",2018-12-27,2018,0.00183228935809006,0.000347903042675328,0.022459074199374,2019
"Wolf ",2018-12-28,2018,0.0103251604490194,0.0011437740678672,0.0763209241649568,2019
"Wolf ",2018-12-29,2018,0.0131058158860984,0.00204778373220288,0.0967919110754561,2019
"Wolf ",2018-12-30,2018,0.00635566502251135,0.00113325379301837,0.0582681325243611,2019
"Wolf ",2018-12-31,2018,0.00458131057335625,0.000453595106272896,0.0514830445619737,2019
"Wolf ",2019-01-01,2019,0.0944104144387461,0.0045506305160064,0.397725107098959,2019
"Wolf ",2019-01-02,2019,0.0469835474748837,0.0056515895118144,0.304809061003857,2019
"Wolf ",2019-01-03,2019,0.0307196918736987,0.00149730423429888,0.192403594107406,2019
"Wolf ",2019-01-04,2019,0.0111141076654154,0.000868289661360576,0.090674248922083,2019
"Wolf ",2019-01-05,2019,0.00772109883486789,0.000534332099298816,0.0632292984170266,2019
"Wolf ",2019-01-06,2019,0.00431928233235395,0.000422768254390272,0.0434042074507346,2019
"Wolf ",2019-01-07,2019,0.00257110624154362,0.00065415313667592,0.0348976477696241,2019
"Wolf ",2019-01-08,2019,0.00234078561962058,0.00087342747000768,0.0353446982863108,2019
"Wolf ",2019-01-09,2019,0.00244713825861564,0.00084773842677216,0.0336269575952957,2019
"Wolf ",2019-01-10,2019,0.00210615902473617,0.000623387449181952,0.0288984610370776,2019
"Wolf ",2019-01-11,2019,0.00173853658315814,0.00037432605857472,0.0282408215302483,2019
"Wolf ",2019-01-12,2019,0.00177095370914582,0.00041714113063392,0.0233599033154995,2019
"Wolf ",2019-01-13,2019,0.00145348606626572,0.00059084799441696,0.0242247677710954,2019
"Wolf ",2019-01-14,2019,0.0012939666222336,0.0004675677710592,0.0209209393376256,2019
"Wolf ",2019-01-15,2019,0.00127588914736416,0.000510355658945664,0.0247157954832257,2019
"Wolf ",2019-01-16,2019,0.00129448312151558,0.000489804424357248,0.0237905006116378,2019
"Wolf ",2019-01-17,2019,0.00104958090933696,0.00041347126731456,0.0203873140268179,2019
"Wolf ",2019-01-18,2019,0.00125949709120435,0.000209916181867392,0.0237205285510153,2019
"Wolf ",2019-01-19,2019,0.00118169598883392,0.000303864682843008,0.0218107316796204,2019
"Wolf ",2019-01-20,2019,0.00209622592801843,0.000232913992002048,0.0373244672183282,2019
"Wolf ",2019-01-21,2019,0.00101777542723584,0.00034986030311232,0.0227091142201997,2019
"Wolf ",2019-01-22,2019,0.000941143244293056,0.000222067507080384,0.0231478939523315,2019
"Wolf ",2019-01-23,2019,0.00366900701791882,0.000453472777495584,0.0582094147112513,2019
"Wolf ",2019-01-28,2019,0.00261661254670368,0.00059084799441696,0.0689604016340938,2019
"Wolf ",2019-01-29,2019,0.00162061164182938,0.00033762742538112,0.0484157727996526,2019
"Wolf ",2019-01-30,2019,0.00177914973722573,0.000593049912408576,0.0626408969981558,2019
"Wolf ",2019-01-31,2019,0.0012416370897168,0.00024832741794336,0.0368517888227946,2019
"Wolf ",2019-02-04,2019,0.00595700777012927,0.00102370837293547,0.19114097763238,2019
"Wolf ",2019-02-11,2019,0.00374798247655144,0.000901318431234816,0.0647447073103676,2019
"Wolf ",2019-02-21,2019,0.00335807173174717,0.00036820961970912,0.0523594079226369,2019
"Wolf ",2019-02-22,2019,0.00428652268578979,0.00098352336958848,0.0569623951553328,2019
"Wolf ",2019-02-23,2019,0.00397088997456937,0.000698008003342272,0.0466889797791164,2019
"Wolf ",2019-02-24,2019,0.0294745806467062,0.00306409121411098,0.183944314498727,2019
"Wolf ",2019-02-25,2019,0.0162348636809621,0.00332367287956704,0.199420372774022,2019
"Wolf ",2019-02-26,2019,0.00993945781415462,0.00179236124517542,0.126117054887798,2019
"Wolf ",2019-02-27,2019,0.00378313976715091,0.000563446348299072,0.0604497439389433,2019
"Wolf ",2019-02-28,2019,0.00295986709584115,0.000450414558062784,0.0489021520182451,2019
"Wolf ",2019-03-01,2019,0.00263055802731725,0.000438426337886208,0.041102469176832,2019
"Wolf ",2019-03-02,2019,0.00368601071796518,0.000416162500415424,0.0461940375461121,2019
"Wolf ",2019-03-03,2019,0.00273625009091482,0.000399036471591744,0.0403026836307661,2019
"Wolf ",2019-03-04,2019,0.00285319640202509,0.000543465981338112,0.0430696790210454,2019
"Wolf ",2019-03-05,2019,0.00437667899466874,0.00131136449278464,0.06147021059928,2019
"Wolf ",2019-03-06,2019,0.00206950932305349,0.00083672883681408,0.0405534576242557,2019
"Wolf ",2019-03-07,2019,0.0015841576661904,0.00063366306647616,0.0296463791815632,2019
"Wolf ",2019-03-08,2019,0.00165779959013222,0.000688955673821184,0.0330698723434168,2019
"Wolf ",2019-03-09,2019,0.00187596073159045,0.000313406327473344,0.0329524367171973,2019
"Wolf ",2019-03-10,2019,0.0294880694332178,0.00440978931706118,0.196651039544888,2019
"Wolf ",2019-03-11,2019,0.0361763382459887,0.00302959449890899,0.178547413501276,2019
"Wolf ",2019-03-12,2019,0.00967914217603469,0.00192300837934464,0.0893557893602143,2019
"Wolf ",2019-03-13,2019,0.00469962696677242,0.00107184474680774,0.0578796163276182,2019
"Wolf ",2019-03-14,2019,0.00922658686436894,0.00195530317655501,0.0867054752353611,2019
"Wolf ",2019-03-15,2019,0.0169382541505061,0.00398547156482496,0.202262681914867,2019
"Wolf ",2019-03-16,2019,0.0188508645837792,0.005627123756352,0.185695083959616,2019
"Wolf ",2019-03-17,2019,0.00932732461248537,0.00241819526990362,0.117800655291019,2019
"Wolf ",2019-03-18,2019,0.00921837044815949,0.00159625462305792,0.0846014950220698,2019
"Wolf ",2019-03-19,2019,0.00452934530875411,0.00088810692328512,0.0560395468592911,2019
"Wolf ",2019-03-20,2019,0.0033395756206176,0.0010336781682864,0.0502526617197696,2019
"Wolf ",2019-03-21,2019,0.00377677867073069,0.00114181680743021,0.0622729320360013,2019
"Wolf ",2019-03-22,2019,0.0034741372756608,0.0008685343189152,0.0561073170019219,2019
"Wolf ",2019-03-23,2019,0.00668502302254618,0.000871959524679936,0.0603831970840856,2019
"Wolf ",2019-03-24,2019,0.00391647813442099,0.000810305820914688,0.0451070240309176,2019
"Wolf ",2019-03-25,2019,0.00321605073970522,0.000712279694028672,0.0416144015177964,2019
"Wolf ",2019-03-26,2019,0.00302788189602662,0.000756970474006656,0.0366257252423221,2019
"Wolf ",2019-03-27,2019,0.00327792191685235,0.000621674846299584,0.0327227032734054,2019
"Wolf ",2019-03-28,2019,0.00335229781345805,0.00081103979357856,0.0296840564449753,2019
"Wolf ",2019-03-29,2019,0.00434658611544998,0.00068993430403968,0.0406371305079372,2019
"Wolf ",2019-03-30,2019,0.00439282639327392,0.00061653703765248,0.0487834931042525,2019
"Wolf ",2019-04-01,2019,0.0541448915721101,0.00698035187515008,0.514848115332015,2019
"Wolf ",2019-04-02,2019,0.033579249372144,0.005596541562024,0.345642406870602,2019
"Wolf ",2019-04-03,2019,0.0117122464549601,0.00146403080687002,0.140912965161239,2019
"Wolf ",2019-04-04,2019,0.00710191949562547,0.000842600618125056,0.0838989472618806,2019
"Wolf ",2019-04-05,2019,0.00642470738442624,0.000889574868612864,0.0667181151459648,2019
"Wolf ",2019-04-06,2019,0.0044527674941568,0.000801498148948224,0.0618934681687795,2019
"Wolf ",2019-04-07,2019,0.0045760749016873,0.00081715623244416,0.0522979988764262,2019
"Wolf ",2019-04-08,2019,0.00498137460667742,0.00104321981291674,0.0592606810392979,2019
"Wolf ",2019-04-09,2019,0.00395229600041795,0.000233403307111296,0.0514265286668556,2019
"Wolf ",2019-04-10,2019,0.00331369085133838,0.000824985274192128,0.0392555492969754,2019
"Wolf ",2019-04-11,2019,0.00354724095298245,0.000786818695670784,0.0382918431893115,2019
"Wolf ",2019-04-15,2019,0.00827260589450131,0.00243311938073568,0.0933943516143926,2019
"Wolf ",2019-04-16,2019,0.007278562250064,0.0011437740678672,0.0719537868149184,2019
"Wolf ",2019-04-17,2019,0.00588866268224505,0.00165877822035072,0.0608771606868714,2019
"Wolf ",2019-04-18,2019,0.00516349769033952,0.00100187268618528,0.0524056482004608,2019
"Wolf ",2019-04-19,2019,0.0349156912642776,0.0071929321059456,0.246957335637466,2019
"Wolf ",2019-04-20,2019,0.08974175024472,0.012280450033488,0.470435701282848,2019
"Wolf ",2019-04-21,2019,0.34578267720192,0.0250529335934976,1.1667881885055,2019
"Wolf ",2019-04-22,2019,0.186869440221811,0.0221292758157408,0.943772633400946,2019
"Wolf ",2019-04-29,2019,0.0725556443992934,0.00818134862662656,0.287423695172275,2019
"Wolf ",2019-04-30,2019,0.0342743486690035,0.0084977723972736,0.281134636809802,2019
"Wolf ",2019-05-01,2019,0.0404133503979744,0.00854017970674176,0.31827419728518,2019
"Wolf ",2019-05-02,2019,0.0411269349322944,0.010866873051216,0.345399380366342,2019
"Wolf ",2019-05-03,2019,0.0353603563698067,0.00806880615149952,0.336279362255142,2019
"Wolf ",2019-05-04,2019,0.0269514762173798,0.00832325000830848,0.270703797889271,2019
"Wolf ",2019-05-05,2019,0.0191102015916806,0.0039267537517152,0.150525560482416,2019
"Wolf ",2019-05-06,2019,0.0126733537557105,0.00294192554183539,0.0989871417605791,2019
"Wolf ",2019-05-07,2019,0.0102184897552033,0.00239397417199584,0.0894590348482656,2019
"Wolf ",2019-05-08,2019,0.00793365731832522,0.00151736615377805,0.0696904597770918,2019
"Wolf ",2019-05-09,2019,0.00735425929746467,0.00133901079645715,0.0698345630767653,2019
"Wolf ",2019-05-10,2019,0.0330565847197835,0.00572675374942944,0.234444488111258,2019
"Wolf ",2019-05-11,2019,0.0292169073101762,0.00602542625527987,0.196275055251776,2019
"Wolf ",2019-05-12,2019,0.0116298947220737,0.00244975609445011,0.0946379459645464,2019
"Wolf ",2019-05-13,2019,0.0220554993301439,0.00529665256444363,0.190560466419646,2019
"Wolf ",2019-05-14,2019,0.0194407339479777,0.00348013138574909,0.189367149196968,2019
"Wolf ",2019-05-15,2019,0.0105369115625464,0.00142390696791168,0.104514771444717,2019
"Wolf ",2019-05-16,2019,0.00745202445629241,0.00188924563680653,0.0726309989261176,2019
"Wolf ",2019-05-17,2019,0.00602713885816224,0.00148360341123994,0.0656494509473672,2019
"Wolf ",2019-05-18,2019,0.0101244189254504,0.00132946915182682,0.0830406885602596,2019
"Wolf ",2019-05-19,2019,0.00993260740262515,0.00131185380789389,0.0717771440604799,2019
"Wolf ",2019-05-20,2019,0.0397364481863444,0.00613927357069824,0.245877906506465,2019
"Wolf ",2019-05-21,2019,0.0133144598486818,0.0028615147588823,0.134154544872306,2019
"Wolf ",2019-05-22,2019,0.00986390756128673,0.0014505746413657,0.104968855866099,2019
"Wolf ",2019-05-23,2019,0.0139785093834422,0.00272401721318362,0.108387211219306,2019
"Wolf ",2019-05-24,2019,0.0101762373955197,0.0144805466855307,0.0920643931474566,2019
"Wolf ",2019-05-25,2019,0.00814467445918842,0.00186282262090714,0.0809292938638545,2019
"Wolf ",2019-05-26,2019,0.0111332888176979,0.0029114249000256,0.0900212579087916,2019
"Wolf ",2019-05-27,2019,0.0126503124508995,0.0034731586454423,0.1016566818916,2019
"Wolf ",2019-05-28,2019,0.0186993400049487,0.0043385939686656,0.16269727382496,2019
"Wolf ",2019-05-29,2019,0.0492077021197978,0.00732015403435008,0.324831835274285,2019
"Wolf ",2019-05-30,2019,0.030719814202476,0.008241901371396,0.256547911778726,2019
"Wolf ",2019-05-31,2019,0.0321993807640646,0.00962972135000064,0.269030340215643,2019
"Wolf ",2019-06-01,2019,0.0240192554252112,0.004495582566216,0.129601223123198,2019
"Wolf ",2019-06-02,2019,0.175411855097042,0.029722087102633,0.76865096934786,2019
"Wolf ",2019-06-03,2019,0.106358347671327,0.0233599033154995,0.579927296703727,2019
"Wolf ",2019-06-04,2019,0.051601948133521,0.0108004077488765,0.337612745927843,2019
"Wolf ",2019-06-05,2019,0.0538664984591207,0.00875482593466522,0.26568464815616,2019
"Wolf ",2019-06-06,2019,0.0582407308782432,0.0087220418223456,0.259691761355645,2019
"Wolf ",2019-06-07,2019,0.0409197099835279,0.0060237136523975,0.180503695308049,2019
"Wolf ",2019-06-08,2019,0.0236948395077798,0.00359353016231731,0.105110757247781,2019
"Wolf ",2019-06-09,2019,0.0140690326786531,0.00190612700807558,0.0767896880396164,2019
"Wolf ",2019-06-10,2019,0.0117476402478624,0.0022501698982224,0.0689078002598496,2019
"Wolf ",2019-06-11,2019,0.0102080918091318,0.00175713055730957,0.0635077187141887,2019
"Wolf ",2019-06-12,2019,0.00870344784819417,0.00136665710012966,0.0494873728889057,2019
"Wolf ",2019-06-13,2019,0.0250306697560268,0.00336232877319763,0.109400215824227,2019
"Wolf ",2019-06-14,2019,0.0195865498505336,0.00289160763810106,0.0992421564850155,2019
"Wolf ",2019-06-15,2019,0.0326260635393289,0.00343817261513107,0.137965820258238,2019
"Wolf ",2019-06-16,2019,0.0647752623205229,0.00539252434564032,0.201992267356575,2019
"Wolf ",2019-06-17,2019,0.0410290719104448,0.00419832363734784,0.242834855842051,2019
"Wolf ",2019-06-18,2019,0.0243311938073568,0.00314874272801088,0.234151959228445,2019
"Wolf ",2019-06-19,2019,0.0100055153539031,0.00177181001058701,0.0773342957562094,2019
"Wolf ",2019-06-20,2019,0.0129939258311171,0.0019881416572201,0.0822238585378883,2019
"Wolf ",2019-06-21,2019,0.0191179083046513,0.00328361020499736,0.122661083435568,2019
"Wolf ",2019-06-22,2019,0.013400872896975,0.00236485992299558,0.0984044490179829,2019
"Wolf ",2019-06-23,2019,0.0077801102370432,0.001467945327744,0.0570296759828544,2019
"Wolf ",2019-06-24,2019,0.00725238389171923,0.00132665558994864,0.0526240050679627,2019
"Wolf ",2019-07-01,2019,0.00407579913399214,0.0010040746041769,0.0241349784485484,2019
"Wolf ",2019-07-02,2019,0.0041723532379245,0.000826208561965248,0.0424746310719407,2019
"Wolf ",2019-07-03,2019,0.0315429563897566,0.00622688815942637,0.130843974763997,2019
"Wolf ",2019-07-04,2019,0.0691636468199718,0.0176124080422725,0.237348165522053,2019
"Wolf ",2019-07-05,2019,0.109735078619241,0.014691196840062,0.329021595897221,2019
"Wolf ",2019-07-06,2019,0.0284891489481917,0.0044527674941568,0.100701049483238,2019
"Wolf ",2019-07-07,2019,0.0324147283436447,0.00713763949860058,0.119863118476499,2019
"Wolf ",2019-07-08,2019,0.0523019592705917,0.00708297382623928,0.183677117866883,2019
"Wolf ",2019-07-09,2019,0.0330845517966943,0.00831786754210675,0.157291809813097,2019
"Wolf ",2019-07-10,2019,0.0158963799541398,0.00216277278287616,0.0438502181728142,2019
"Wolf ",2019-07-11,2019,0.0229956082166644,0.00254982103429133,0.0660592523513624,2019
"Wolf ",2019-07-12,2019,0.0313562908308303,0.00236485992299558,0.0704640669648129,2019
"Wolf ",2019-07-13,2019,0.0433501381311627,0.00212460620435482,0.089764612133991,2019
"Wolf ",2019-07-14,2019,0.0394686460270529,0.00224522237878445,0.0653871780488103,2019
"Wolf ",2019-07-15,2019,0.0185235127756923,0.00272646378872986,0.0461306712394645,2019
"Wolf ",2019-07-16,2019,0.0120203681792536,0.0020428905811104,0.0475584927282501,2019
"Wolf ",2019-07-17,2019,0.0246007085695306,0.00342324850429901,0.0683093678812393,2019
"Wolf ",2019-07-18,2019,0.0457460695635955,0.00366986331936,0.0850918974982272,2019
"Wolf ",2019-07-19,2019,0.0482905081316851,0.00544118401483776,0.12541929154201,2019
"Wolf ",2019-07-20,2019,0.0262244518280592,0.00375157894260442,0.0682146854075998,2019
"Wolf ",2019-07-21,2019,0.0340811888112106,0.00385188854000026,0.0673679256110462,2019
"Wolf ",2019-07-22,2019,0.0278767924965038,0.00796525484150491,0.0690162141387424,2019
"Wolf ",2019-07-23,2019,0.0253019949841048,0.00661945479790695,0.088927149324513,2019
"Wolf ",2019-07-24,2019,0.0183461360485899,0.00233329909844909,0.0496397945454365,2019
"Wolf ",2019-07-25,2019,0.0121575232043758,0.00216668730375014,0.0368738080027108,2019
"Wolf ",2019-07-26,2019,0.0184300535898259,0.0022753152580032,0.0461130558955315,2019
"Wolf ",2019-07-27,2019,0.0250803352396155,0.00211433058706061,0.0588002627056683,2019
"Wolf ",2019-07-28,2019,0.0322921059772671,0.00234406403085254,0.0610506228930999,2019
"Wolf ",2019-07-29,2019,0.0146358226801987,NA,0.0420065603936859,2019
"Wolf ",2019-07-30,2019,0.0111955296995942,0.00281845502926848,0.0416113568904499,2019
"Wolf ",2019-07-31,2019,0.0123931284294787,0.00347169070011456,0.0391978101140842,2019
"Wolf ",2019-08-01,2019,0.0144489858609842,0.0025454171983081,0.0442827727293894,2019
"Wolf ",2019-08-02,2019,0.0167526813953238,0.00210748017553114,0.0431497635939256,2019
"Wolf ",2019-08-03,2019,0.0196551518288501,0.00199420372774022,0.0374700384633295,2019
"Wolf ",2019-08-04,2019,0.0233149352569596,0.00198025824712666,0.042453957508575,2019
"Wolf ",2019-08-05,2019,0.0138379943945699,0.00245016385704115,0.0371748998999347,2019
"Wolf ",2019-08-06,2019,0.0105422940287482,0.00268658460732614,0.0270698904738179,2019
"Wolf ",2019-08-07,2019,0.0367182057979699,0.010163074819081,0.0872057387701786,2019
"Wolf ",2019-08-08,2019,0.0303742354065696,0.00686925016117805,0.0581316136088809,2019
"Wolf ",2019-08-09,2019,0.0267753227780506,0.00327253945065062,0.0573066283346888,2019
"Wolf ",2019-08-10,2019,0.0270923989688433,0.00239568677487821,0.0489706561335398,2019
"Wolf ",2019-08-11,2019,0.0218175820911498,0.00239715472020595,0.0624997295891378,2019
"Wolf ",2019-08-12,2019,0.015285045967149,0.00240873517779149,0.0390377225208419,2019
"Wolf ",2019-08-13,2019,0.016414809312388,0.00616072188298694,0.0371710669315789,2019
"Wolf ",2019-08-14,2019,0.0273181934260058,0.00861757304652115,0.0507317012117234,2019
"Wolf ",2019-08-15,2019,0.0200253431747517,0.00300121422257261,0.0394297454758677,2019
"Wolf ",2019-08-16,2019,0.0245759002934917,0.00182318809705805,0.0421527840588328,2019
"Wolf ",2019-08-17,2019,0.0198933381911543,0.00191897152969334,0.0341759691478719,2019
"Wolf ",2019-08-18,2019,0.0328177527333768,0.0027890961227136,0.0466806614222592,2019
"Wolf ",2019-08-19,2019,0.0620713433856495,0.0256909699137627,0.156350902731305,2019
"Wolf ",2019-08-20,2019,0.0818930733687848,0.0320355417549848,0.189300928552183,2019
"Wolf ",2019-08-21,2019,0.131622676265689,0.0340782964152315,0.273688946265757,2019
"Wolf ",2019-08-22,2019,0.0727623066356843,0.0202521407278882,0.195043693779354,2019
"Wolf ",2019-08-23,2019,0.0208855346710542,0.0053589790764841,0.0687977043602688,2019
"Wolf ",2019-08-24,2019,0.0276167001084025,0.00251018651044224,0.0677750357819405,2019
"Wolf ",2019-08-25,2019,0.0222049239316305,0.00145032998381107,0.0463361835853486,2019
"Wolf ",2019-08-26,2019,0.0129795345300706,0.00114518764484947,0.0339664879127683,2019
"Wolf ",2019-08-27,2019,0.0507654639542615,0.00318641999142298,0.1089900474339,2019
"Wolf ",2019-08-28,2019,0.0220018092297817,0.000446989352298048,0.055575676135724,2019
"Wolf ",2019-08-29,2019,0.0118088861890366,0.00143907573629837,0.0402941206163543,2019
"Wolf ",2019-08-30,2019,0.00934860981973767,0.00113839160166547,0.0461911016554566,2019
"Wolf ",2019-08-31,2019,0.0121876160835946,0.0009908630962272,0.0313443026106538,2019
"Wolf ",2019-09-01,2019,0.0231465619278674,0.000857280071402496,0.0538657644864568,2019
"Wolf ",2019-09-02,2019,0.00748701048660365,0.000454818394046016,0.0242103329753725,2019
"Wolf ",2019-09-03,2019,0.00336893452717248,0.00092480555647872,0.0222283621253635,2019
"Wolf ",2019-09-09,2019,0.00271554594535476,0.00055231442956368,0.0175820093411105,2019
"Wolf ",2019-09-10,2019,0.00145228724424806,0.000570541417383168,0.0142635354345792,2019
"Wolf ",2019-09-11,2019,0.00161180396986291,0.000475614286189056,0.015774540491937,2019
"Wolf ",2019-09-12,2019,0.0139873170554087,0.00158048780287104,0.0872429267184814,2019
"Wolf ",2019-09-13,2019,0.00353089782833357,0.000962972135000064,0.0303737460914604,2019
"Wolf ",2019-09-16,2019,0.0019318160513111,0.000931411310453568,0.0161444627145285,2019
"Wolf ",2019-09-23,2019,0.00325497303822862,0.00107722721300947,0.0176723491431554,2019
"Wolf ",2019-09-24,2019,0.00207229841917621,0.00122720229399398,0.0218107316796204,2019
"Wolf ",2019-09-25,2019,0.00179236124517542,0.000869023634024448,0.0141759480300238,2019
"Wolf ",2019-09-26,2019,0.00173339877451104,0.00109337461161466,0.0136005134615482,2019
"Wolf ",2019-09-27,2019,0.0057765850564718,0.00191004152894957,0.0399560038758639,2019
"Wolf ",2019-09-28,2019,0.0187738953170945,0.00535530921316474,0.0953346083513383,2019
"Wolf ",2019-09-29,2019,0.00221145963624634,0.00114793324629581,0.0164086928735224,2019
"Wolf ",2019-09-30,2019,0.00938046117513028,0.00241683436225602,0.0522272010965569,2019
"Wolf ",2019-10-01,2019,0.00344785493785532,0.00181236200026594,0.0254822464374741,2020
"Wolf ",2019-10-02,2019,0.00495409528933684,0.00221659744489344,0.0352161919057445,2020
"Wolf ",2019-10-03,2019,0.00463216264608485,0.00215017291881302,0.0411452842488912,2020
"Wolf ",2019-10-04,2019,0.00256675133707131,0.00150757985159309,0.0237347186891835,2020
"Wolf ",2019-10-05,2019,0.00197174416422574,0.00107160008925312,0.0182886415232533,2020
"Wolf ",2019-10-06,2019,0.00195388416273819,0.000928720077352704,0.0210748017553114,2020
"Wolf ",2019-10-07,2019,0.00176903722496794,0.00088729139810304,0.0164370731498588,2020
"Wolf ",2019-10-08,2019,0.00155015026609766,0.000775075133048832,0.015178554688873,2020
"Wolf ",2019-10-09,2019,0.00149485765875264,0.0006361096420224,0.0152666314085376,2020
"Wolf ",2019-10-10,2019,0.00142928943411341,0.000590358679307712,0.0137336071712636,2020
"Wolf ",2019-10-11,2019,0.00306213395367398,0.00072907951277952,0.0236586301896954,2020
"Wolf ",2019-10-12,2019,0.00212607414968256,0.000657150191720064,0.0209901502414115,2020
"Wolf ",2019-10-13,2019,0.0013211507949696,0,0.0149620327530307,2020
"Wolf ",2019-10-14,2019,0.00169376425066195,0.000462892093348608,0.0164221490390268,2020
"Wolf ",2019-10-15,2019,0.00121178886805267,0.00046607264155872,0.0141064652845106,2020
"Wolf ",2019-10-16,2019,0.00151932341421504,0.000405152910457344,0.0172865241795133,2020
"Wolf ",2019-10-17,2019,0.00120860831984256,0.00044527674941568,0.014058023088695,2020
"Wolf ",2019-10-18,2019,0.00113423242323686,0.000507419768290176,0.0128944317589033,2020
"Wolf ",2019-10-19,2019,0.00104811296400922,0.000232913992002048,0.0130431835521147,2020
"Wolf ",2019-10-20,2019,0.00116456996001024,0.000407599486003584,0.0176723491431554,2020
"Wolf ",2019-10-21,2019,0.00107722721300947,0.000456123234337344,0.0159351989528068,2020
"Wolf ",2019-10-22,2019,0.00136763573034816,0.00044527674941568,0.0183517631723462,2020
"Wolf ",2019-10-23,2019,0.00124286037748992,0.000435001132121472,0.0125839613220854,2020
"Wolf ",2019-10-24,2019,0.00116456996001024,0.00043671373500384,0.0124317843231093,2020
"Wolf ",2019-10-25,2019,0.00114499735564032,0.000400749074474112,0.0113068488869482,2020
"Wolf ",2019-10-26,2019,0.015933139751722,0.00255122781523042,0.0864047911007282,2020
"Wolf ",2019-10-27,2019,0.0189413878789901,0.00317837347629312,0.125073291391427,2020
"Wolf ",2019-10-28,2019,0.00775635127007194,0.00186325756767091,0.0809433752653317,2020
"Wolf ",2019-10-29,2019,0.00379268141178125,0.000577147171358016,0.0427088906804932,2020
"Wolf ",2019-10-30,2019,0.00656171561501568,0.00096884391631104,0.0557085251878848,2020
"Wolf ",2019-10-31,2019,0.0459385335065664,0.0028054066263552,0.258360416495899,2020
"Wolf ",2019-11-01,2019,0.0358643509323322,0.00312835459845888,0.287361715258437,2020
"Wolf ",2019-11-02,2019,0.0232082156316326,-0.0018716302928736,0.256974839211545,2020
"Wolf ",2019-11-03,2019,0.0102633844164768,-0.000205267688329536,0.138145154245778,2020
"Wolf ",2019-11-04,2019,0.00362045336699505,0.000432413198877005,0.0550588234594944,2020
"Wolf ",2019-11-05,2019,0.00229549950625968,0.00028624933891008,0.0325883862759168,2020
"Wolf ",2019-11-06,2019,0.00165978131632468,0.000468592614371347,0.024349298466399,2020
"Wolf ",2019-11-07,2019,0.00142659820101254,0.000324415917431424,0.0219604621030502,2020
"Wolf ",2019-11-08,2019,0.00133105942593187,0.000295790983540416,0.0204778373220288,2020
"Wolf ",2019-11-09,2019,0.00126439024229683,0.000293784791592499,0.0200443041352351,2020
"Wolf ",2019-11-10,2019,0.00119204500339452,0.000142170504992006,0.0193206070886573,2020
"Wolf ",2019-11-11,2019,0.00110862493251955,0.000214646227923456,0.018267764078592,2020
"Wolf ",2019-11-12,2019,0.00120970927883837,0.0003792192096672,0.0186575851156262,2020
"Wolf ",2019-11-13,2019,0.00108997387160538,0.000109361926916928,0.0230024586281939,2020
"Wolf ",2019-11-14,2019,0.000941124215372141,-6.9972060622464e-05,0.0207117299442493,2020
"Wolf ",2019-11-15,2019,0.000850160536562938,0.000160935739431667,0.0198370791864685,2020
"Wolf ",2019-11-16,2019,0.00141451211781412,0.000400064033321165,0.0205032817077097,2020
"Wolf ",2019-11-18,2019,0.000944157969049479,3.28085780750784e-05,0.0179353560143762,2020
"Wolf ",2019-11-19,2019,0.00102071131789133,0.000145815902555904,0.0191383372104624,2020
"Wolf ",2019-11-20,2019,0.000975743259351437,0.000378142716426854,0.017792965317585,2020
"Wolf ",2019-11-21,2019,0.000979608848714496,0.000213096730077504,0.0171113493704026,2020
"Wolf ",2019-11-22,2019,0.000847444837706611,0.000135050970152448,0.0163749301309843,2020
"Wolf ",2019-11-23,2019,0.000790048175391821,-0.000101288227614336,0.0156321497951459,2020
"Wolf ",2019-11-24,2019,0.000820434643676122,6.7525485076224e-05,0.0140790636383927,2020
"Wolf ",2019-11-25,2019,0.000823761986419008,5.7249867782016e-05,0.015648297193751,2020
"Wolf ",2019-11-26,2019,0.000865109113150464,0.00011131918735392,0.0149803820696275,2020
"Wolf ",2019-11-27,2019,0.00272166850065923,0.000178795740919219,0.0223991330984911,2020
"Wolf ",2019-11-28,2019,0.00126595605064643,0,0.0287208396524206,2020
"Wolf ",2019-11-29,2019,0.00119275451030292,0.000292806161374003,0.022261880210347,2020
"Wolf ",2019-11-30,2019,0.00103230808598051,8.930000743776e-05,0.0167884013982989,2020
"Wolf ",2019-12-01,2019,0.00371639718624949,0.000840105111067891,0.0293324835389806,2020
"Wolf ",2019-12-02,2019,0.00381953257840123,0.00111113675008036,0.0707853634984228,2020
"Wolf ",2019-12-03,2019,0.0033508298681303,0.000816764780356762,0.0588489495590385,2020
"Wolf ",2019-12-04,2019,0.00236808940271662,0.000456237407862835,0.0394681567119437,2020
"Wolf ",2019-12-05,2019,0.00145654428569852,0.000604793475030528,0.0319028558078604,2020
"Wolf ",2019-12-06,2019,0.00110340557135424,0.000425312692958362,0.0241545510529183,2020
"Wolf ",2019-12-07,2019,0.00104958090933696,0.000118952503058189,0.019907051247091,2020
"Wolf ",2019-12-08,2019,0.000986606054776743,0.000300121422257261,0.0197666178107368,2020
"Wolf ",2019-12-09,2019,0.00238496618665653,0.000576330626769458,0.0309017476765333,2020
"Wolf ",2019-12-10,2019,0.00251979883392169,0.000436164614714573,0.0442090764371021,2020
"Wolf ",2019-12-11,2019,0.00199200180974861,0.000192447632467238,0.0404140028181201,2020
"Wolf ",2019-12-12,2019,0.0017177406910151,0.000454182284403994,0.029230705996257,2020
"Wolf ",2019-12-13,2019,0.00114465483506385,0.000317149588059091,0.0214713916513569,2020
"Wolf ",2019-12-14,2019,0.000960868080030298,6.42960053551872e-05,0.0185744015470541,2020
"Wolf ",2019-12-15,2019,0.000941760325014163,0,0.0168343970185682,2020
"Wolf ",2019-12-16,2019,0.000943008078542745,0.000187309823820134,0.0156952714442388,2020
"Wolf ",2019-12-17,2019,0.00090645623988192,0.00022263837470784,0.0182563467260429,2020
"Wolf ",2019-12-19,2019,0.00142043283063602,0.000352624933479571,0.0325805572341688,2020
"Wolf ",2019-12-21,2019,0.000619179339242419,0.000158978478994675,0.0183243615262284,2020
"Wolf ",2019-12-23,2019,0.000870197990286643,0.000114499735564032,0.0173467099379508,2020
"Wolf ",2019-12-25,2019,0.000861610510119341,0.000163162123178746,0.0164020871195476,2020
"Wolf ",2019-12-27,2019,0.000884143470900211,8.92510759268352e-05,0.0137223529237509,2020
"Wolf ",2019-12-29,2019,0.0164419663009513,0.00148908374046351,0.0947739755649174,2020
"Wolf ",2019-12-30,2019,0.0695387720932249,0.00550626292436774,0.409713327275535,2020
"Wolf ",2019-12-31,2019,0.0325766427132948,0.00389348032428634,0.323623226954442,2020
"Wolf ",2020-01-01,2020,0.028023076306633,0.00219311031964954,0.367549044311635,2020
"Wolf ",2020-01-02,2020,0.0099194937576973,0.000845976892378867,0.132204624161952,2020
"Wolf ",2020-01-03,2020,0.00683123037718948,0.00126052465293377,0.105314801648338,2020
"Wolf ",2020-01-04,2020,0.005277703836838,0.00069472959211031,0.0833675510532372,2020
"Wolf ",2020-01-05,2020,0.00337901441842299,0.000576706787759693,0.058482941857321,2020
"Wolf ",2020-01-06,2020,0.00323230551579271,0.000404896020024989,0.0505090628370156,2020
"Wolf ",2020-01-07,2020,0.00201761745571774,0.000666887562394099,0.0438563346116798,2020
"Wolf ",2020-01-08,2020,0.00155220538955651,0.000529047496118938,0.0335396148482949,2020
"Wolf ",2020-01-09,2020,0.00137436381310032,0.0002568904323552,0.0289858037840784,2020
"Wolf ",2020-01-10,2020,0.00348460861899871,0.00108030989819773,0.0561273789214011,2020
"Wolf ",2020-01-11,2020,0.139388136952045,0.00476201464320154,0.738310686973038,2020
"Wolf ",2020-01-12,2020,0.176718870122189,0.0141634976789107,1.19519129954698,2020
"Wolf ",2020-01-13,2020,0.0821708697891826,0.00756094294139159,0.471059679987787,2020
"Wolf ",2020-01-14,2020,0.0347294212350646,0.00391390923009744,0.129550395516225,2020
"Wolf ",2020-01-15,2020,0.0159787806185371,0.00151763527708813,0.130656186498737,2020
"Wolf ",2020-01-16,2020,0.0108778663306704,0.00161855651837053,0.103529290814692,2020
"Wolf ",2020-01-17,2020,0.00728651362058928,0.00076700143374624,0.0868106168194608,2020
"Wolf ",2020-01-18,2020,0.00938809754905398,0.00111174839396692,0.0953221308160525,2020
"Wolf ",2020-01-19,2020,0.0106813940814296,-0.000136940949761918,0.138390912759398,2020
"Wolf ",2020-01-20,2020,0.00735746702984751,0.000767153665113562,0.109203551926568,2020
"Wolf ",2020-01-21,2020,0.00396095687785163,0,0.175897038212034,2020
"Wolf ",2020-01-22,2020,0.00300488408589197,0.000148066752058445,0.132998782584262,2020
"Wolf ",2020-01-23,2020,0.00316489012661606,0.00016147398605184,0.130632454715939,2020
"Wolf ",2020-01-24,2020,0.0137400416649502,0.0011067206812194,0.252457604451745,2020
"Wolf ",2020-01-25,2020,0.0153195372455164,0.00125139077089448,0.202851015373306,2020
"Wolf ",2020-01-26,2020,0.0107740275480491,0.00103824103168014,0.124771071351034,2020
"Wolf ",2020-01-27,2020,0.00859209060299843,0.00126009514300454,0.178933510306645,2020
"Wolf ",2020-01-28,2020,0.00804314157401946,0.00108065241877421,0.113777261805227,2020
"Wolf ",2020-01-29,2020,0.00709308735790355,0.00133617276882351,0.0960907225239038,2020
"Wolf ",2020-01-30,2020,0.00584988445983715,0.00113912557432934,0.0841291700207818,2020
"Wolf ",2020-01-31,2020,0.00436970625436195,0.00089177678660448,0.0634152381585408,2020
"Wolf ",2020-02-01,2020,0.00362836939809577,0.000999377179128115,0.0583420191058575,2020
"Wolf ",2020-02-02,2020,0.00341126028412243,0.000776910064708512,0.0562590046857888,2020
"Wolf ",2020-02-03,2020,0.00358123204257154,0.000748489012113024,0.05967760469655,2020
"Wolf ",2020-02-04,2020,0.00275117420174688,0.00032600619153648,0.05367175104564,2020
"Wolf ",2020-02-05,2020,0.00270454247183555,0.000266138487919987,0.048264574430895,2020
"Wolf ",2020-02-06,2020,0.00282740949576772,8.31591028166976e-05,0.048912672293094,2020
"Wolf ",2020-02-07,2020,0.00290374265281041,9.60525559453824e-05,0.0536416581664212,2020
"Wolf ",2020-02-08,2020,0.00260496684710358,6.12133201669248e-05,0.052167351742257,2020
"Wolf ",2020-02-09,2020,0.0021281292731414,0.000230761005521357,0.0453829977525335,2020
"Wolf ",2020-02-10,2020,0.00368622275451253,0.00015739636014144,0.0615104975432748,2020
"Wolf ",2020-02-11,2020,0.00585432363524494,-8.4053462099712e-05,0.0987207912361117,2020
"Wolf ",2020-02-12,2020,0.00663917963364419,0.000257031790053427,0.0957807142180224,2020
"Wolf ",2020-02-13,2020,0.00335645699188666,0.000274505776288128,0.0718706032463462,2020
"Wolf ",2020-02-14,2020,0.00319630415662979,0.00026168572042583,0.0616830626718029,2020
"Wolf ",2020-02-15,2020,0.00288010873303373,0,0.0524019783371415,2020
"Wolf ",2020-02-16,2020,0.00200337838603862,7.5599184378816e-05,0.0469470934992447,2020
"Wolf ",2020-02-17,2020,0.00309177829404259,0.000243760476923712,0.0502693799860022,2020
"Wolf ",2020-02-18,2020,0.003320443399846,0.000709139922077664,0.0573986195752274,2020
"Wolf ",2020-02-19,2020,0.00357356610585999,0.000700699236443136,0.059647022502222,2020
"Wolf ",2020-02-20,2020,0.0029491021634377,0.000302103148449715,0.0446681083779222,2020
"Wolf ",2020-02-21,2020,0.00259429977772197,5.04973192743936e-05,0.0400822471740499,2020
"Wolf ",2020-02-22,2020,0.0021099756825883,0.000340318658481984,0.0371732688495706,2020
"Wolf ",2020-02-23,2020,0.00206848176132407,0.000310837423149792,0.0358875934000214,2020
"Wolf ",2020-02-24,2020,0.00209270285923185,0.000228889375228483,0.0380788687880113,2020
"Wolf ",2020-02-25,2020,0.00342001902457797,8.6364116782272e-06,0.0573457735434286,2020
"Wolf ",2020-02-26,2020,0.00587594048940461,0.000437570036445024,0.0892642874347849,2020
"Wolf ",2020-02-27,2020,0.00518678908953972,0.000351426111461914,0.0899390529704379,2020
"Wolf ",2020-02-28,2020,0.00384895264934477,0.000566651362264647,0.0791173600143091,2020
"Wolf ",2020-02-29,2020,0.00298673049533887,0.000192692290021862,0.0594718476931112,2020
"Wolf ",2020-03-01,2020,0.00236950841653344,0.00018226987819488,0.0478276160383365,2020
"Wolf ",2020-03-02,2020,0.0139291803039912,2.41048855693296e-05,0.116977566112875,2020
"Wolf ",2020-03-03,2020,NA,0.000108187570654733,NA,2020
"Wolf ",2020-03-04,2020,0.0109374404452214,0.000389959676315194,0.132679137489146,2020
"Wolf ",2020-03-05,2020,0.0063297313217212,-0.000406620855785088,0.102061834802057,2020
"Wolf ",2020-03-06,2020,0.00403391376064051,-0.000336159480053376,0.0738430324517249,2020
"Wolf ",2020-03-07,2020,0.00304451860974106,-0.000358178659969536,0.0610694615248059,2020
"Wolf ",2020-03-08,2020,0.00241968768098682,0,0.0473346310657691,2020
"Wolf ",2020-03-09,2020,0.00257843781293051,0.000190705126994861,0.0444107829988032,2020
"Wolf ",2020-03-10,2020,0.00562149663259565,0.000850821111960422,0.0606716483409873,2020
"Wolf ",2020-03-11,2020,0.00300689027783989,0.000359720002563667,0.0492539695817944,2020
"Wolf ",2020-03-12,2020,0.00252662749811297,0.000615460544412134,0.0434061647111716,2020
"Wolf ",2020-03-13,2020,0.00254321528031648,0.000570296759828544,0.0417703843009555,2020
"Wolf ",2020-03-14,2020,0.00223029826795238,0.000447356338629984,0.0352698330745958,2020
"Wolf ",2020-03-15,2020,0.00168520123625011,0.000373151702312525,0.0324401237978147,2020
"Wolf ",2020-03-16,2020,0.00190069561036293,0.000125949709120435,0.0316878018173459,2020
"Wolf ",2020-04-11,2020,0.0047287901472836,0.000539592236723232,0.06131729962764,2020
"Wolf ",2020-04-13,2020,0.00469404877452699,0.000869268291579072,0.0667802581648393,2020
"Wolf ",2020-04-20,2020,0.0026296772601206,0.000155602204740864,0.0427128052013672,2020
"Wolf ",2020-04-27,2020,0.00174979083067085,5.871781310976e-06,0.0359940194362829,2020
"Wolf ",2020-05-02,2020,0.00330395348066435,0.000191811522825216,0.0354371788419587,2020
"Wolf ",2020-05-04,2020,0.00249866313961945,-4.3304387168448e-05,0.0252031533320367,2020
"Wolf ",2020-05-11,2020,0.00170149542938807,-8.4651513899904e-05,0.0221363708848249,2020
"Wolf ",2020-05-14,2020,0.00289221928198762,-0.000104224118269824,0.0346024072655816,2020
"Wolf ",2020-05-15,2020,0.00494873728889057,0.000403978554195149,0.0526434553435553,2020
"Wolf ",2020-05-16,2020,0.00327175654647583,0.000208252510495949,0.0387459276106936,2020
"Wolf ",2020-05-17,2020,0.00251194804483553,0.000391647813442099,0.030836638184809,2020
"Wolf ",2020-05-18,2020,0.004746748011793,0.000165584232969523,0.0535389019934792,2020
"Wolf ",2020-05-19,2020,0.105574627971348,0.0144739409315558,0.633589669209773,2020
"Wolf ",2020-05-20,2020,0.0794794531951526,0.0109714233795587,0.565227455296735,2020
"Wolf ",2020-05-21,2020,0.0425082714857015,0.00664025069004998,0.372814074887144,2020
"Wolf ",2020-05-22,2020,0.0290659046674623,0.00535242225402017,0.193830436965973,2020
"Wolf ",2020-05-24,2020,0.0122206448534688,0.00237807143094528,0.100297364518109,2020
"Wolf ",2020-05-26,2020,0.00822846967164714,0.0020612398977072,0.0704944045015863,2020
"Wolf ",2020-05-28,2020,0.00958565852441286,0.00225219511909123,0.0742829267349389,2020
"Wolf ",2020-05-29,2020,0.0169823414418493,0.00244858173818792,0.10260008142223,2020
"Wolf ",2020-05-30,2020,0.0109743592702141,0.00219487185404283,0.089536835950636,2020
"Wolf ",2020-05-31,2020,0.00707872595944712,0.00228368254637134,0.0640948968452863,2020
"Wolf ",2020-06-01,2020,0.00439502831126554,0.00140041984266778,0.0423942610652467,2020
"Wolf ",2020-06-02,2020,0.00412047360346648,0.00071205134697769,0.0390581106503939,2020
"Wolf ",2020-06-03,2020,0.00373641017421773,0.00129198761445842,0.0356984731102971,2020
"Wolf ",2020-06-04,2020,0.0031985060746214,0.000951228572378112,0.0296466238391178,2020
"Wolf ",2020-06-05,2020,0.00255109325357537,0.000891581060560781,0.0235260257950892,2020
"Wolf ",2020-06-06,2020,0.00284977119626035,0.00097618364294976,0.0272988899449459,2020
"Wolf ",2020-06-07,2020,0.00227054443568803,0.000793424449645632,0.026616295367545,2020
"Wolf ",2020-06-08,2020,0.00193250109246405,0.000695316770241408,0.0175747307788604,2020
"Wolf ",2020-06-09,2020,0.00175526382016779,0.000636865633866188,0.0153114037410338,2020
"Wolf ",2020-06-10,2020,0.00202906742927414,0.000739007716346162,0.0156985743212263,2020
"Wolf ",2020-06-11,2020,0.00187409399444866,0.000890861767350186,0.0151077018610539,2020
"Wolf ",2020-06-12,2020,0.00140175322634048,0.000617459396633413,0.0118160057238762,2020
"Wolf ",2020-06-13,2020,0.00592609528810253,0.00162012232672013,0.0590456542329562,2020
"Wolf ",2020-06-14,2020,0.00180186374459702,0.000778884451174328,0.0159993073873701,2020
"Wolf ",2020-06-15,2020,0.00146581680701877,0.000572454639460328,0.0116340539005023,2020
"Wolf ",2020-06-16,2020,0.00129167689936405,0.000538342036619103,0.0113688206455344,2020
"Wolf ",2020-06-17,2020,0.00125882183635359,0.000417013908705516,0.00910272897734054,2020
"Wolf ",2020-06-18,2020,0.00121078577207871,0.000457375065491837,0.00870344784819417,2020
"Wolf ",2020-06-19,2020,0.00129842700129612,0.000554369553022522,0.00911036229304481,2020
"Wolf ",2020-06-20,2020,0.00111825139176882,0.000475467491656282,0.00775192568675052,2020
"Wolf ",2020-06-21,2020,0.00184282186581662,0.00066608019246384,0.0195679558763821,2020
"Wolf ",2020-06-22,2020,0.00169908157678976,0.000678901318702939,0.0106284012550981,2020
"Wolf ",2020-06-23,2020,0.00376527976566336,0.00118449425961493,0.0229211405734757,2020
"Wolf ",2020-06-24,2020,0.0017663810594499,0.000756774747962957,0.0109904332715529,2020
"Wolf ",2020-06-25,2020,0.00121159803516007,0.000528988778305828,0.00874968812601811,2020
"Wolf ",2020-06-26,2020,0.00117602971986883,0.000513986377056284,0.0075352569563755,2020
"Wolf ",2020-06-27,2020,0.0068532740228611,0.0020046628382004,0.0434076326564993,2020
"Wolf ",2020-06-28,2020,0.0063399253864972,0.00194384504774678,0.0405925212804774,2020
"Wolf ",2020-06-29,2020,0.00202128052299392,0.000972680418609272,0.0134059889582839,2020
"Wolf ",2020-06-30,2020,0.0016213749733998,0.000757782737088008,0.0103475466152675,2020
"Wolf ",2020-07-01,2020,0.00143564074423145,0.000607837015010051,0.00799169009028204,2020
"Wolf ",2020-07-02,2020,0.00122886841194097,0.000585842300849353,0.00713047103225009,2020
"Wolf ",2020-07-03,2020,0.00124276251446807,0.000502096019901558,0.00627869575582664,2020
"Wolf ",2020-07-04,2020,0.00121980140296661,0.000539699886047267,0.0136518181507528,2020
"Wolf ",2020-07-05,2020,0.00125130106312445,0.000542073064327119,0.00626122720642648,2020
"Wolf ",2020-07-06,2020,0.00133834043475748,0.000427207973481516,0.00944710895122929,2020
"Wolf ",2020-07-07,2020,0.00122052314275275,0.000368857962228874,0.00580719171655526,2020
"Wolf ",2020-07-08,2020,0.00137343900754384,0.000309462447692805,0.00584628799378418,2020
"Wolf ",2020-07-09,2020,0.00113129408600583,0.000355264788493964,0.00500503299220956,2020
"Wolf ",2020-07-10,2020,0.0329635808688104,0.00546626141418672,0.131392728066933,2020
"Wolf ",2020-07-11,2020,0.0140596133628001,0.00438152321425029,0.0652887033830741,2020
"Wolf ",2020-07-12,2020,0.00237161247150321,0.000794647737418752,0.0116456996001024,2020
"Wolf ",2020-07-13,2020,0.00176483727028022,0.000777648930523477,0.00941246544149453,2020
"Wolf ",2020-07-29,2020,0.00080490378210859,0.000414117163258767,0.00452029297923302,2020
"Wolf ",2020-07-30,2020,0.000695023181175859,0.000310137702543567,0.00374394562690015,2020
"Wolf ",2020-07-31,2020,0.000681324804692462,0.0003416422558525,0.00374304039394804,2020
"Wolf ",2020-08-01,2020,0.000588704794238454,0.000224067174826844,0.00292238555847276,2020
"Wolf ",2020-08-02,2020,0.00333282307210998,0.000936549119100672,0.0229293060193613,2020
"Wolf ",2020-08-03,2020,0.00149636692402294,0.000681881264708367,0.0104551198236184,2020
"Wolf ",2020-08-04,2020,0.000900540420211112,0.000461815600108262,0.00477559313748317,2020
"Wolf ",2020-08-05,2020,0.000725125846696796,0.000380648009786204,0.00336727085580104,2020
"Wolf ",2020-08-10,2020,0.00044273231084759,0.00022263837470784,0.00229508358841682,2020
"Wolf ",2020-08-11,2020,0.000384528278602541,0.000203868247117087,0.00206598625426691,2020
"Wolf ",2020-08-12,2020,0.000405544362544742,0.000213634976697677,0.00207298346032915,2020
"Wolf ",2020-08-13,2020,0.000338288000778605,0.000157437136400544,0.00210723551797651,2020
"Wolf ",2020-08-14,2020,0.00029491021634377,0.000153928747067236,0.00164358498620857,2020
"Wolf ",2020-08-15,2020,0.00102298173999824,0.000373758453047992,0.00717179369322609,2020
"Wolf ",2020-08-16,2020,0.00119289641168461,0.000519701577532301,0.00763840458140498,2020
"Wolf ",2020-08-17,2020,0.000408023015414811,0.000211510805440086,0.00264771124031366,2020
"Wolf ",2020-08-18,2020,0.000325308917505802,0.000173474439106147,0.0017808623401081,2020
"Wolf ",2020-08-19,2020,0.000241122252959683,0.000110572981812317,0.00135613682528083,2020
"Wolf ",2020-08-20,2020,0.000244603729961983,9.70605450704333e-05,0.00138618077298866,2020
"Wolf ",2020-08-21,2020,0.000198177512396532,8.30269877372006e-05,0.00107984504884395,2020
"Wolf ",2020-08-22,2020,0.000196460016363072,9.0033980101632e-05,0.0011743562621952,2020
"Wolf ",2020-08-23,2020,0.000184080344099098,8.69806538199245e-05,0.00110232907811389,2020
"Wolf ",2020-08-24,2020,0.000200550690676385,8.69806538199245e-05,0.00110878803755597,2020
"Wolf ",2020-08-31,2020,0.000326324246357491,0.000140834674743759,0.00292355991473495,2020
"Wolf ",2020-09-07,2020,0.00116328550784846,0.000292855092884928,0.0105695121817001,2020
"Wolf ",2020-09-08,2020,0.000712222607265926,0.000305087970616128,0.00661725287991533,2020
"Wolf ",2020-09-09,2020,0.0017230155078928,0.000850290205066888,0.0124066090607385,2020
"Wolf ",2020-09-10,2020,0.000307708253026151,0.000180730982176295,0.00196391512247777,2020
"Wolf ",2020-09-14,2020,0.000388477051534172,0.000201519534592696,0.00241917390012211,2020
"Wolf ",2020-09-21,2020,8.11773766242432e-05,3.87537566524416e-05,0.00182465604238579,2020
"Wolf ",2020-09-22,2020,8.30172014350157e-05,3.94290115032038e-05,0.00123943517172518,2020
"Wolf ",2020-09-23,2020,7.5599184378816e-05,3.68454277263744e-05,0.0010143502214711,2020
"Wolf ",2020-09-28,2020,7.87993051932979e-05,3.51719700527462e-05,0.000608903721948211,2020
