"stream","date","year","TP_mt","SRP_mt","TKN_mt"
"Cuyahoga",2019-03-14,2019,0.449220629196219,0.0503798836481741,3.08156954981331
"Cuyahoga",2019-03-15,2019,0.965711484086671,0.0634967906767488,4.98823317345871
"Cuyahoga",2019-03-16,2019,0.415017503059784,0.0334691534725632,2.76120516148646
"Cuyahoga",2019-03-17,2019,0.299269035336951,0.0487749300898406,2.48403751100403
"Cuyahoga",2019-03-18,2019,0.272938010678097,0.0439513704795648,2.28876761772334
"Cuyahoga",2019-03-19,2019,0.260486898408173,0.0543873743929152,2.00088287898146
"Cuyahoga",2019-03-20,2019,0.191126481672269,0.033395756206176,1.71602808813274
"Cuyahoga",2019-03-21,2019,0.173638848982855,0.0395758060359782,1.58550572931638
"Cuyahoga",2019-03-22,2019,0.138751415666136,0.0266402718078981,1.3164734318403
"Cuyahoga",2019-03-23,2019,0.133196661614442,0.0281096850809699,1.4768396084848
"Cuyahoga",2019-03-24,2019,0.103308805426465,0.0118102725818461,1.16113627278361
"Cuyahoga",2019-03-25,2019,0.105811456484225,0.0207843932379727,1.27162696810506
"Cuyahoga",2019-03-26,2019,0.0975291132190492,0.0207508751529892,1.19317532129688
"Cuyahoga",2019-03-27,2019,0.0806078138370785,0.0170516529270743,1.0587526317447
"Cuyahoga",2019-03-28,2019,0.0790056983063787,0.0145766971044979,0.922704926714718
"Cuyahoga",2019-03-29,2019,0.128777308225808,0.0156944763071863,1.53640662796666
"Cuyahoga",2019-03-30,2019,2.20244975481098,0.0233109718045747,6.66985180758394
"Cuyahoga",2019-03-31,2019,2.31071916341773,0.131134002702918,10.2284522108276
"Cuyahoga",2019-04-03,2019,0.664215901897605,0.0652354903649434,3.86075492977983
"Cuyahoga",2019-04-04,2019,0.502230581556601,0.0438842255729069,3.06214373997617
"Cuyahoga",2019-04-05,2019,0.415780834630211,0.0428640035701248,2.66185462170475
"Cuyahoga",2019-04-06,2019,0.291622018809623,0.0302983915646362,2.22314448105518
"Cuyahoga",2019-04-07,2019,0.233491655672688,0.0282362002208832,1.91028754571283
"Cuyahoga",2019-04-08,2019,0.183566563234387,0.0210650154531264,1.58589473482823
"Cuyahoga",2019-04-09,2019,0.149705957674426,0.0103245488051328,1.44801796991988
"Cuyahoga",2019-04-10,2019,0.130349630582793,0.0186213757975419,1.39893085679033
"Cuyahoga",2019-04-11,2019,0.105276145754707,0.00421104583018829,1.18962044702819
"Cuyahoga",2019-04-12,2019,0.154236036955844,0.014926068092501,1.29608024603217
"Cuyahoga",2019-04-13,2019,0.115566442502193,0.00412737294650688,1.52093693078779
"Cuyahoga",2019-04-14,2019,0.171769447792145,0.0174525107382394,1.89956801087784
"Cuyahoga",2019-04-15,2019,2.89901369412125,0.0596616475871539,12.8028471935888
"Cuyahoga",2019-04-16,2019,1.22986416818829,0.0712964735181619,6.24066944763661
"Cuyahoga",2019-04-17,2019,0.565188310087995,0.0410217321838061,3.29997045567507
"Cuyahoga",2019-04-18,2019,0.466102000465275,0.0172630370542694,3.50008076275313
"Cuyahoga",2019-04-19,2019,2.15743924818536,0.0641492108224128,9.33877458604178
"Cuyahoga",2019-04-20,2019,3.68622166714561,0.0449539227700685,14.9921332438178
"Cuyahoga",2019-04-22,2019,0.280209967174187,0.0249868760537491,2.83779520896151
"Cuyahoga",2019-04-23,2019,0.220925771825472,0.0252486596371968,2.43018349008019
"Cuyahoga",2019-04-24,2019,0.188836486960988,0.0225476402341478,1.8601803193172
"Cuyahoga",2019-04-25,2019,0.165339575414899,0.0160006040724096,1.77340028469206
"Cuyahoga",2019-04-26,2019,1.46139937894917,0.0431554179018547,7.35211392255234
"Cuyahoga",2019-04-27,2019,0.570896170837373,0.0404174280238848,4.31961262005269
"Cuyahoga",2019-04-28,2019,1.08283258942764,0.0762904778914925,7.82346545861466
"Cuyahoga",2019-04-29,2019,0.494912874097797,0.010530061151017,4.39103549997407
"Cuyahoga",2019-04-30,2019,0.880408365566285,0.0312835459845888,8.08009302001951
"Cuyahoga",2019-05-01,2019,0.542650456156032,0.0379855319309222,4.00476036643152
"Cuyahoga",2019-05-02,2019,2.13586045186752,0.06674563912086,11.5959423699307
"Cuyahoga",2019-05-04,2019,0.702558633858279,0.0351279316929139,4.94132905813656
"Cuyahoga",2019-05-05,2019,0.474489948804695,0.041768481408864,3.82432215779559
"Cuyahoga",2019-05-06,2019,0.345260741085389,0.0129472777907021,3.26702976252049
"Cuyahoga",2019-05-07,2019,0.278525010595491,0.0223714867948186,2.64356402292106
"Cuyahoga",2019-05-08,2019,0.236678293137493,0.0414107376956582,2.23936527692675
"Cuyahoga",2019-05-09,2019,0.221976820680137,0.0396932416621978,2.29610136384406
"Cuyahoga",2019-05-10,2019,0.498191285329759,0.0233892622220544,3.91536249597191
"Cuyahoga",2019-05-11,2019,0.498191285329759,0.0233892622220544,3.91536249597191
"Cuyahoga",2019-05-12,2019,0.322667135813166,0.0340058709830196,3.06830115898217
"Cuyahoga",2019-05-13,2019,0.374193943495223,0.0602151173440589,3.04946558549555
"Cuyahoga",2019-05-14,2019,0.255398021271994,0.017493015155616,2.45601932784849
"Cuyahoga",2019-05-15,2019,0.200374537237056,0.0200374537237056,1.82054579546811
"Cuyahoga",2019-05-16,2019,0.178110699766272,0.0152666314085376,1.95158438172472
"Cuyahoga",2019-05-17,2019,0.151298678355028,0.0209490477722346,1.64100874215838
"Cuyahoga",2019-05-18,2019,0.112547368278132,0.00656526314955773,1.2774126299568
"Cuyahoga",2019-05-19,2019,0.541128686166271,0.0169988068952755,3.69440736523988
"Cuyahoga",2019-05-20,2019,0.084882837617801,0.0111462312023375,1.11376571783357
"Cuyahoga",2019-05-21,2019,0.0598921693719552,0.0164703465772877,0.956777405716984
"Cuyahoga",2019-05-22,2019,0.051022843701726,0.0113384097114947,0.875892150212962
"Cuyahoga",2019-05-23,2019,0.0538574461295996,0.0141730121393683,0.924080391486815
"Cuyahoga",2019-05-24,2019,0.0547308735996073,0.00982349013326285,0.919198005326738
"Cuyahoga",2019-05-25,2019,0.0503798836481741,0.00129179188841472,0.92233940832811
"Cuyahoga",2019-05-26,2019,0.0733679074806451,0.0104811296400922,1.11399435031837
"Cuyahoga",2019-05-27,2019,0.0811366411413983,0.00321333232243162,1.43555621504632
"Cuyahoga",2019-05-28,2019,0.135008766724275,0.0146748659482908,1.69445785482931
"Cuyahoga",2019-05-29,2019,1.20902913083651,0.0152079135954278,6.38352173168084
"Cuyahoga",2019-05-30,2019,1.58465175212196,0.0265213682363509,6.29219461407424
"Cuyahoga",2019-05-31,2019,0.928427711574928,0.0294738956055533,4.76845525332701
"Cuyahoga",2019-06-01,2019,0.487321150177814,0.0795626367637248,3.01674997729123
"Cuyahoga",2019-06-02,2019,3.46309506469544,0.152992524158208,12.9551883849683
"Cuyahoga",2019-06-03,2019,0.805690600804261,0.161708857304279,4.36613914721553
"Cuyahoga",2019-06-04,2019,0.5215110648063,0.132555463095283,3.15482002166774
"Cuyahoga",2019-06-05,2019,13.41297732949,0.243116212029869,44.2087638191156
"Cuyahoga",2019-06-06,2019,5.92156754665996,0.281814241128202,19.8397225754254
"Cuyahoga",2019-06-07,2019,1.36055044756625,0.179382919050317,7.06492727336632
"Cuyahoga",2019-06-08,2019,0.72652235201859,0.0979266328138022,4.1828661730467
"Cuyahoga",2019-06-09,2019,0.486005137191492,0.109127055664489,3.06919844056375
"Cuyahoga",2019-06-10,2019,0.822260441453762,0.0888172165299686,3.8612116238818
"Cuyahoga",2019-06-11,2019,1.85454340925866,0.104811296400922,6.82506500681296
"Cuyahoga",2019-06-12,2019,0.558679440504778,0.116642935742538,3.31024607296927
"Cuyahoga",2019-06-13,2019,0.441337273471124,0.0756774747962957,2.72094920744863
"Cuyahoga",2019-06-14,2019,4.87081157427232,0.141346824558106,21.1207492595949
"Cuyahoga",2019-06-15,2019,1.13972302807774,0.135315200311442,5.11122415721856
"Cuyahoga",2019-06-16,2019,10.1391970572748,0.171351627057193,35.2127593602532
"Cuyahoga",2019-06-17,2019,2.30073517792863,0.312721286320397,10.7888843780537
"Cuyahoga",2019-06-23,2019,1.40523470334278,0.123777150035374,6.23254355472237
"Cuyahoga",2019-06-30,2019,0.607509173886854,0.141098904902753,2.35164841504589
"Cuyahoga",2019-07-01,2019,0.3853356485328,0.0986459260243968,2.0253241686884
"Cuyahoga",2019-07-02,2019,0.364109159093622,0.0964733669393357,1.86100236870073
"Cuyahoga",2019-07-03,2019,0.255593991973247,0.0644354601613229,1.35529251205982
"Cuyahoga",2019-07-04,2019,0.230595617014431,0.0520699780355167,1.30174945088792
"Cuyahoga",2019-07-05,2019,8.02475800536502,0.0971339423368205,28.1837869611144
"Cuyahoga",2019-07-06,2019,2.50546625068836,0.100042105136118,9.41425633479438
"Cuyahoga",2019-07-07,2019,0.700717585759733,0.121863927958214,3.27778123875844
"Cuyahoga",2019-07-08,2019,0.292028965875481,0.0753350085881676,1.97394651716412
"Cuyahoga",2019-07-09,2019,0.165063112378174,0.0575801554807584,1.28787614425296
"Cuyahoga",2019-07-10,2019,0.145348606626572,0.0407685116147702,1.32940798743816
"Cuyahoga",2019-07-11,2019,0.354396009517494,0.0485473985640403,2.09360656307424
"Cuyahoga",2019-07-12,2019,0.872950659617891,0.0998664953802432,3.82547422303614
"Cuyahoga",2019-07-13,2019,0.348783809871974,0.092480555647872,2.39128293889498
"Cuyahoga",2019-07-14,2019,0.154896639537501,0.0467985591794152,1.53578370264842
"Cuyahoga",2019-07-15,2019,0.14738024296017,0.0547952185364734,1.17904194368136
"Cuyahoga",2019-07-16,2019,0.107499104296021,0.033693749107708,1.16002764785109
"Cuyahoga",2019-07-17,2019,1.82113232117906,0.131693452977825,6.47179254633881
"Cuyahoga",2019-07-18,2019,2.42761458575664,0.233051000232637,9.06956809238681
"Cuyahoga",2019-07-19,2019,0.731154208842732,0.178634266933167,3.53529677116571
"Cuyahoga",2019-07-20,2019,0.375206825771366,0.0844215357985574,2.24498750753201
"Cuyahoga",2019-07-21,2019,0.542552593134182,0.0678190741417728,3.09193324382719
"Cuyahoga",2019-07-22,2019,1.0795013049797,0.172314762297229,4.96291855822241
"Cuyahoga",2019-07-23,2019,0.914588656997622,0.200932356461599,3.66066419530614
"Cuyahoga",2019-07-24,2019,0.461507331589436,0.18893924313393,2.21771308334253
"Cuyahoga",2019-07-25,2019,0.354068413051853,0.153253492216474,1.97379928768458
"Cuyahoga",2019-07-26,2019,0.266498134525285,0.0956659970090765,1.89965336918023
"Cuyahoga",2019-07-27,2019,0.180417820506376,0.0594994939967837,1.5489061824324
"Cuyahoga",2019-07-28,2019,0.13262886036167,0.0663144301808352,1.41810858386709
"Cuyahoga",2019-07-29,2019,0.114747329009311,0.0387659895301728,1.22190398999105
"Cuyahoga",2019-07-30,2019,0.202883011144616,0.0711136327723396,1.86568707155667
"Cuyahoga",2019-07-31,2019,0.259000359106277,0.0590368465609897,1.41117107424817
"Cuyahoga",2019-08-01,2019,0.126500188618339,0.0438533987210242,1.30379527735968
"Cuyahoga",2019-08-02,2019,0.0972587176896787,0.031956435812323,1.02816358700518
"Cuyahoga",2019-08-03,2019,0.0746951747144803,0.0244902212178624,0.919607806730733
"Cuyahoga",2019-08-04,2019,0.0679365097679923,0.018116402604798,0.823164043355507
"Cuyahoga",2019-08-05,2019,0.0936283801574769,0.0207643585026662,0.671632614113513
"Cuyahoga",2019-08-06,2019,0.0697611658103781,0.0254683621212492,0.84820719064682
"Cuyahoga",2019-08-07,2019,1.16331731333057,0.130500339636442,4.9440985816549
"Cuyahoga",2019-08-08,2019,0.988220794637261,0.0668502302254618,4.43536744887194
"Cuyahoga",2019-08-09,2019,0.247002597285071,0.0644354601613229,1.57007737926423
"Cuyahoga",2019-08-10,2019,0.148499795930129,0.0228461224507891,1.23205874645327
"Cuyahoga",2019-08-11,2019,0.101372166563108,0.0235431824061072,1.01167443237838
"Cuyahoga",2019-08-12,2019,0.0863482140412214,0.0237770444461334,0.879750644506937
"Cuyahoga",2019-08-13,2019,0.157587380604839,0.038435946488985,1.2116474559861
"Cuyahoga",2019-08-14,2019,0.104579654628204,0.0338302680231882,0.938422217338874
"Cuyahoga",2019-08-15,2019,0.116649688291046,0.0281977618006345,1.01660351754919
"Cuyahoga",2019-08-16,2019,0.0828442285438965,0.026279891229937,0.879750644506937
"Cuyahoga",2019-08-17,2019,0.765105778081502,0.0325874076456983,2.55345615623793
"Cuyahoga",2019-08-18,2019,0.208854453710468,0.0350936184708779,1.34399073981714
"Cuyahoga",2019-08-19,2019,0.666291026111537,0.37741975335294,3.65806837865158
"Cuyahoga",2019-08-20,2019,0.153615560931562,0.0453477670646677,1.245174103984
"Cuyahoga",2019-08-21,2019,0.18013069040027,0.0498631668928082,1.4418765759837
"Cuyahoga",2019-08-22,2019,0.216600397520008,0.0611098300213188,1.62733214019734
"Cuyahoga",2019-08-23,2019,0.148160896285464,0.0384234689536992,0.939069581228409
"Cuyahoga",2019-08-26,2019,0.0664463434178496,0.0206515441858118,0.740357859061355
"Cuyahoga",2019-08-27,2019,0.0691744769943898,0.0309736464153984,0.646316755201313
"Cuyahoga",2019-08-28,2019,0.0775124064559757,0.0321122826746185,0.803914386957691
"Cuyahoga",2019-08-29,2019,0.0600683228112845,0.0254835308896358,0.617975624073669
"Cuyahoga",2019-08-31,2019,0.0508771501279474,0.0192392584517448,0.552380487103429
"Cuyahoga",2019-09-01,2019,0.0449949708708998,0.0084896171454528,0.568804348745338
"Cuyahoga",2019-09-02,2019,0.0597453748391808,0.0179236124517542,0.737855379263883
"Cuyahoga",2019-09-03,2019,0.0626959449479462,0.0114942565737901,0.702194583416998
"Cuyahoga",2019-09-04,2019,0.0508104809443123,0.0043059729613824,0.529634674250035
"Cuyahoga",2019-09-05,2019,0.0480018122172288,0.00960036244344576,0.604022803733462
"Cuyahoga",2019-09-06,2019,0.0454289933728028,0.0111710639441318,0.537700544510879
"Cuyahoga",2019-09-07,2019,0.0439395181802519,0.0067026383664791,0.527274218163023
"Cuyahoga",2019-09-08,2019,0.0394710926025992,0.00372368798137728,0.521316317392819
"Cuyahoga",2019-09-09,2019,0.0370665981557545,0.010417409939199,0.50899949493621
"Cuyahoga",2019-09-10,2019,0.0464017518099878,0.0208007852941325,0.494418665837457
"Cuyahoga",2019-09-11,2019,0.0441166502497997,0.019694933147232,0.487646544725464
"Cuyahoga",2019-09-12,2019,0.0968315455993052,0.0322771818664351,0.930424851193324
"Cuyahoga",2019-09-13,2019,0.0500887411581715,0.0161302725763603,0.56116369331443
"Cuyahoga",2019-09-14,2019,2.59287587075406,0.0949222380430195,9.37232202993182
"Cuyahoga",2019-09-16,2019,0.137850005488318,0.0460537264385352,0.856350372694925
"Cuyahoga",2019-09-17,2019,0.0736629644915217,0.0369261647194003,0.571882140782508
"Cuyahoga",2019-09-18,2019,0.0828275428986712,0.0398635233202161,0.678787216535901
"Cuyahoga",2019-09-19,2019,0.096885712781899,0.0417835958089052,0.821308805118793
"Cuyahoga",2019-09-20,2019,0.105712981818488,0.0491688287527853,0.87801479915688
"Cuyahoga",2019-09-21,2019,0.0799373298086315,0.0250783779791785,0.846395256797274
"Cuyahoga",2019-09-22,2019,0.0662253748309521,0.0193695385995821,0.782160415830743
"Cuyahoga",2019-09-23,2019,0.0811393731507583,0.0262533866615194,0.539561790449768
"Cuyahoga",2019-09-24,2019,0.057729396589079,0.0246198897218131,0.604460740756239
"Cuyahoga",2019-09-25,2019,0.0524056482004608,0.0235825416902074,0.572968420325038
"Cuyahoga",2019-09-26,2019,0.0940130905700367,0.0352549089637638,0.919239107795915
"Cuyahoga",2019-09-27,2019,0.118071246546433,0.0495607701552929,1.14572839241354
"Cuyahoga",2019-09-28,2019,0.0625442572640794,0.0219311031964954,0.618132204908629
"Cuyahoga",2019-09-29,2019,0.0323779807789402,0.0104605784055037,0.372595840348419
"Huron River",2018-10-01,2018,0.00883195830638634,0.00290460167266886,0.107027187057324
"Huron River",2018-10-02,2018,0.00662380970237925,0.0024822955492151,0.0870109913566979
"Huron River",2018-10-03,2018,0.00589470572384427,0.00172287849966221,0.0852824857332793
"Huron River",2018-10-04,2018,0.00500745510200033,0.00180557275312512,0.0659635912475044
"Huron River",2018-10-05,2018,0.00534092334895284,0.00135369024973459,0.0642387554874052
"Huron River",2018-10-06,2018,0.00954428693192594,0.00294469832745446,0.0784675495492278
"Huron River",2018-10-07,2018,2.37900341312336,0.271374975114123,1.99665274986201
"Huron River",2018-10-08,2018,0.603179102156342,0.15908245845539,1.76992064262142
"Huron River",2018-10-09,2018,0.137648580962409,0.056498497247593,0.967061721946468
"Huron River",2018-10-10,2018,0.0462989956370458,0.0208252510495949,0.381548349587221
"Huron River",2018-10-11,2018,0.0290428089943058,0.0150121875517286,0.268198504529921
"Huron River",2018-10-12,2018,0.0188193526907436,0.010455195939302,0.17319259360322
"Huron River",2018-10-13,2018,0.0148022713698612,0.0076638978985968,0.171014407394403
"Huron River",2018-10-14,2018,0.0117011879334911,0.00536387222757658,0.128732933461838
"Huron River",2018-10-15,2018,0.0091740711202689,0.00400455485408563,0.115039939444642
"Huron River",2018-10-16,2018,0.00700017253509622,0.0035918787238236,0.074870716509923
"Huron River",2018-10-17,2018,0.00508202672464973,0.00197634372625267,0.067760356328663
"Huron River",2018-10-18,2018,0.00435054956783489,0.00065323567084608,0.0585299161078088
"Huron River",2018-10-19,2018,0.00356299689950024,0.0014444582025001,0.0458615479293781
"Huron River",2018-10-20,2018,0.00333727583960413,0.00058962470664384,0.044221852998288
"Huron River",2018-10-21,2018,0.00369540556806275,0.00132408668562509,0.0400837151193777
"Huron River",2018-10-22,2018,0.00288978629852774,0.00107170882594406,0.0417966442118185
"Huron River",2018-10-23,2018,0.00255897122683427,0.00058962470664384,0.0462265770008771
"Huron River",2018-10-24,2018,0.00221698889698084,0.000235849882657536,0.0444577028809455
"Huron River",2018-10-25,2018,0.0021862354423646,0.000453105791163648,0.0474628316243921
"Huron River",2018-10-26,2018,0.00229131586207561,0.00104150721003437,0.050223792128324
"Huron River",2018-10-27,2018,0.0155675602007251,0.00148262478102144,0.116386045310183
"Huron River",2018-10-28,2018,0.135389059708766,0.0359089329756192,0.569589971337408
"Huron River",2018-10-29,2018,3.58513963148148,1.40040149335118,11.4757451715634
"Huron River",2018-10-30,2018,0.63465882272348,0.230210526023453,2.35627244282828
"Huron River",2018-10-31,2018,0.116907165901532,0.0529634674250035,0.630394441546383
"Huron River",2018-11-01,2018,3.27515891753547,0.875562514934366,11.3192318213129
"Huron River",2018-11-02,2018,16.5749784581485,5.10301290600192,45.838794776798
"Huron River",2018-11-03,2018,3.62949482284704,1.32550026260736,12.226489450607
"Huron River",2018-11-04,2018,0.989884466008704,0.291662387306136,4.22822079052289
"Huron River",2018-11-05,2018,0.339741266653071,0.12976636697257,1.57716046012815
"Huron River",2018-11-06,2018,0.27563022240918,0.116209891870854,1.66294718508151
"Huron River",2018-11-07,2018,0.198837598478908,0.0777644037372384,1.34233324604895
"Huron River",2018-11-08,2018,0.105394070696036,0.0486917465212685,0.739800406823144
"Huron River",2018-11-09,2018,0.110435728924173,0.048564524592864,0.845994018407691
"Huron River",2018-11-10,2018,0.104219469776286,0.0446793626254349,0.705156897088385
"Huron River",2018-11-11,2018,0.076711886937246,0.0264523748059469,0.542273683521911
"Huron River",2018-11-12,2018,0.0594360733217906,0.0271694932827226,0.458962349337892
"Huron River",2018-11-13,2018,0.0467785244441088,0.0163724835554381,0.396447994663822
"Huron River",2018-11-14,2018,0.0379921376848971,0.0189193686990739,0.311913916390138
"Huron River",2018-11-15,2018,0.0749885191224745,0.0260902816251034,0.489823996961618
"Huron River",2018-11-16,2018,0.662248855158428,0.196557879384922,2.9735679189001
"Huron River",2018-11-17,2018,0.274897228375526,0.110218228358112,1.56898889780371
"Huron River",2018-11-18,2018,0.15046439609376,0.0631950463593792,0.717213621380256
"Huron River",2018-11-19,2018,0.235348334670557,0.0947314051504128,1.39876840417406
"Huron River",2018-11-20,2018,0.13350081988635,0.0546320319475392,0.727102679738158
"Huron River",2018-11-21,2018,0.080239848874924,0.0347609453609779,0.52358673949973
"Huron River",2018-11-22,2018,0.050957764792196,0.0207322811788378,0.406461828374582
"Huron River",2018-11-23,2018,0.0369217608834171,0.0145620176512205,0.303923400656118
"Huron River",2018-11-24,2018,0.136282576282425,0.0437545570689562,0.828762786835523
"Huron River",2018-11-25,2018,0.337687611139558,0.0708626141212954,1.51673249071157
"Huron River",2018-11-26,2018,4.33230300741104,0.507615494333875,14.5060889342334
"Huron River",2018-11-27,2018,1.691638448354,0.232587781929216,6.21859698674189
"Huron River",2018-11-28,2018,0.53079263845607,0.101865619443249,2.30107158206624
"Huron River",2018-11-29,2018,0.159030346396255,0.0311106546459878,0.81528215557574
"Huron River",2018-11-30,2018,0.0852827303908339,0.024832741794336,0.500202370428768
"Huron River",2018-12-01,2018,0.0809811612654348,0.0193230536642035,0.570908403715104
"Huron River",2018-12-02,2018,1.96867670217421,0.273809861466086,6.68970957392586
"Huron River",2018-12-03,2018,0.643908529726761,0.136512034486468,2.56589090703389
"Huron River",2018-12-04,2018,0.208363585025748,0.0565990786867162,1.09512635970576
"Huron River",2018-12-05,2018,0.10906099812474,0.0354215207584627,0.6627552962965
"Huron River",2018-12-06,2018,0.0688980139576646,0.0226014648961651,0.505252102356207
"Huron River",2018-12-07,2018,0.0456486958568552,0.0177621384657024,0.36945248008661
"Huron River",2018-12-08,2018,0.0342266132616791,0.014261088859033,0.278828875278334
"Huron River",2018-12-09,2018,0.0326798882013462,0.0144029902407149,0.265213682363509
"Huron River",2018-12-10,2018,0.0221565143568223,0.00802259305784832,0.208705398813731
"Huron River",2018-12-11,2018,0.0311449067036352,0.0111563844908544,0.269612625195648
"Huron River",2018-12-12,2018,0.034915079620391,0.0113105187502675,0.272435973376009
"Huron River",2018-12-13,2018,0.0285295174447046,0.0107502529501786,0.235265151101985
"Huron River",2018-12-14,2018,0.026555130978889,0.00951228572378112,0.223935059747347
"Huron River",2018-12-15,2018,0.026555130978889,0.00634152381585408,0.194605512099022
"Huron River",2018-12-16,2018,0.0711268442802893,0.0207078154233754,0.515894705982351
"Huron River",2018-12-17,2018,0.598516540809095,0.152021505508078,3.80841126149321
"Huron River",2018-12-18,2018,0.197447698911089,0.0523200180563424,0.976372029266821
"Huron River",2018-12-19,2018,0.0851878032596398,0.0291974325688282,0.578223664598362
"Huron River",2018-12-20,2018,0.0544059683670666,0.0184080344099098,0.354865996679927
"Huron River",2018-12-21,2018,9.56953559156314,0.84773842677216,29.5607490374448
"Huron River",2018-12-22,2018,1.73969136681597,0.306506984432947,6.51063111761019
"Huron River",2018-12-23,2018,0.430218076928573,0.0920817638338349,2.05297047236091
"Huron River",2018-12-24,2018,0.1879667293543,0.0406253869453152,0.929429584261114
"Huron River",2018-12-25,2018,0.106065655683479,0.0309956655953146,0.635033148782054
"Huron River",2018-12-26,2018,0.0647403034743844,0.0182025220640256,0.456276553071575
"Huron River",2018-12-27,2018,0.0462755085118019,0.0104224118269824,0.333517178463437
"Huron River",2018-12-28,2018,0.0400822471740499,0.01315034356104,0.306139998101011
"Huron River",2018-12-29,2018,0.0402040866362527,0.015046439609376,0.330419813821897
"Huron River",2018-12-30,2018,0.0289111832299181,0.009541644630336,0.257147322787555
"Huron River",2018-12-31,2018,0.0276516861387137,0.0069360416735904,0.271430430826504
"Huron River",2019-01-01,2019,10.4955717755416,0.817963602374419,31.9127889045781
"Huron River",2019-01-02,2019,1.5027233991338,0.188508645837792,5.32607263538717
"Huron River",2019-01-03,2019,0.443052322929039,0.0658813863091507,1.94200359188565
"Huron River",2019-01-04,2019,0.196525584587711,0.0401703238937146,0.985717947853457
"Huron River",2019-01-05,2019,0.119876819299558,0.0187945933462157,0.631661767679336
"Huron River",2019-01-06,2019,0.070354705037896,0.014425009420631,0.473402581895255
"Huron River",2019-01-07,2019,0.0481875073011884,0.0163113191667821,0.316826640086988
"Huron River",2019-01-08,2019,0.0703282820219965,0.0202870044294221,0.410811839695797
"Huron River",2019-01-09,2019,1.14109588316925,0.08848448225568,3.78890553018822
"Huron River",2019-01-10,2019,0.220481963021384,0.0263561428344614,0.927596283651798
"Huron River",2019-01-11,2019,0.0759923490690968,0.0137252888144064,0.360517586191741
"Huron River",2019-01-13,2019,0.0754572829971341,0.006850411529472,0.382938004497485
"Huron River",2019-01-14,2019,0.0206499946879659,0.00684850863738048,0.156935316571837
"Huron River",2019-01-15,2019,0.0109814543392982,0.00373836743465472,0.0939264817956998
"Huron River",2019-01-20,2019,0.0143644566758616,0.00466378463502,0.152412481872454
"Huron River",2019-01-23,2019,12.3773920555653,0.84039870013344,35.6329048856579
"Huron River",2019-01-24,2019,10.879396255912,1.80469198592847,34.742177408121
"Huron River",2019-01-25,2019,1.95153871231453,0.573232650484032,8.06771878459008
"Huron River",2019-01-26,2019,0.424787603477793,0.149826111717919,1.66719770233051
"Huron River",2019-01-27,2019,0.174147981354027,0.0601392735021254,1.16951693576474
"Huron River",2019-01-28,2019,0.356004741675838,0.118634448237178,2.29765521115764
"Huron River",2019-01-29,2019,0.3486370153392,0.15046439609376,2.20925771825472
"Huron River",2019-01-30,2019,0.183816603255213,0.0700038661045651,1.40459370054966
"Huron River",2019-01-31,2019,0.127699010635997,0.0454818394046016,1.07931903510151
"Huron River",2019-02-01,2019,0.125763769378921,0.0451637845835904,1.06656014362787
"Huron River",2019-02-02,2019,0.132266033208163,0.0305699614502688,1.07606264304946
"Huron River",2019-02-03,2019,0.136818376327052,0.052784867410128,1.07469990047021
"Huron River",2019-02-04,2019,0.575434568475648,NA,3.26128520313792
"Huron River",2019-02-05,2019,2.41612927277568,0.279888242489856,9.75302875753114
"Huron River",2019-02-06,2019,1.25158921535545,0.204199350341011,6.42047209031397
"Huron River",2019-02-07,2019,2.28660212652319,0.304147398239462,14.0677332751963
"Huron River",2019-02-08,2019,2.76927886078906,0.389331721924992,11.6569266634424
"Huron River",2019-02-09,2019,0.260795166926999,0.0745129048362855,1.31225504628347
"Huron River",2019-02-10,2019,0.151959253752513,0.0548424374445158,0.838632272589055
"Huron River",2019-02-11,2019,0.105485463884774,0.034075360524576,0.636468473102515
"Huron River",2019-02-12,2019,2.08461081061266,0.201928112708918,7.23674721575933
"Huron River",2019-02-13,2019,3.05450063796972,0.384169447522426,12.3452734117943
"Huron River",2019-02-14,2019,0.507266857318536,0.114268534174912,2.27682724169078
"Huron River",2019-02-15,2019,0.347237574126751,0.0221170429380096,1.89985398837502
"Huron River",2019-02-16,2019,0.254453643111145,0.0408382390178381,1.53300466466961
"Huron River",2019-02-17,2019,0.112909461458976,0.0156336177404736,0.624476175300029
"Huron River",2019-02-18,2019,0.0797214467008485,0.0183759570860813,0.497912919400942
"Huron River",2019-02-19,2019,0.0575840700016324,0.0147479573927347,0.420987147392609
"Huron River",2019-02-20,2019,0.0940267913930957,0.027401646117888,0.503407384394342
"Huron River",2019-02-21,2019,2.0419119508919,0.18906592137888,11.0559389725949
"Huron River",2019-02-22,2019,0.656449057536857,0.138239129930926,3.26449837235531
"Huron River",2019-02-23,2019,0.20707423971288,0.0512410782404506,1.15292426041014
"Huron River",2019-02-24,2019,1.34698663273789,0.144837272337408,6.08995468531195
"Huron River",2019-02-25,2019,0.570144980398094,0.0858270934498723,2.81908991562273
"Huron River",2019-02-26,2019,0.127314898275237,0.0259826323010688,0.614922297791962
"Huron River",2019-02-27,2019,0.0806635957595328,0.0169009438734259,0.553121799493939
"Huron River",2019-02-28,2019,0.04831986703824,0.01284452161776,0.35108359088544
"Huron River",2019-03-01,2019,0.0323094766636454,0.00885905005293504,0.258996933900513
"Huron River",2019-03-02,2019,0.022875481357344,0.0045750962714688,0.220977149911943
"Huron River",2019-03-03,2019,0.0161498451807302,0.00709017593300352,0.183950675595147
"Huron River",2019-03-04,2019,0.0140892169269096,0.00397813183818624,0.156307430142068
"Huron River",2019-03-05,2019,0.0151049127649311,0.00471210450205824,0.10837840354734
"Huron River",2019-03-06,2019,0.0151467492067718,0.00701922524216256,0.146664864270449
"Huron River",2019-03-07,2019,0.0100909008404669,0.00469987162432704,0.0973149889272422
"Huron River",2019-03-08,2019,0.00962091367803418,0.00580572377122752,0.0848741522746118
"Huron River",2019-03-09,2019,0.0181301034278569,0.00537757305063552,0.14442624764564
"Huron River",2019-03-10,2019,1.50590749487846,0.214364056210456,5.76261021695168
"Huron River",2019-03-11,2019,0.892619264893828,0.092725213202496,3.66496405182865
"Huron River",2019-03-12,2019,0.221638336953314,0.0456683907900024,1.16349652498933
"Huron River",2019-03-13,2019,0.0761423241500813,0.0126903873583469,0.509428406813639
"Huron River",2019-03-14,2019,0.112787132681664,0.015790198575433,0.764696759581682
"Huron River",2019-03-15,2019,1.36642875307868,0.0709833118482432,6.87761744954619
"Huron River",2019-03-16,2019,0.83397643932456,0.0806177224680408,4.58687041628508
"Huron River",2019-03-17,2019,0.15166811126251,0.0315975231796896,0.964175850168814
"Huron River",2019-03-18,2019,0.0653126934155136,0.0171640866655104,0.480371516417856
"Huron River",2019-03-19,2019,0.0317076190792704,0.00634152381585408,0.314962349520753
"Huron River",2019-03-20,2019,0.0216888922174176,0.00578370459131136,0.279063746530773
"Huron River",2019-03-21,2019,0.0184961111295744,0.005137808647104,0.237880540360915
"Huron River",2019-03-22,2019,0.017554179544272,0.002507739934896,0.253783281411475
"Huron River",2019-03-23,2019,0.0127417654448179,0.00246614815060992,0.186605210062817
"Huron River",2019-03-24,2019,0.0125607188543962,0.0018471645374112,0.183608155018673
"Huron River",2019-03-25,2019,0.0101157743585203,0.0024085177044096,0.16064813088412
"Huron River",2019-03-26,2019,0.00838930754805696,0.00217500566060736,0.134850350957656
"Huron River",2019-03-27,2019,0.00830123082839232,0.0014312466945504,0.147990908216511
"Huron River",2019-03-28,2019,0.00808348560477696,0.00115478365782528,0.131356641077626
"Huron River",2019-03-29,2019,0.0177792644945261,0.00124041380194368,0.229890024626895
"Huron River",2019-03-30,2019,0.263731057582487,0.0118340859171629,1.48602307445517
"Huron River",2019-03-31,2019,6.64406734790212,0.358765838100634,29.367053651449
"Huron River",2019-04-01,2019,0.931992066323857,0.13532437496974,4.39876973691962
"Huron River",2019-04-02,2019,0.230291263016479,0.0376576908077261,1.30932894193017
"Huron River",2019-04-03,2019,0.0717384881668493,0.0088566034773888,0.580107527768966
"Huron River",2019-04-04,2019,0.032539454764992,0.00455552366709888,0.32604533674522
"Huron River",2019-04-05,2019,0.0185695083959616,0.0045016990050816,0.289234161076493
"Huron River",2019-04-06,2019,0.0149705957674426,0.00309736464153984,0.326255742242197
"Huron River",2019-04-07,2019,0.0143344861254202,0.00416162500415424,0.249235097471015
"Huron River",2019-04-08,2019,0.0143709129168864,0.002963074828224,0.224452918237968
"Huron River",2019-04-09,2019,0.0122573434866624,0.00040857811622208,0.189171667810823
"Huron River",2019-04-10,2019,0.0101386090636186,0.00217255908506112,0.166200770007176
"Huron River",2019-04-11,2019,0.008073699302592,0.00226063580472576,0.148556067167693
"Huron River",2019-04-12,2019,0.0183639960500774,0.00272059200741888,0.160514928437714
"Huron River",2019-04-13,2019,0.0093948500975616,0.00219213168943104,0.130275254686188
"Huron River",2019-04-14,2019,0.0862050893717664,0.0059451785773632,0.379302393235772
"Huron River",2019-04-15,2019,0.234851374012727,0.0285630049474938,1.45762001438401
"Huron River",2019-04-16,2019,0.105559948518071,0.00898382540579328,0.675284209668795
"Huron River",2019-04-17,2019,0.0347609453609779,0.00488825794138752,0.432339257927163
"Huron River",2019-04-18,2019,0.0171749603346048,0.0033395756206176,0.273845200890643
"Huron River",2019-04-19,2019,0.036953077050409,0.0043304387168448,0.438817789973606
"Huron River",2019-04-20,2019,4.29042415826086,0.176226836595667,20.4255295368502
"Huron River",2019-04-21,2019,2.04370610629248,0.14516348241024,9.6150418967232
"Huron River",2019-04-22,2019,0.241955036693429,0.0344361624572146,1.93949386410812
"Huron River",2019-04-23,2019,0.056995423925207,0.00801498148948224,0.675930105613002
"Huron River",2019-04-24,2019,0.0304990107594278,0.0066302197303104,0.442898677984735
"Huron River",2019-04-25,2019,0.0265331117989728,0.00648587177308224,0.410968420530757
"Huron River",2019-04-26,2019,1.37976034711144,0.057203994490524,6.5281198512586
"Huron River",2019-04-27,2019,1.63839009079872,0.12273653990304,9.97020311351904
"Huron River",2019-04-28,2019,1.6962923787264,0.134007097919386,7.60447873383045
"Huron River",2019-04-29,2019,0.500603336976624,0.055802310583824,3.33843388536269
"Huron River",2019-04-30,2019,0.38054036046217,0.0444787434306432,3.03690975979225
"Huron River",2019-05-01,2019,0.39877224143275,0.050145012395735,2.75081210856604
"Huron River",2019-05-02,2019,2.12688967486464,0.143565053053363,9.87940253974625
"Huron River",2019-05-03,2019,1.16285735712787,0.106695159571526,5.88981257275179
"Huron River",2019-05-04,2019,0.227898512132256,0.052846031798784,1.57547232300125
"Huron River",2019-05-05,2019,0.11131918735392,0.033395756206176,0.832667521407322
"Huron River",2019-05-06,2019,0.0600096049981747,0.0189071358213427,0.563103827722598
"Huron River",2019-05-07,2019,0.0388434644224704,0.010829087051113,0.441638419736694
"Huron River",2019-05-08,2019,0.0251826020974483,0.0053580004462656,0.291475224276849
"Huron River",2019-05-09,2019,0.0449191270289664,0.0043671373500384,0.383684210039088
"Huron River",2019-05-10,2019,1.20695008530566,0.170281658018304,4.70166577972762
"Huron River",2019-05-11,2019,0.139139197890215,0.0177181001058701,0.978664470553647
"Huron River",2019-05-12,2019,0.0446230913878714,0.00658373479493184,0.410386135550751
"Huron River",2019-05-13,2019,0.289065959007689,0.0206475685005492,1.82485176842949
"Huron River",2019-05-14,2019,0.604443003083529,0.0381892093451467,3.58188446271721
"Huron River",2019-05-15,2019,0.12722192840448,0.015658083495936,1.13716831389235
"Huron River",2019-05-16,2019,0.045251861303255,0.0066546854857728,0.511079845307351
"Huron River",2019-05-17,2019,0.0267337309937645,0.00163675904043456,0.397732446825598
"Huron River",2019-05-18,2019,0.0211457524461523,0.00442585516314816,0.344233179355968
"Huron River",2019-05-19,2019,0.0191469002248742,0.00267166049649408,0.279188521883631
"Huron River",2019-05-20,2019,0.0171450577445952,0.0030255984255168,0.250548364855891
"Huron River",2019-05-21,2019,0.0131430038344013,0.00347903042675328,0.178203669637029
"Huron River",2019-05-22,2019,0.0135638148283546,0.00452127160945152,0.188009544426359
"Huron River",2019-05-23,2019,0.014190138168192,0.0021285207252288,0.184826549640701
"Huron River",2019-05-24,2019,0.0132555463095283,0.00094682473639488,0.175478184478518
"Huron River",2019-05-25,2019,0.0125362530989338,0.00089544664992384,0.156703163736672
"Huron River",2019-05-26,2019,0.0145179792913882,0.00126243298185984,0.168219194832824
"Huron River",2019-05-27,2019,0.0187016234754586,0.00133583024824704,0.230208079447907
"Huron River",2019-05-28,2019,0.0253917843066518,0.00388883183074848,0.298525031713339
"Huron River",2019-05-29,2019,0.49204793413315,0.0125362530989338,1.93423938438965
"Huron River",2019-05-30,2019,0.0927167861089479,0.00538464093554688,0.626637588874268
"Huron River",2019-05-31,2019,0.0334691534725632,0.00520631276239872,0.292297273660385
"Huron River",2019-06-01,2019,0.0385115456733638,0.00661309370148672,0.327153635467667
"Huron River",2019-06-02,2019,2.52132658442945,0.23324020207488,8.11559283119545
"Huron River",2019-06-03,2019,0.727122252342528,0.126791942752228,2.92030474597068
"Huron River",2019-06-04,2019,0.103064441460906,0.0285319640202509,0.68127342660599
"Huron River",2019-06-05,2019,0.888327115084282,0.0827187192183744,0.800213696786448
"Huron River",2019-06-06,2019,4.47577345954328,0.291585592018157,2.99430944269766
"Huron River",2019-06-07,2019,0.757879512742948,0.117817563846461,0.956967151242682
"Huron River",2019-06-08,2019,0.119598399002396,0.0272352789807437,0.722919035554088
"Huron River",2019-06-09,2019,0.0619962243417216,0.0190416974763859,0.413603382394057
"Huron River",2019-06-10,2019,0.596022501697258,0.0352013289593011,0.677225567364736
"Huron River",2019-06-11,2019,1.72634774378678,0.383632831952617,7.27080660558242
"Huron River",2019-06-12,2019,0.13951352394879,0.0443906667109786,0.789167408195175
"Huron River",2019-06-13,2019,1.06528466224309,0.202437272264264,4.48929541074562
"Huron River",2019-06-14,2019,4.76367287773843,0.520321376670682,20.9744160422319
"Huron River",2019-06-15,2019,0.748897080526007,0.13724600715034,3.54560816962728
"Huron River",2019-06-16,2019,2.27881753089764,0.280582458301102,8.93472141129247
"Huron River",2019-06-17,2019,1.87079845718788,0.313210601429645,8.02073094201591
"Huron River",2019-06-18,2019,0.594928882428088,0.12976636697257,2.78897868708738
"Huron River",2019-06-19,2019,0.683788506267525,0.101620961888625,2.68520473871806
"Huron River",2019-06-20,2019,6.84731783469378,0.37241283649756,24.4480563232546
"Huron River",2019-06-21,2019,12.3432509093427,0.932993429306803,39.1226839343109
"Huron River",2019-06-22,2019,1.21539756698338,0.1896096048336,5.69587252920134
"Huron River",2019-06-23,2019,0.212072226567516,0.0658373479493184,1.1806409031296
"Huron River",2019-06-24,2019,0.111284935296273,0.0379781922042835,0.656227832739131
"Huron River",2019-07-01,2019,0.0167835082472064,0.00071929321059456,0.140501940469471
"Huron River",2019-07-02,2019,0.0095162002446551,0.000865109113150464,0.116789730275313
"Huron River",2019-07-03,2019,0.0121081023783418,0,0.129235460079036
"Huron River",2019-07-04,2019,0.0111196858576608,0.00024710413017024,0.111691066836948
"Huron River",2019-07-05,2019,0.0129472777907021,0.00052846031798784,0.140306214425772
"Huron River",2019-07-06,2019,0.472751792799955,0.0338875178909702,2.20101520523944
"Huron River",2019-07-07,2019,0.344856240595077,0.0745308463902912,2.66216125917321
"Huron River",2019-07-08,2019,0.712209456922365,0.0832094105263672,3.06021339187019
"Huron River",2019-07-09,2019,0.16647315541799,0.0396943290291072,0.80563286162137
"Huron River",2019-07-10,2019,0.0367133126468774,0.015648297193751,0.298822290642207
"Huron River",2019-07-11,2019,0.0354508796650176,0.011254247512704,0.259410405167827
"Huron River",2019-07-12,2019,0.0167162274196848,0.00757802309692378,0.157578303809562
"Huron River",2019-07-13,2019,0.012467748983639,0.00460347654780518,0.120074013288585
"Huron River",2019-07-14,2019,0.0113924790310666,0.00306066600834624,0.118175715322258
"Huron River",2019-07-15,2019,0.00792551837700806,0.0024230884209961,0.0933393852171205
"Huron River",2019-07-16,2019,0.0140453008958546,0.00241403609147501,0.123774214144719
"Huron River",2019-07-17,2019,1.01084672528889,0.0573379445016807,3.60804324845761
"Huron River",2019-07-18,2019,0.708519579255829,0.100333519467848,3.5474084074865
"Huron River",2019-07-19,2019,0.131713841107377,0.0359915728607366,0.872987086409357
"Huron River",2019-07-20,2019,0.063794457368208,0.01926678242664,0.51164011110744
"Huron River",2019-07-21,2019,0.0561929471460403,0.0136225326414643,0.419318582870074
"Huron River",2019-07-22,2019,1.39792066574729,0.335107605479464,5.61286327913685
"Huron River",2019-07-23,2019,1.29300538988565,0.27465800765545,6.27593547492702
"Huron River",2019-07-24,2019,0.0944255832071328,0.043253009081977,0.683519382957439
"Huron River",2019-07-25,2019,0.0427465679439053,0.0217549497571661,0.350750856611151
"Huron River",2019-07-26,2019,0.0257624405019072,0.0128812202509536,0.240163195345557
"Huron River",2019-07-27,2019,0.0204680510198438,0.0080492335471296,0.184672415381288
"Huron River",2019-07-28,2019,0.0114940119162355,0.00515248810038144,0.1303975834635
"Huron River",2019-07-29,2019,0.00937278198613452,0.00374162953538304,0.103767859114623
"Huron River",2019-07-30,2019,0.0068785226824983,0.00082082609576352,0.0878283922466967
"Huron River",2019-07-31,2019,0.00603389140666986,0.00108579022742131,0.0764706545883867
"Huron River",2019-08-01,2019,0.00540252812120717,0.00059696443328256,0.0646213999028371
"Huron River",2019-08-02,2019,0.00501946778793237,0.00121766064936365,0.0604771455850612
"Huron River",2019-08-03,2019,0.00456677791461158,0.00049910141143296,0.0554002566690586
"Huron River",2019-08-04,2019,0.0040735482844896,0.0004403835983232,0.0535066071962688
"Huron River",2019-08-05,2019,0.00426921995984333,0.0005464018719936,0.0494311560196877
"Huron River",2019-08-06,2019,4.56609287345864,0.184569659208346,14.661250755376
"Huron River",2019-08-07,2019,0.113031790236288,0.0215787963178368,0.588792870958118
"Huron River",2019-08-08,2019,0.0211384127195136,0.0052846031798784,0.180733428751841
"Huron River",2019-08-09,2019,0.0108405315878348,0.00293980517636198,0.106384199819599
"Huron River",2019-08-10,2019,0.00723697046577792,0.00198661934354688,0.0681126632073216
"Huron River",2019-08-11,2019,0.0060430415992128,0.00060430415992128,0.0669569009192778
"Huron River",2019-08-12,2019,0.00650446574723366,0.00144543683271859,0.0688188536466574
"Huron River",2019-08-13,2019,0.00885635881983417,0.0020052133176983,0.0700153650096324
"Huron River",2019-08-14,2019,0.00676135617958886,0.00215787963178368,0.0625785093217267
"Huron River",2019-08-15,2019,0.00584203095233372,0.00104321981291674,0.0569858822805767
"Huron River",2019-08-16,2019,0.00695453778471997,0.00206980291211904,0.0655437588837696
"Huron River",2019-08-17,2019,0.00618386648765438,0.00181878426107482,0.0582010963543941
"Huron River",2019-08-18,2019,0.00597881287468513,0.000891409800272544,0.0601064893898058
"Huron River",2019-08-19,2019,0.0138838880741914,0.00292292380509293,0.115455490301171
"Huron River",2019-08-20,2019,0.0121071237481233,0.0026667673454016,0.118404470135831
"Huron River",2019-08-21,2019,0.00926817253221616,0.00230027032857485,0.0980490227555029
"Huron River",2019-08-22,2019,0.479013830094729,0.051993536141783,1.64770882521262
"Huron River",2019-08-23,2019,0.0698350523918746,0.0169107301756109,0.514211462006538
"Huron River",2019-08-24,2019,0.0229635580770086,0.0054069319571904,0.213414784898515
"Huron River",2019-08-25,2019,0.0106929235686913,0.00304983991155413,0.12726150176394
"Huron River",2019-08-26,2019,0.00719366607860947,0.00215512723429416,0.0969807255432372
"Huron River",2019-08-27,2019,0.00679732084011859,0.00208081250207712,0.0842035459173875
"Huron River",2019-08-28,2019,0.00951766818998285,0.00341199425678631,0.0967928897056747
"Huron River",2019-08-29,2019,0.00659474438488992,0.00219824812829664,0.0764990348647231
"Huron River",2019-08-31,2019,0.00464996148318374,0.0012976636697257,0.0601250833639573
"Huron River",2019-09-01,2019,0.00435539378741645,0.00151932341421504,0.0528724548146834
"Huron River",2019-09-02,2019,0.006238767642912,0.00199640564573184,0.0640097560162771
"Huron River",2019-09-03,2019,0.00962580071268779,0.00299075511211243,0.111987163642432
"Huron River",2019-09-04,2019,0.00579202294816858,0.00178967001207456,0.0641027258870343
"Huron River",2019-09-05,2019,0.00452332673291036,0.00133754285112941,0.0481515426406587
"Huron River",2019-09-06,2019,0.00389394517364012,0.00136445518213805,0.0453418952833567
"Huron River",2019-09-07,2019,0.00364410087885809,0.00124995544657402,0.0410562288990081
"Huron River",2019-09-08,2019,0.00355565717286152,0.0011672611931111,0.0411235097265297
"Huron River",2019-09-09,2019,0.00340605723346076,0.000794158422309504,0.0384137370198597
"Huron River",2019-09-10,2019,0.00341541946255104,0,0.0388503963865181
"Huron River",2019-09-11,2019,0.00357591481838438,0.00085140829009152,0.0378025280800635
"Huron River",2019-09-12,2019,0.00447160612586285,0.00100382994662227,0.045628633937376
"Huron River",2019-09-13,2019,0.00400651211452263,0.000609686626123008,0.0409361020396877
"Huron River",2019-09-14,2019,0.00382644415431936,0.00091501925429376,0.0361848523288896
"Huron River",2019-09-15,2019,0.00331559918026445,0.000828899795066112,0.0313474831588639
"Huron River",2019-09-16,2019,0.00359015932489805,0.00107442724321766,0.0340934108152727
"Huron River",2019-09-17,2019,0.00301222381253069,0.000158538095396352,0.0351954571779901
"Huron River",2019-09-18,2019,0.00271276296567091,7.5354526824192e-05,0.03217638295393
"Huron River",2019-09-19,2019,0.00252559993638355,0.000546075661920768,0.0288737506240606
"Huron River",2019-09-20,2019,0.00259385939412365,0.000273037830960384,0.0313310911027041
"Huron River",2019-09-21,2019,0.00252878048459366,0.000465827984004096,0.0270180230722376
"Huron River",2019-09-22,2019,0.00258798761281267,0.000694338140022912,0.0244280781989879
"Huron River",2019-09-23,2019,0.00332815826806848,0.0012966850395072,0.0307746582709709
"Huron River",2019-09-24,2019,0.00200986181123616,0.00025933700790144,0.0288512421290352
"Huron River",2019-09-25,2019,0.00183052782369677,6.3121649092992e-05,0.0274579173554515
"Huron River",2019-09-26,2019,0.00188019330728544,0.00012966850395072,0.0269062145697744
"Huron River",2019-09-27,2019,0.00179676508115866,0.000532374838861824,0.0258867265396562
"Huron River",2019-09-28,2019,0.00357689344860288,0.00091501925429376,0.0421740692660851
"Huron River",2019-09-29,2019,0.00202918975805146,0.00034986030311232,0.0279188521883631
"Maumee",2018-10-01,2018,0.500008574461333,0.0790890884746637,3.05228703078382
"Maumee",2018-10-02,2018,0.604702951735317,0.100319383698025,3.86508292192113
"Maumee",2018-10-03,2018,0.624500641055491,0.132469832951165,4.16063414105801
"Maumee",2018-10-04,2018,0.594055454958081,0.132012323324018,4.04072502696124
"Maumee",2018-10-05,2018,0.466583486532775,0.116065543913626,2.64397309035239
"Maumee",2018-10-06,2018,0.644127070087429,0.165077791831452,3.98452474008857
"Maumee",2018-10-07,2018,0.953259230081491,0.286484821806406,5.33926579402027
"Maumee",2018-10-08,2018,1.54866057343173,0.570140450835312,10.5701387768816
"Maumee",2018-10-09,2018,2.02752608668001,0.51532954703117,10.2896948899011
"Maumee",2018-10-10,2018,2.16606098041031,0.756637739732367,7.71473773844767
"Maumee",2018-10-11,2018,2.43884436751388,1.11293742968239,8.15467116687036
"Maumee",2018-10-12,2018,2.56840522214057,1.35141982762768,9.45993879339377
"Maumee",2018-10-13,2018,2.2798071707061,1.20219339876032,8.03538592953788
"Maumee",2018-10-14,2018,2.23620430132101,1.10875867864941,8.42158277266296
"Maumee",2018-10-15,2018,2.06506112250035,1.10419934919813,7.14812823980903
"Maumee",2018-10-16,2018,2.42166451402818,1.22736866113113,7.61409540677754
"Maumee",2018-10-17,2018,1.57787241361211,0.824447027571955,4.51459245821029
"Maumee",2018-10-18,2018,1.75343133508365,1.04811296400922,5.33921074607048
"Maumee",2018-10-19,2018,1.3961407820374,0.767637543388263,4.70657768789928
"Maumee",2018-10-20,2018,1.25814070972152,0.634162167887593,4.21231804947233
"Maumee",2018-10-21,2018,1.0255300930872,0.536519337837155,3.9808915754024
"Maumee",2018-10-22,2018,0.935509406046038,0.54049339204943,3.53730133206326
"Maumee",2018-10-23,2018,0.861610510119341,0.458263172415122,4.04862257282451
"Maumee",2018-10-24,2018,0.8109678642575,0.420037876080668,4.00141345108426
"Maumee",2018-10-25,2018,0.691930220370303,0.36627682502759,3.58285330663352
"Maumee",2018-10-26,2018,0.613283336833536,0.249675481069338,3.17977509223939
"Maumee",2018-10-27,2018,0.666570486203307,0.290124714575324,3.8611659544716
"Maumee",2018-10-28,2018,0.66580715463288,0.280260121972884,3.87061952238227
"Maumee",2018-10-29,2018,0.683831321339584,0.286139243010499,3.98106772884173
"Maumee",2018-10-30,2018,0.940801267400037,0.444298119197184,5.65369356678417
"Maumee",2018-10-31,2018,1.15798377863976,0.560637679571989,9.39068113283081
"Maumee",2018-11-01,2018,1.2003284965502,0.559586875374878,5.4669586882174
"Maumee",2018-11-02,2018,11.666036677778,4.29185295837987,35.2051994418153
"Maumee",2018-11-03,2018,60.9044497905142,13.2562313506813,199.713570387484
"Maumee",2018-11-04,2018,54.901327333439,15.036653307191,160.691701676182
"Maumee",2018-11-05,2018,37.8487642802615,15.093892301304,109.638052869911
"Maumee",2018-11-06,2018,25.7530847970184,10.7931169537487,68.6513012795818
"Maumee",2018-11-07,2018,17.4441227898999,8.33381921466824,42.4723557566827
"Maumee",2018-11-08,2018,8.69828068064052,4.50453703271524,23.4865380657729
"Maumee",2018-11-09,2018,4.98294824406875,2.67751759835178,15.0468946724276
"Maumee",2018-11-10,2018,3.19520760146996,1.74378693428038,10.1156993302036
"Maumee",2018-11-11,2018,2.4091625129869,1.31762772618301,6.96246468948979
"Maumee",2018-11-12,2018,2.08222433927234,1.45928118820958,7.34888009336367
"Maumee",2018-11-13,2018,1.73821363518604,1.39922591380121,5.80606629180399
"Maumee",2018-11-14,2018,1.52830723962083,1.37972181354659,5.63209519786196
"Maumee",2018-11-15,2018,1.79098137656734,1.14048342375751,5.36449610434087
"Maumee",2018-11-16,2018,1.53604820464914,0.96278619525855,5.35779493391972
"Maumee",2018-11-17,2018,1.48277157555421,0.888033526018733,5.46670179778504
"Maumee",2018-11-18,2018,1.15415733448544,0.735088302321086,4.74028905235093
"Maumee",2018-11-19,2018,1.32797674074361,0.782121270622003,5.80887985368217
"Maumee",2018-11-20,2018,1.28931595396193,0.661402340019429,5.79354961130943
"Maumee",2018-11-21,2018,2.33970912638024,1.18345752322721,10.0117785873015
"Maumee",2018-11-22,2018,1.79884467037296,0.8838254160792,7.96482669078432
"Maumee",2018-11-23,2018,1.55015026609766,0.775075133048832,6.22643690215895
"Maumee",2018-11-24,2018,1.50721286526115,0.733238691208128,6.09402823359644
"Maumee",2018-11-25,2018,2.03259049806073,0.90961232233657,9.16350191390915
"Maumee",2018-11-26,2018,9.75433849097356,2.03761957001689,29.7072690100746
"Maumee",2018-11-27,2018,40.2255300553903,5.99654579016515,106.477626384458
"Maumee",2018-11-28,2018,50.0717717101828,10.0479512067526,143.377730996665
"Maumee",2018-11-29,2018,24.7533205152705,6.14954918799245,71.6754888465336
"Maumee",2018-11-30,2018,9.86089729473464,3.23308108024087,31.5316222207761
"Maumee",2018-12-01,2018,5.03352550519912,1.27348844510941,16.7351363904378
"Maumee",2018-12-02,2018,24.1073564747104,4.47832333494591,68.5012324132014
"Maumee",2018-12-03,2018,43.6601827109245,10.0546915223825,130.81021372047
"Maumee",2018-12-04,2018,29.2856941408674,8.69888634400908,91.8976399950594
"Maumee",2018-12-05,2018,19.6141349898174,6.43620628949357,61.877198441397
"Maumee",2018-12-06,2018,5.26845578127322,1.85107905828518,18.1785456236724
"Maumee",2018-12-07,2018,3.89494826961408,1.712602882368,13.7399682676838
"Maumee",2018-12-08,2018,2.38237740390666,1.35234952633525,8.47145376859751
"Maumee",2018-12-09,2018,2.17217741927591,1.23821188395206,8.22880240592143
"Maumee",2018-12-10,2018,1.78779974099032,0.720646982396813,7.06616687164309
"Maumee",2018-12-11,2018,1.48914735142772,0.554995876362359,4.87956770504728
"Maumee",2018-12-12,2018,1.15230772337249,0.507564116247404,3.90961549001379
"Maumee",2018-12-13,2018,0.970649489064165,0.380887774189736,3.47713677728049
"Maumee",2018-12-14,2018,0.972044037125522,0.382796103115803,3.26451957601005
"Maumee",2018-12-15,2018,1.04812519688695,0.419250078754779,3.7866310304554
"Maumee",2018-12-16,2018,0.860800693613536,0.374649006546824,3.49672406110369
"Maumee",2018-12-17,2018,0.643281914157066,0.301998761226409,3.11574331704319
"Maumee",2018-12-18,2018,1.85590859841346,0.93401935998586,10.4804250263348
"Maumee",2018-12-19,2018,2.01443201435654,0.998276220132307,11.5323252892896
"Maumee",2018-12-20,2018,1.63613027051918,0.663486822384826,9.75466796314712
"Maumee",2018-12-21,2018,3.31796795470832,0.991548137380147,14.7740672469642
"Maumee",2018-12-22,2018,11.4401872542182,3.2059925957929,45.760749016873
"Maumee",2018-12-23,2018,12.3229117113016,3.6953077050409,48.195581000491
"Maumee",2018-12-24,2018,11.6907165901532,3.25883862759168,46.2989956370458
"Maumee",2018-12-25,2018,6.31024116694719,1.93330601581876,23.4086782455894
"Maumee",2018-12-26,2018,5.76393626089774,2.76433677818565,19.9679220466815
"Maumee",2018-12-27,2018,3.73785658968067,1.18927058672508,12.4351801699675
"Maumee",2018-12-28,2018,4.57429966647094,1.42465562002883,20.7409322699693
"Maumee",2018-12-29,2018,5.44700343943205,2.05751620972582,25.2677429264575
"Maumee",2018-12-30,2018,3.98433537514129,1.21325681338042,18.7488619561054
"Maumee",2018-12-31,2018,1.65588343216441,0.674100067104415,7.86227603018812
"Maumee",2019-01-01,2019,29.3088985507149,6.27424298833248,78.5644339408589
"Maumee",2019-01-02,2019,68.9092682051774,8.29756096507296,179.780487576581
"Maumee",2019-01-03,2019,53.414713818752,7.77949859315664,141.18098751233
"Maumee",2019-01-04,2019,34.3517996392291,6.89268835491103,82.1783196117209
"Maumee",2019-01-05,2019,23.3743478975245,6.73101864281549,48.8530247812766
"Maumee",2019-01-06,2019,14.9085750773454,5.10477987722976,30.7333926967576
"Maumee",2019-01-07,2019,9.85476960162153,2.52903764686775,29.5219226990512
"Maumee",2019-01-08,2019,7.13288213245091,1.97565440359252,21.501277794942
"Maumee",2019-01-09,2019,5.09934358636601,1.45695531039029,16.713751485232
"Maumee",2019-01-10,2019,3.98591684157438,1.24033061837511,13.1499129637439
"Maumee",2019-01-11,2019,2.69814712335767,0.960850954001474,8.01679684853755
"Maumee",2019-01-12,2019,1.83002872228534,0.654106651740542,6.62191115975537
"Maumee",2019-01-13,2019,1.86407037443572,0.672025371041203,6.69625280430342
"Maumee",2019-01-14,2019,1.48728007060248,0.662162953172582,6.20001796388547
"Maumee",2019-01-15,2019,1.01244189254504,0.491419164217766,4.75433239598634
"Maumee",2019-01-16,2019,0.756182676680767,0.363360506976472,3.80546476901035
"Maumee",2019-01-17,2019,0.606452253250879,0.296774506910005,3.44086384823194
"Maumee",2019-01-18,2019,0.755306802635213,0.377653401317606,4.28192312376286
"Maumee",2019-01-19,2019,0.64289644258767,0.311852752001482,3.73263755472543
"Maumee",2019-01-20,2019,0.863787962355495,0.442096201205568,6.37298677737873
"Maumee",2019-01-21,2019,0.627409619379971,0.308562107891789,3.53817883715918
"Maumee",2019-01-22,2019,0.500592232242061,0.225454383161562,2.92464435934582
"Maumee",2019-01-23,2019,1.22841090231383,0.500398096472467,7.14727900625276
"Maumee",2019-01-24,2019,8.89139367291964,2.25285134502108,42.9726130391404
"Maumee",2019-01-25,2019,35.8227615946216,7.1264341825988,124.022052247553
"Maumee",2019-01-26,2019,24.6610756464003,8.39063685410375,87.0499680235667
"Maumee",2019-01-27,2019,19.5669038488973,10.5558297079577,75.3211371844247
"Maumee",2019-01-28,2019,8.68267315970587,4.74903691913737,31.0658698087722
"Maumee",2019-01-29,2019,7.53471870975533,3.98155704395098,27.518103113889
"Maumee",2019-01-30,2019,7.41703842598118,6.40562409516557,25.6224963806623
"Maumee",2019-02-04,2019,19.9393460443014,10.2616718135944,84.2207942749884
"Maumee",2019-02-06,2019,23.4321751571355,6.95316770241408,123.905448457019
"Maumee",2019-02-08,2019,70.6675731187491,11.7100445369685,319.225996725185
"Maumee",2019-02-09,2019,50.7978348671555,10.2944803916695,187.998915414819
"Maumee",2019-02-11,2019,20.3394100776225,6.19257629659899,79.8094962363404
"Maumee",2019-02-12,2019,15.3219240158826,4.57118175059482,60.6528097092812
"Maumee",2019-02-13,2019,13.4780868212143,4.44386195916849,52.4473378477687
"Maumee",2019-02-14,2019,14.1558861105446,5.22099221567616,61.8445366578547
"Maumee",2019-02-15,2019,13.7460357750385,4.43769658879196,42.9157731086832
"Maumee",2019-02-16,2019,12.571875238887,4.22298511885394,53.3940647211418
"Maumee",2019-02-17,2019,9.91049035968714,3.36727085580104,40.2159280618965
"Maumee",2019-02-18,2019,7.39382042404737,2.61674303073281,31.593622250902
"Maumee",2019-02-19,2019,4.11523793179753,1.53840670347571,21.6723044352141
"Maumee",2019-02-20,2019,3.30706063160807,1.26211492703883,16.32761335992
"Maumee",2019-02-21,2019,2.83332164557521,0.992808123786461,13.3036288587386
"Maumee",2019-02-22,2019,6.36915951769923,2.02884479089944,94.6188610442354
"Maumee",2019-02-23,2019,7.28477043551259,1.80749943136778,75.0751278968114
"Maumee",2019-02-24,2019,17.8450773767199,2.06741750096146,166.916760340783
"Maumee",2019-02-25,2019,27.1049776292517,2.87482412985385,131.940230897922
"Maumee",2019-02-26,2019,23.4403467194599,2.83607037320141,82.5161427631457
"Maumee",2019-02-27,2019,13.9873170554087,1.77804877822992,55.4332854389328
"Maumee",2019-02-28,2019,8.97633888462179,1.54721437544218,37.008369657754
"Maumee",2019-03-01,2019,6.03357971294527,1.28409985489734,24.6175459024398
"Maumee",2019-03-02,2019,5.06834547419515,1.00033134359115,22.8488381496454
"Maumee",2019-03-03,2019,3.90361355088375,1.00336020411739,15.7554669889785
"Maumee",2019-03-04,2019,3.02284564744886,0.876131207828003,13.3002120800674
"Maumee",2019-03-05,2019,2.34593419320009,0.837169220412403,11.3668976371551
"Maumee",2019-03-06,2019,2.26243256980692,0.842395105779172,10.6001384143879
"Maumee",2019-03-07,2019,1.8175296571347,0.794452011375053,9.4451516907923
"Maumee",2019-03-08,2019,1.3300289283118,0.549598730707354,6.82189424490503
"Maumee",2019-03-09,2019,1.33634402911175,0.568975609033574,7.27689857869256
"Maumee",2019-03-10,2019,11.4228062922226,2.78436933875826,40.7593075975653
"Maumee",2019-03-11,2019,38.562362270747,6.22188627164295,123.030394014273
"Maumee",2019-03-12,2019,43.0209758571716,8.09253793429805,122.536687301919
"Maumee",2019-03-13,2019,30.6821491719416,6.94998715420397,84.8920489747326
"Maumee",2019-03-14,2019,17.9960310879229,4.90939023766817,53.3801192405282
"Maumee",2019-03-15,2019,24.6923083579818,4.1153847263303,72.1502468312815
"Maumee",2019-03-16,2019,26.2699825989747,3.79182511034006,70.7898284987947
"Maumee",2019-03-17,2019,19.9729619923067,3.02768616998292,80.2825171524505
"Maumee",2019-03-18,2019,15.3645335755959,2.7409475159636,61.0241509456895
"Maumee",2019-03-19,2019,10.2584056352402,2.58615268115299,43.7565143293931
"Maumee",2019-03-20,2019,7.10880415921259,1.92932054425394,31.9327284952799
"Maumee",2019-03-21,2019,4.99975328218077,1.54700886309629,23.8329046590052
"Maumee",2019-03-22,2019,5.53984217373989,1.41546628227715,22.1837732860333
"Maumee",2019-03-23,2019,4.83144845720383,1.5300883466185,21.8361760653012
"Maumee",2019-03-24,2019,3.18594144124613,1.09860049698142,15.4028273760457
"Maumee",2019-03-25,2019,3.4615669879776,NA,16.1987533132665
"Maumee",2019-03-26,2019,2.27175549058342,0.646972437447705,11.3220176553348
"Maumee",2019-03-27,2019,2.01300076766199,0.50150884177046,10.7963708992252
"Maumee",2019-03-28,2019,1.79293619042879,0.676355809758048,9.54017668500826
"Maumee",2019-03-29,2019,1.83123537334474,0.930026548694396,9.61464065833362
"Maumee",2019-04-01,2019,45.5725046011942,4.7385927599722,137.024307309196
"Maumee",2019-04-02,2019,36.5778946903931,5.62736841390663,140.172631400947
"Maumee",2019-04-04,2019,13.716114156108,2.385411157584,60.0726043184904
"Maumee",2019-04-05,2019,9.23826926260224,2.16081552243917,41.4312889302467
"Maumee",2019-04-06,2019,6.01417200776717,1.37252888144064,26.726880582235
"Maumee",2019-04-07,2019,3.82935557921939,1.08305006280952,17.1353992080221
"Maumee",2019-04-08,2019,2.83941783223212,0.842775412355748,16.2616061108911
"Maumee",2019-04-09,2019,1.93749210657838,0.62458627119961,10.0188736563856
"Maumee",2019-04-10,2019,1.77309201617324,0.495084134386034,9.41811213785525
"Maumee",2019-04-11,2019,1.61710814564716,0.40427703641179,12.0190470284586
"Maumee",2019-04-12,2019,1.46272922867942,0.277598247778575,8.7763753720765
"Maumee",2019-04-13,2019,1.16377726953326,0.117445412521705,9.71593867225014
"Maumee",2019-04-14,2019,1.49760271651552,0.018603760453609,10.0832381658561
"Maumee",2019-04-15,2019,1.84842860144342,0.123228573429562,16.3781976685472
"Maumee",2019-04-16,2019,4.26034432744502,0.120860831984256,41.7574174505604
"Maumee",2019-04-17,2019,4.33337460750029,0.270835912968768,36.6832197676587
"Maumee",2019-04-18,2019,5.76716574061878,0.39532990963919,34.0681363306714
"Maumee",2019-04-19,2019,8.08625757487085,1.04068699558249,40.9456504124008
"Maumee",2019-04-20,2019,24.5538321820646,3.24866087331932,108.490163118292
"Maumee",2019-04-21,2019,71.6455944117758,6.34165429988321,245.248380871079
"Maumee",2019-04-22,2019,65.2632284151989,7.70508599791775,223.332492656064
"Maumee",2019-04-23,2019,41.1616871787201,6.55622441212301,145.83323518444
"Maumee",2019-04-24,2019,26.889895910881,4.67386452627051,109.744767058404
"Maumee",2019-04-25,2019,18.5665725053061,3.9135422437655,72.2640125941816
"Maumee",2019-04-26,2019,25.4558601202079,4.44605776072124,102.34650609974
"Maumee",2019-04-27,2019,51.2687408546267,7.48696155509272,210.805724114998
"Maumee",2019-04-28,2019,61.8188747987919,7.66774174062167,582.638309008673
"Maumee",2019-04-29,2019,56.2861219174994,6.93300333258391,189.54776304934
"Maumee",2019-04-30,2019,33.2100917044107,5.85578682334246,105.690809727601
"Maumee",2019-05-01,2019,26.8673140185892,4.4294760949566,124.461016832059
"Maumee",2019-05-02,2019,23.6090870348841,3.85592538965155,98.6305125984555
"Maumee",2019-05-03,2019,24.5826161433662,3.52239597831038,103.855064581551
"Maumee",2019-05-04,2019,26.2796465723823,4.0870961965769,112.337849664791
"Maumee",2019-05-05,2019,17.3918247910235,2.87981514396818,73.7458544710283
"Maumee",2019-05-06,2019,13.6196701480752,2.58976545770961,57.0060420630777
"Maumee",2019-05-07,2019,9.98692137975168,2.34308540063405,44.8643237367306
"Maumee",2019-05-08,2019,7.48823377437677,1.83321905679763,26.566140568847
"Maumee",2019-05-09,2019,4.48457297625792,1.28812202509536,18.9878728143686
"Maumee",2019-05-10,2019,6.05766233467713,1.40061556871148,16.4572329323598
"Maumee",2019-05-11,2019,7.37251075103962,1.56703163736672,25.9231805152952
"Maumee",2019-05-12,2019,4.95615041279568,1.23234010264109,19.4495416199441
"Maumee",2019-05-13,2019,4.63802158287421,1.02300070095872,25.600121835648
"Maumee",2019-05-14,2019,9.14163224694303,1.39389564121114,47.3459886131383
"Maumee",2019-05-15,2019,8.08450093362865,1.49772626858061,39.9715763292158
"Maumee",2019-05-16,2019,5.38407115528633,0.755659109513871,27.6996292331178
"Maumee",2019-05-17,2019,10.1627689971377,1.92557728366819,49.6371033123356
"Maumee",2019-05-18,2019,80.3396637203761,3.37696745021597,262.824552411094
"Maumee",2019-05-19,2019,73.8093349512014,5.19425930020758,224.370207674002
"Maumee",2019-05-20,2019,52.7599667079018,5.76595332651475,169.393551095019
"Maumee",2019-05-21,2019,35.5504063582386,5.49951037586012,114.04936993748
"Maumee",2019-05-22,2019,23.4616319267122,4.31027893434378,69.2583456041149
"Maumee",2019-05-23,2019,19.5077701179446,4.11880993209504,60.1527296676298
"Maumee",2019-05-24,2019,16.8369659228917,4.24346295617597,58.5415373416534
"Maumee",2019-05-25,2019,14.1120924082669,3.25663670960006,50.9832091778769
"Maumee",2019-05-26,2019,7.3641923941824,2.1040549697664,29.4830702638517
"Maumee",2019-05-27,2019,6.84209317261478,2.1652193584224,30.7172452981525
"Maumee",2019-05-28,2019,13.4958978911909,2.29175624567393,57.010973272012
"Maumee",2019-05-29,2019,32.542822883994,2.82794774238789,118.43102363576
"Maumee",2019-05-30,2019,31.4771190418073,3.22992825988694,115.513979767229
"Maumee",2019-05-31,2019,21.7705466762734,3.28342671183139,77.850523196466
"Maumee",2019-06-01,2019,15.3582311969888,2.76891187445712,47.9575536655973
"Maumee",2019-06-02,2019,43.6451570841974,4.52064093664405,131.937468985972
"Maumee",2019-06-03,2019,34.6405738441029,3.86987087026512,117.107173452437
"Maumee",2019-06-04,2019,20.3377708720066,3.20990711666688,64.8752321157595
"Maumee",2019-06-05,2019,15.837063953309,3.16283500315722,61.0926550609842
"Maumee",2019-06-06,2019,16.9355727037074,3.07994502365061,56.9789829375363
"Maumee",2019-06-07,2019,12.9071735243481,2.86788808818026,44.2258531493061
"Maumee",2019-06-08,2019,7.89167408195175,2.64597145325856,27.4872762620064
"Maumee",2019-06-09,2019,5.35813745449619,2.05233436271889,20.6557522957514
"Maumee",2019-06-10,2019,4.73844878409833,1.7295152945643,19.7704225415332
"Maumee",2019-06-11,2019,5.02912564490115,2.06132063470023,21.718372229462
"Maumee",2019-06-12,2019,5.34332099298816,1.89071358213427,24.5518749216276
"Maumee",2019-06-13,2019,5.296089852068,2.06092184288619,24.8988115669622
"Maumee",2019-06-14,2019,5.05980692553878,1.83160431693711,40.3181900265782
"Maumee",2019-06-15,2019,3.63999063194041,1.2730021882196,18.3192971148476
"Maumee",2019-06-16,2019,6.14099942586482,1.43245774944579,102.712526034335
"Maumee",2019-06-17,2019,7.99102407805,2.23137204277546,63.4276749175675
"Maumee",2019-06-18,2019,11.5055597528138,2.97112134335386,56.9680222790892
"Maumee",2019-06-19,2019,11.37027880456,2.99108539981117,44.0354239416645
"Maumee",2019-06-20,2019,10.7257871947162,2.91607339356346,47.0258732318337
"Maumee",2019-06-21,2019,27.0285922785973,4.56433133906534,87.3251316568351
"Maumee",2019-06-22,2019,34.5525705217047,5.41158045072826,132.324261706164
"Maumee",2019-06-23,2019,25.2831074208879,4.71699765315072,99.0569507161651
"Maumee",2019-06-24,2019,18.1200072261028,5.1102438959497,63.1423634326168
"Maumee",2019-06-26,2019,8.2082609576352,4.08920636798554,26.8037030543869
"Maumee",2019-06-27,2019,5.45018741284792,2.48718870030758,20.7842464434399
"Maumee",2019-06-28,2019,4.41714535420355,1.81672913761597,14.1954227713719
"Maumee",2019-06-29,2019,2.96713342521348,1.23730665099996,9.85040246427149
"Maumee",2019-06-30,2019,2.19986286815716,0.997395452935661,9.60109641610963
"Maumee",2019-07-01,2019,1.95536841856957,0.706962469841511,7.59423573754353
"Maumee",2019-07-02,2019,1.75358302276752,0.48503360204208,9.02908705339872
"Maumee",2019-07-03,2019,1.19121316770879,0.312611190420816,5.05442935248814
"Maumee",2019-07-04,2019,2.51925515046697,0.449169522951475,11.7321126483956
"Maumee",2019-07-05,2019,3.03164962236783,0.179774371137715,15.3380224829769
"Maumee",2019-07-06,2019,3.17362440131614,0.30398701162032,12.7674544880534
"Maumee",2019-07-07,2019,2.59213455836355,0.338330815850664,10.2644364439617
"Maumee",2019-07-08,2019,1.91846155461282,0.401338971022483,8.89379414410892
"Maumee",2019-07-09,2019,2.62230083484869,0.428591104190323,15.8014772887011
"Maumee",2019-07-10,2019,1.52832974811586,0.194737627178519,10.1479941274139
"Maumee",2019-07-11,2019,1.63447491750459,0.121457796417539,12.1891574261887
"Maumee",2019-07-12,2019,2.01171974070598,0.431226066053624,16.2361628125771
"Maumee",2019-07-13,2019,1.86527775946779,0.146195121765571,15.6686771680512
"Maumee",2019-07-14,2019,1.36176394903718,0.290114928273139,9.02908705339872
"Maumee",2019-07-15,2019,0.91696159061992,0.158282292330906,6.40505431490502
"Maumee",2019-07-16,2019,0.628312895071642,0.0104370912802598,6.85368994070396
"Maumee",2019-07-17,2019,1.29818479031704,0.0227751717599482,11.8279058673331
"Maumee",2019-07-18,2019,5.4193460038408,0.356692365325195,36.9414393021794
"Maumee",2019-07-19,2019,4.03643373345314,1.07534334983887,24.3432798905552
"Maumee",2019-07-20,2019,3.88379922484986,1.38992403357441,22.1269515689719
"Maumee",2019-07-21,2019,3.02386364034948,1.02080918091318,20.336787348637
"Maumee",2019-07-22,2019,4.95663174595221,1.35873080700373,31.050190589582
"Maumee",2019-07-23,2019,11.3388174740857,4.66337687242896,38.564554810199
"Maumee",2019-07-24,2019,7.11104644570072,3.35563861236644,31.9088523645242
"Maumee",2019-07-25,2019,5.26663552906681,1.68461405811901,21.155206014063
"Maumee",2019-07-26,2019,3.11571395813664,1.57437136400544,11.7802612551456
"Maumee",2019-07-27,2019,2.26490018590286,1.16978361249928,8.92685934077463
"Maumee",2019-07-28,2019,1.510405646349,0.786084723006912,6.03600769451736
"Maumee",2019-07-29,2019,1.06477332795393,0.343514701670556,4.64294959766822
"Maumee",2019-07-30,2019,1.1981076175981,0.397732446825598,6.5306685713339
"Maumee",2019-07-31,2019,1.18709802764002,0.313978826151164,8.07742788372447
"Maumee",2019-08-01,2019,0.906368163162255,0.15172682907562,6.58813863091507
"Maumee",2019-08-02,2019,0.56200286872679,0.0295790983540416,4.61138143339509
"Maumee",2019-08-03,2019,0.376012727756298,0.0141891595379735,3.63715456156721
"Maumee",2019-08-04,2019,0.350506199056527,0.00876265497641318,3.3889568121278
"Maumee",2019-08-05,2019,0.279674737997187,0.00584176998427546,2.97930269198048
"Maumee",2019-08-06,2019,0.316107346876393,0.0439943214724877,2.76349515619774
"Maumee",2019-08-07,2019,0.213453930107255,0.0244412897069376,2.42620535824201
"Maumee",2019-08-08,2019,0.376322464220452,0.0313602053517043,3.1323310992467
"Maumee",2019-08-09,2019,0.222056089727835,0.0190333791195287,1.92871575077891
"Maumee",2019-08-10,2019,0.244425129947107,0.00168569055135936,2.54033566089856
"Maumee",2019-08-11,2019,0.299495098917423,0.00154378916967744,3.11536654440907
"Maumee",2019-08-12,2019,0.206471794950373,0.00126282443394724,2.05714100290005
"Maumee",2019-08-13,2019,0.285845145057237,0.00312740858924767,2.91161739658958
"Maumee",2019-08-14,2019,0.287678726207215,0.0126917085091419,3.04812532694557
"Maumee",2019-08-15,2019,0.588562501404684,0.00375598277858765,5.86684510015391
"Maumee",2019-08-16,2019,0.923563479005405,0.0893935889524037,6.85265711883712
"Maumee",2019-08-17,2019,1.29192816267265,0.223725877538144,8.52644177728703
"Maumee",2019-08-18,2019,0.97881143634671,0.0656553227286781,6.90748707874635
"Maumee",2019-08-19,2019,1.58141206474406,0.207219511931981,11.3670808584793
"Maumee",2019-08-20,2019,5.07031252093433,1.38225401923694,29.7645365475689
"Maumee",2019-08-21,2019,5.9664696563968,1.57316764883669,28.0393998586775
"Maumee",2019-08-22,2019,3.58091537414334,0.940505231758942,19.1521065376366
"Maumee",2019-08-23,2019,7.4768617854159,2.2495344681847,24.2790664571247
"Maumee",2019-08-24,2019,4.22117220637418,1.30551717722913,18.2244923124308
"Maumee",2019-08-25,2019,2.49075482882378,0.832775170731356,11.128904554319
"Maumee",2019-08-26,2019,1.7686066276718,0.619407686293402,8.47402430397143
"Maumee",2019-08-27,2019,1.13732587335753,0.453418952833567,5.36545760853054
"Maumee",2019-08-28,2019,2.0419119508919,0.801057765349901,10.8142798322237
"Maumee",2019-08-29,2019,1.90298560507421,0.76333157042688,9.61797778737869
"Maumee",2019-08-30,2019,1.17502931512797,0.461566049402546,6.56995078830433
"Maumee",2019-08-31,2019,0.84136167226844,0.286542927975629,4.49514218261768
"Maumee",2019-09-01,2019,0.641154480798747,0.20132870170009,3.69825338199857
"Maumee",2019-09-02,2019,0.593057252135215,0.197976893201741,2.8881335008254
"Maumee",2019-09-03,2019,0.530345159788663,0.12901771485542,3.07720975218992
"Maumee",2019-09-04,2019,0.783556921152537,0.197071660249632,5.15145319892538
"Maumee",2019-09-05,2019,0.909832514135731,0.251018651044224,5.09083439661619
"Maumee",2019-09-06,2019,0.609768831061362,0.161209755892846,3.7417632815129
"Maumee",2019-09-07,2019,0.575964937122562,0.0980783204976691,3.97707589618048
"Maumee",2019-09-08,2019,0.500008112330397,0.0618885750176871,3.27751578531168
"Maumee",2019-09-09,2019,0.336036890308006,0.0540702982021225,2.19018084445881
"Maumee",2019-09-10,2019,0.348315535312424,0.037241283649756,2.81062158368453
"Maumee",2019-09-11,2019,0.233112164621293,0.00617515667870976,2.13969178917293
"Maumee",2019-09-12,2019,0.177535754512906,0.00308757833935488,5.015771012282
"Maumee",2019-09-13,2019,0.357608607867262,0.00227776183354944,3.25947718380925
"Maumee",2019-09-14,2019,0.280976479292824,-0.00334495808681933,2.44683684050834
"Maumee",2019-09-15,2019,0.249262009802024,0.024720199319209,1.90345534757909
"Maumee",2019-09-16,2019,0.257853176143149,0.0489555417334986,1.72211962629611
"Maumee",2019-09-17,2019,0.297951309747746,0.0694705126354848,2.05941475234971
"Maumee",2019-09-18,2019,0.229076782915325,0.0524937249201254,1.60397492811494
"Maumee",2019-09-19,2019,0.152681238196208,0.0288304462368922,1.55324029101257
"Maumee",2019-09-20,2019,0.161156714135004,0.0203281068985989,1.5494534813821
"Maumee",2019-09-21,2019,0.194511343406247,0.0240542414555224,1.89919170037466
"Maumee",2019-09-22,2019,0.147230806125806,0.0128112481903311,1.47329354188808
"Maumee",2019-09-23,2019,0.121443524726852,0.00464115381121728,1.25311152902867
"Maumee",2019-09-24,2019,0.0789827983592659,0.00464604696230976,0.798087622636765
"Maumee",2019-09-25,2019,0.124109884309663,0.00657052328698214,1.19510518008775
"Maumee",2019-09-26,2019,0.12723513991243,0.00664661178647021,1.32837284132455
"Maumee",2019-09-27,2019,0.153372395788021,0.00262175035535078,1.65170272387099
"Maumee",2019-09-28,2019,0.264540751759515,0.00477510382237392,2.80298594373349
"Maumee",2019-09-29,2019,0.503193309034047,0.0890125348110768,4.12182533645578
"Portage",2018-10-01,2018,0.0163247352084474,0.00878023606828846,0.097485913219104
"Portage",2018-10-02,2018,0.0124348046206212,0.00727234060844991,0.0736212259127028
"Portage",2018-10-03,2018,0.0111399457051017,0.00649629663148477,0.0634391436482031
"Portage",2018-10-04,2018,0.00887159413507572,0.00473792566037326,0.0570611046923214
"Portage",2018-10-05,2018,0.00775696489840311,0.00418962361470541,0.055019615998999
"Portage",2018-10-06,2018,0.0139482953987339,0.00572392251783899,0.0898756254994016
"Portage",2018-10-07,2018,0.134579281396723,0.053725587940535,0.787754196840026
"Portage",2018-10-08,2018,1.13161102350637,0.374373149037546,5.29762798811905
"Portage",2018-10-09,2018,0.353326249864696,0.225095030145331,1.76011808294196
"Portage",2018-10-10,2018,0.111060075430969,0.0574760781570214,0.635404832539039
"Portage",2018-10-11,2018,0.0628638289619292,0.0351785758067211,0.333767463141817
"Portage",2018-10-12,2018,0.0368990018590557,0.02296204120017,0.186092368683117
"Portage",2018-10-13,2018,0.0274153506108103,0.0184696269492864,0.152735784598011
"Portage",2018-10-14,2018,0.024897332367387,0.0165580807763758,0.12930355806279
"Portage",2018-10-15,2018,0.0213465526875344,0.0137868935866607,0.119363038434848
"Portage",2018-10-16,2018,0.0156590939316366,0.0109946829732768,0.0957314820501471
"Portage",2018-10-17,2018,0.0124155537409356,0.00821186231683927,0.0741022813829067
"Portage",2018-10-18,2018,0.00907525148738072,0.00610671128122815,0.0628482369359731
"Portage",2018-10-19,2018,0.00603268035177447,0.00376155363110644,0.0526617508354901
"Portage",2018-10-20,2018,0.00505630832250765,0.00234495458435138,0.0515890008557303
"Portage",2018-10-21,2018,0.00440030802129432,0.00198723588058453,0.0557845500764087
"Portage",2018-10-22,2018,0.00402838123780528,0.00185397091058084,0.0554360190793431
"Portage",2018-10-23,2018,0.00371497817243267,0.00147318099941295,0.0512410782404506
"Portage",2018-10-24,2018,0.00314221771102906,0.000985793791695391,0.0500290349285411
"Portage",2018-10-25,2018,0.00325450818887484,0.00153849478019538,0.0506519819941247
"Portage",2018-10-26,2018,0.00278112517958395,0.00118345752322721,0.043314545350116
"Portage",2018-10-27,2018,0.00338866615895291,0.00110901801565731,0.0426355814908256
"Portage",2018-10-28,2018,0.00802482650948031,0.00355645720306514,0.0616452581864624
"Portage",2018-10-29,2018,0.0246095325520007,0.0131676979369147,0.155327698964576
"Portage",2018-10-30,2018,0.274045428633348,0.132214899779247,1.38585254041338
"Portage",2018-10-31,2018,0.184114449362212,0.109974402639174,0.717304952045397
"Portage",2018-11-01,2018,0.182676180995844,0.0707695892025885,0.825180382475502
"Portage",2018-11-02,2018,4.89177318113236,1.56214435805555,17.0016410083883
"Portage",2018-11-03,2018,5.42090956949614,2.31936030514201,19.5377198724939
"Portage",2018-11-04,2018,2.23727926545164,1.05132073037228,8.89468901309517
"Portage",2018-11-05,2018,0.605702377845956,0.261369753349285,2.69959714344192
"Portage",2018-11-06,2018,0.261767093528498,0.111052706345424,1.19910481732499
"Portage",2018-11-07,2018,0.159223430138365,0.0796117150691824,0.871845367464948
"Portage",2018-11-08,2018,0.100661512822411,0.054371912035463,0.65613672226579
"Portage",2018-11-09,2018,0.0713237936117616,0.0341113795534512,0.400033451126837
"Portage",2018-11-10,2018,0.0633235405070677,0.0321724439673005,0.380451916756173
"Portage",2018-11-11,2018,0.083958545842187,NA,0.58922258748706
"Portage",2018-11-12,2018,0.0623679918259584,NA,0.491354387052554
"Portage",2018-11-13,2018,0.0462524030523432,0.0226283772271738,0.279234174983324
"Portage",2018-11-14,2018,0.035698441304815,0.0179831376347943,0.217328131416237
"Portage",2018-11-15,2018,0.0324338018466032,0.0158292459211509,0.230977772114754
"Portage",2018-11-16,2018,0.0329962108468706,0.0189933042120813,0.267023512158084
"Portage",2018-11-17,2018,0.154352848705299,0.0646695729753426,0.955401427164024
"Portage",2018-11-18,2018,0.177541636080519,0.0833311460091092,0.998816375081406
"Portage",2018-11-19,2018,0.262147526239636,0.0992983053938017,1.54141523295917
"Portage",2018-11-20,2018,0.241676798666145,0.100825971630629,1.3779549456186
"Portage",2018-11-21,2018,0.14365589195682,0.0641612235083448,1.32454864801973
"Portage",2018-11-22,2018,0.0872379601701226,0.0464201989896065,0.628273382876571
"Portage",2018-11-23,2018,0.0589092674325555,0.0241927176314396,0.362285946530808
"Portage",2018-11-24,2018,0.0586889386251633,0.0283605324717258,0.361741485608748
"Portage",2018-11-25,2018,0.199303433802639,0.0878126852316898,1.12274790403375
"Portage",2018-11-26,2018,2.09383099370146,0.423519733661386,7.44383340835296
"Portage",2018-11-27,2018,7.10849850037435,1.58688412997913,24.0167025051812
"Portage",2018-11-28,2018,2.39305330814441,0.646816808058792,7.60980819089534
"Portage",2018-11-29,2018,0.760054602674491,0.247432105855091,3.49246273814602
"Portage",2018-11-30,2018,0.257800925444733,0.105764482233737,1.43310873426713
"Portage",2018-12-01,2018,0.141763248026579,0.062212648414542,0.870977077803588
"Portage",2018-12-02,2018,3.87487264931185,0.836859973263359,12.9326511834564
"Portage",2018-12-03,2018,2.55283135436226,0.620703249985783,8.54728560701968
"Portage",2018-12-04,2018,0.951301455863634,0.257292465881836,3.69874936402618
"Portage",2018-12-05,2018,0.393781391238982,0.127590064626923,1.87539916910532
"Portage",2018-12-06,2018,0.189277890781314,0.0864120451972228,1.21213608605419
"Portage",2018-12-07,2018,0.107203557970035,0.0529507452321631,0.697908183059985
"Portage",2018-12-08,2018,0.0729863689173601,0.0436225398524811,0.429714571681157
"Portage",2018-12-09,2018,0.0472808308695073,0.0302207372567985,0.340227009762022
"Portage",2018-12-10,2018,0.0403665210391273,0.0252566082893048,0.254181331097597
"Portage",2018-12-11,2018,0.0333919640140793,0.0219994115857464,0.205065943709993
"Portage",2018-12-12,2018,0.0306309301128811,0.0205498645061101,0.173704515070516
"Portage",2018-12-13,2018,0.0274012302000451,0.0190768058354745,0.146717979425558
"Portage",2018-12-14,2018,0.0221928378484321,0.0152005738687891,0.132244992658465
"Portage",2018-12-15,2018,0.0222742843483664,0.0144917030700215,0.124789665325186
"Portage",2018-12-16,2018,0.0215487279043735,0.0144567415054658,0.143203571516406
"Portage",2018-12-17,2018,0.0268274837686964,0.0146221870991543,0.17897073631279
"Portage",2018-12-18,2018,0.0361206297208008,0.016856293869707,0.204683568417871
"Portage",2018-12-19,2018,0.0331186081282979,0.0159459965062175,0.170499501104941
"Portage",2018-12-20,2018,0.0286761651829463,0.0141518737266488,0.159394788289623
"Portage",2018-12-21,2018,1.18433437590299,0.286705380591899,4.15588827381342
"Portage",2018-12-22,2018,5.44546258615303,1.35577864662086,14.8092744477048
"Portage",2018-12-23,2018,1.11217409811196,0.378083998613745,3.85535289097373
"Portage",2018-12-24,2018,0.417894626970651,0.171606919060191,1.71606919060191
"Portage",2018-12-25,2018,0.186130378680803,0.0822675706876477,0.851469356617154
"Portage",2018-12-26,2018,0.097940431499883,0.0519381076135743,0.488218211567599
"Portage",2018-12-27,2018,0.0677396093680309,0.0362890764471594,0.321158326557361
"Portage",2018-12-28,2018,0.0962755613064222,0.0449285952763303,0.470680521942508
"Portage",2018-12-29,2018,0.2460435641367,0.0981624582307043,0.996922627745595
"Portage",2018-12-30,2018,0.169851941489362,0.0694422302221703,0.774187026125547
"Portage",2018-12-31,2018,0.0986824044657912,0.0511961346476661,0.540156319181173
"Portage",2019-01-01,2019,8.81000477624734,2.04145321797698,24.6789011239884
"Portage",2019-01-02,2019,6.17059993175489,1.12545533346473,15.787421712188
"Portage",2019-01-03,2019,1.25624657093362,0.298429615267036,3.89948030615594
"Portage",2019-01-04,2019,0.463269918010214,0.142158639100607,1.69921385089667
"Portage",2019-01-05,2019,0.15859779183968,0.0758004152174942,0.893278739332317
"Portage",2019-01-07,2019,0.0881376393957414,0.0394703341641798,0.542621292975521
"Portage",2019-01-08,2019,0.0611854781372086,0.0255980061594444,0.318414222958943
"Portage",2019-01-09,2019,0.0797706446166661,0.0289433312325957,0.415795660878021
"Portage",2019-01-10,2019,0.0675008969919843,0.0290190772115073,0.336242785950726
"Portage",2019-01-11,2019,0.0551527610868009,0.0229803171195004,0.287509300850638
"Portage",2019-01-12,2019,0.0388428120023247,0.0183992267379433,0.231830256898086
"Portage",2019-01-13,2019,0.0245964025965692,0.0117261919355737,0.137568251731974
"Portage",2019-01-14,2019,0.0301247537486519,0.0158943465780191,0.20041777638221
"Portage",2019-01-15,2019,0.016153270386495,0.0103842452484611,0.104996257512217
"Portage",2019-01-16,2019,0.0397790650857843,0.0157940886305515,0.163817756493627
"Portage",2019-01-17,2019,0.0194598906345047,0.0128760824423065,0.119771861208625
"Portage",2019-01-18,2019,0.0224968493258079,0.013984527959286,0.170246427330438
"Portage",2019-01-19,2019,0.0221717287946192,0.0135624936775596,0.191938769219376
"Portage",2019-01-20,2019,0.0232916047125507,0.0129218334050212,0.180582621835171
"Portage",2019-01-21,2019,0.0321066800166176,0.0191443557863061,0.333231442905391
"Portage",2019-01-22,2019,0.0157027090338994,0.00633173751366912,0.190711933911714
"Portage",2019-01-23,2019,0.151623891856087,0.00558000271133142,1.08302779897205
"Portage",2019-01-24,2019,4.6952696211614,0.115317190822376,22.1520603660403
"Portage",2019-01-25,2019,4.86426306608763,0.198352442548089,21.7460394513555
"Portage",2019-01-26,2019,1.10296743860542,0.0671262039470776,6.66647112949415
"Portage",2019-01-27,2019,0.383491233946303,0.155115849988027,1.68384796191822
"Portage",2019-01-28,2019,0.176210795759019,0.0729225491787112,0.887411329236317
"Portage",2019-01-29,2019,0.118611983780512,0.0295765049839626,0.75675057579656
"Portage",2019-01-30,2019,0.0581096727193822,0.0230809447717172,0.340330793496693
"Portage",2019-01-31,2019,0.245844143763926,0.122316544434269,0.911924336227766
"Portage",2019-02-02,2019,0.0533143357172409,0.0280870542571671,0.606169698241044
"Portage",2019-02-03,2019,0.050570618677759,0.0300791783956931,0.550824954371129
"Portage",2019-02-04,2019,0.253883422195158,0.135882377687449,1.6309823942137
"Portage",2019-02-05,2019,2.350762102278,1.07511157758212,7.92314525309656
"Portage",2019-02-06,2019,2.53247111662099,0.940396440699653,8.8553998165884
"Portage",2019-02-07,2019,5.87761877906494,1.38841388481849,19.7257617117175
"Portage",2019-02-08,2019,4.21314597063718,1.22091165894949,22.4667760191935
"Portage",2019-02-09,2019,0.961800714628524,0.307080951056095,4.2701634137423
"Portage",2019-02-10,2019,0.371041628766915,0.137722875306497,2.04639990014242
"Portage",2019-02-11,2019,0.212208813443428,0.0909466343328977,1.17167612023681
"Portage",2019-02-12,2019,0.141911559436192,0.0627290226493314,1.04479814773313
"Portage",2019-02-13,2019,2.08577562523022,0.687357876496323,7.15461671446666
"Portage",2019-02-14,2019,0.801457046479047,0.277815993002191,2.92127725975031
"Portage",2019-02-15,2019,0.839142138932891,0.303023550170211,4.2811788754817
"Portage",2019-02-16,2019,0.857572192522717,0.305185833637978,3.56457053689158
"Portage",2019-02-17,2019,0.309342663354061,0.12790129350216,1.69543575107514
"Portage",2019-02-18,2019,0.156559386647071,0.0643071889238508,0.821515921330869
"Portage",2019-02-19,2019,0.0781309496855761,0.0404361932583245,0.483178241476589
"Portage",2019-02-20,2019,0.0551370051402831,0.0278361579349002,0.346881352727218
"Portage",2019-02-21,2019,0.31105083793469,0.123167781464072,1.88718092277155
"Portage",2019-02-22,2019,0.833910198291646,0.282173772200765,3.57367565128008
"Portage",2019-02-23,2019,0.473564649175877,0.157187420550978,1.94632067230001
"Portage",2019-02-24,2019,2.26190472113282,0.316528035541569,7.53429141533618
"Portage",2019-02-25,2019,4.08368789936761,0.493386156588598,14.730227195672
"Portage",2019-02-26,2019,0.699853871194644,0.12760868306683,2.8432809695828
"Portage",2019-02-27,2019,0.24608028723565,0.0612417004432612,1.23262840710346
"Portage",2019-02-28,2019,0.137208849784232,0.0539688142484645,0.678726443599333
"Portage",2019-03-01,2019,0.0790679391882751,0.0356453824209437,0.472463341543054
"Portage",2019-03-02,2019,0.0614229427597266,0.0281088043137732,0.293060311641747
"Portage",2019-03-03,2019,0.0496241364619405,0.0238757637694242,0.238757637694242
"Portage",2019-03-04,2019,0.0356315913464313,0.0201106280798764,0.192469814752191
"Portage",2019-03-05,2019,0.0190780653325657,0.0107455506319787,0.0931281054771486
"Portage",2019-03-06,2019,0.0520626480951801,0.0312463906572932,0.225326084739917
"Portage",2019-03-07,2019,0.0365152868221648,0.0233566249042676,0.151982545151713
"Portage",2019-03-08,2019,0.034415153712999,0.0222126306446012,0.147988045723122
"Portage",2019-03-09,2019,0.0332820785199955,0.0195776932470562,0.156621545976449
"Portage",2019-03-10,2019,1.00307840020625,0.238001376727144,3.66318844962597
"Portage",2019-03-11,2019,3.37034866618752,0.696121204281012,NA
"Portage",2019-03-12,2019,0.936772320187756,0.215428389970337,4.33488710496873
"Portage",2019-03-13,2019,0.335568387401404,0.101827648590771,1.52162906700982
"Portage",2019-03-14,2019,0.381006249610562,0.0915353823499708,1.99500192301218
"Portage",2019-03-15,2019,4.15458180247172,0.351091419927188,15.6018958768878
"Portage",2019-03-16,2019,2.12622094421533,0.279019871275977,9.294196674749
"Portage",2019-03-17,2019,0.637664758836857,0.122441332020005,2.90586012724704
"Portage",2019-03-18,2019,0.257439193813387,0.0674004188527175,1.39007029257898
"Portage",2019-03-19,2019,0.130266371170379,0.0433081548947892,0.83311213758134
"Portage",2019-03-20,2019,0.0934724854510374,0.0384005200750755,0.605978938745703
"Portage",2019-03-21,2019,0.137415595204191,0.0438560410226142,0.930722648368812
"Portage",2019-03-22,2019,0.822273245199121,0.110651584847783,3.8332145356443
"Portage",2019-03-23,2019,0.352047468865036,0.0700999614755826,1.79983927061333
"Portage",2019-03-24,2019,0.136164162025987,0.0403045919596922,0.885611709817021
"Portage",2019-03-25,2019,0.0871180121826588,0.0307615881207194,0.553409929977603
"Portage",2019-03-26,2019,0.0592972111306206,0.0241581230532158,0.417276670919182
"Portage",2019-03-27,2019,0.039019650482807,0.0157243367617282,0.336617283269588
"Portage",2019-03-28,2019,0.0305141795278145,0.0116971021523289,0.281747590973488
"Portage",2019-03-29,2019,0.0284799008926269,0.00915425385834436,0.37176442058054
"Portage",2019-03-30,2019,0.322820352606749,0.0437582575144699,1.9765522356536
"Portage",2019-03-31,2019,4.53956177328845,0.553298387880032,17.6615360403978
"Portage",2019-04-01,2019,3.7363433011528,0.522294947611315,14.4340400028139
"Portage",2019-04-02,2019,0.739404061584653,0.0500080041651456,3.92205632666642
"Portage",2019-04-03,2019,0.31917195676452,0.015504536414654,2.44307195219476
"Portage",2019-04-04,2019,0.150427257076968,0.0350510113577401,0.943456389045839
"Portage",2019-04-05,2019,0.082577111425758,0.0159620705075563,0.649124200640624
"Portage",2019-04-06,2019,0.0570556096836446,0.0158978478994675,0.617366426762655
"Portage",2019-04-07,2019,0.044132198237396,0.0103492592181498,0.414709601527289
"Portage",2019-04-08,2019,0.0357934489011604,0.00954802475567714,0.378893567743578
"Portage",2019-04-09,2019,0.0324197438235145,0.00992441137454525,0.342061378709326
"Portage",2019-04-10,2019,0.0287998640425642,0.00575997280851283,0.316798504468206
"Portage",2019-04-11,2019,0.0234885197919654,0.00287614528064882,0.262208578085817
"Portage",2019-04-12,2019,0.0215644104536249,0.00396081008331886,0.297500846258172
"Portage",2019-04-13,2019,0.0267573159820302,0.00257281884442598,0.381806316512816
"Portage",2019-04-14,2019,0.030538596351766,0.000526527523306311,0.355932605755066
"Portage",2019-04-15,2019,0.129146783948362,0.0116698901158159,1.23778634495087
"Portage",2019-04-16,2019,0.201523253387527,0.0264292791327904,1.77406536178855
"Portage",2019-04-17,2019,0.0814533503458591,0.0135755583909765,0.911825005260589
"Portage",2019-04-18,2019,0.0423942610652467,0.00529928263315584,0.58557073096372
"Portage",2019-04-19,2019,2.25351157246115,0.25228706998092,11.7360909922703
"Portage",2019-04-20,2019,6.11637840799984,0.959101978695985,28.6216222063486
"Portage",2019-04-21,2019,7.34928633364104,1.04783807765451,28.8684196990504
"Portage",2019-04-22,2019,2.28415381798594,0.473170463040306,8.94938954915801
"Portage",2019-04-23,2019,0.613242723679468,0.15256282393977,2.955530785343
"Portage",2019-04-24,2019,0.252371069074675,0.0948628841202677,1.4999074885431
"Portage",2019-04-25,2019,0.130627463701824,0.0580566505341441,0.844240459850679
"Portage",2019-04-26,2019,4.6287085761655,0.583751468261205,15.4941958108764
"Portage",2019-04-27,2019,11.2129596474691,1.73863868691094,30.1112062443272
"Portage",2019-04-28,2019,4.45113697388401,0.835303339572063,17.3354049239956
"Portage",2019-04-29,2019,2.843425187056,0.515296110498705,16.5665043359816
"Portage",2019-04-30,2019,0.762273083982555,0.203631418604211,4.18789143921867
"Portage",2019-05-01,2019,1.04704363923522,0.25256659939233,5.2418646856338
"Portage",2019-05-02,2019,1.10178251313686,0.185973993571887,5.76065784966578
"Portage",2019-05-03,2019,1.20202703162317,0.21772565101099,6.31857983038144
"Portage",2019-05-04,2019,0.669991092406016,0.149718679867266,4.56982243322132
"Portage",2019-05-05,2019,0.374722888235169,0.110424425745149,2.73420480268967
"Portage",2019-05-06,2019,0.225481547761694,0.0823941836905829,1.56258828647
"Portage",2019-05-07,2019,0.124029636631746,0.0562727055088477,0.797005257615109
"Portage",2019-05-08,2019,0.0877120820452284,0.0451586957064542,0.620063629507852
"Portage",2019-05-09,2019,0.0724517383358446,0.0295434272825774,0.559918288498372
"Portage",2019-05-10,2019,0.304131359577548,0.0843964522827696,1.71454053961843
"Portage",2019-05-11,2019,0.292775958398885,0.0772398885223189,1.68824327770211
"Portage",2019-05-12,2019,0.114634786534184,0.0388939454312412,0.78402005790344
"Portage",2019-05-13,2019,0.207692526867573,0.0465019798548655,1.30205543593623
"Portage",2019-05-14,2019,0.926740417157378,0.150424380991493,4.16665016158953
"Portage",2019-05-15,2019,0.416796469303843,0.0843399914356013,1.99081607691012
"Portage",2019-05-16,2019,0.139648183466855,0.041343212210582,0.904956978387184
"Portage",2019-05-17,2019,0.0777643450194253,0.0268442183454327,0.56960075801715
"Portage",2019-05-18,2019,0.0625879628896374,0.020097052304012,0.474433984748284
"Portage",2019-05-19,2019,0.0452772518642739,0.0121850961107819,0.427761005573239
"Portage",2019-05-20,2019,0.227817717797616,0.0610839192571745,1.42191797844807
"Portage",2019-05-21,2019,0.546733182360921,0.120519676053254,3.08024321227819
"Portage",2019-05-22,2019,0.239430264922868,0.0665432828574305,1.67362634054632
"Portage",2019-05-23,2019,0.12920538187927,0.0464433435942739,0.803469844180939
"Portage",2019-05-24,2019,0.0876384450144377,0.0354971199428415,0.602662214140687
"Portage",2019-05-25,2019,0.0715714066296455,0.035272646636474,0.490610448670957
"Portage",2019-05-26,2019,0.0695833120010442,0.0282181173091792,0.597711030276251
"Portage",2019-05-27,2019,0.0951936274257452,0.0387151116324801,0.674952424122135
"Portage",2019-05-28,2019,1.56845181330692,0.239572592008695,6.17648088772416
"Portage",2019-05-29,2019,2.83060784281493,0.395394805055555,10.7673075389963
"Portage",2019-05-30,2019,0.759438799609502,0.169259087302998,3.53662408733105
"Portage",2019-05-31,2019,0.270696653888676,0.104431196424058,1.62555401802185
"Portage",2019-06-01,2019,0.435605919480064,0.0841437883096706,1.99744408248956
"Portage",2019-06-02,2019,10.5428861543987,1.23348368641975,40.1222134535431
"Portage",2019-06-03,2019,12.433637359428,2.16380438145523,41.0573643547191
"Portage",2019-06-04,2019,5.72193253445406,1.8372463648043,23.9153425113509
"Portage",2019-06-05,2019,0.84682096094232,0.348890235908236,3.72939951198998
"Portage",2019-06-06,2019,4.52425534425102,0.656135460920175,15.9533297086548
"Portage",2019-06-07,2019,2.88291685128131,0.606120191784865,8.75643688233364
"Portage",2019-06-08,2019,0.63188367208138,0.239925755188795,2.36362501398862
"Portage",2019-06-09,2019,0.29680445299469,0.136035374289233,1.21607380046436
"Portage",2019-06-10,2019,0.180330276596497,0.0985342316954591,0.803748780977383
"Portage",2019-06-11,2019,0.126254356707453,0.0722417976882218,0.533374020314908
"Portage",2019-06-12,2019,0.0771845653327795,0.0442524841241269,0.370485913597342
"Portage",2019-06-13,2019,0.0597862571165585,0.0296811205543198,0.34430099843011
"Portage",2019-06-14,2019,0.0754773449166132,0.0353962720988255,0.433604333210613
"Portage",2019-06-15,2019,0.516322245059057,0.139773625511549,1.84684495348047
"Portage",2019-06-16,2019,0.216184308416859,0.0691789786933949,1.01390440647507
"Portage",2019-06-17,2019,1.29262956869758,0.2521043869033,6.04218108422484
"Portage",2019-06-18,2019,0.307057463930851,0.106446587496028,1.43702893119638
"Portage",2019-06-19,2019,0.14906652068966,0.0655533494599109,0.681575236165375
"Portage",2019-06-20,2019,0.242500262170347,0.0687861320579351,1.20434024433639
"Portage",2019-06-21,2019,6.35985703942062,1.14130074309499,19.4600046992935
"Portage",2019-06-22,2019,6.64154456152761,1.61281709679661,20.0152413866501
"Portage",2019-06-23,2019,1.17614960207059,0.398530030453672,5.55511981473838
"Portage",2019-06-24,2019,0.456169038309196,0.182238384651161,2.3117913323358
"Portage",2019-07-01,2019,0.0160555199071205,0.0068114326878693,0.323299787220654
"Portage",2019-07-02,2019,0.0121372851314573,0.00455148192429649,0.120722639611102
"Portage",2019-07-03,2019,0.0136286392940277,0.00574958220216795,0.118611751355835
"Portage",2019-07-04,2019,0.574418367012014,0.201520923703923,2.42494984091369
"Portage",2019-07-05,2019,0.87861046962354,0.2625300118995,3.83263727973625
"Portage",2019-07-06,2019,0.999379760265317,0.398870422509421,5.04868584513305
"Portage",2019-07-07,2019,0.303507580676279,0.131687173433923,1.94019102192646
"Portage",2019-07-08,2019,0.213336306910244,0.0976184213817387,1.05807687126833
"Portage",2019-07-09,2019,0.0814374965363194,0.0505304948388006,0.452321516906545
"Portage",2019-07-10,2019,0.0460553167126403,0.0302649224111636,0.276002933727894
"Portage",2019-07-11,2019,0.407570823011851,0.15109032798151,2.11060131001332
"Portage",2019-07-12,2019,0.323580069361807,0.176860108210056,1.68273009708539
"Portage",2019-07-13,2019,0.10589111698401,0.0659003228038786,0.581274642167545
"Portage",2019-07-14,2019,0.0513541100306869,0.0323464199543937,0.322463794803079
"Portage",2019-07-15,2019,0.0375973772836767,0.0264128028056951,0.235564345543952
"Portage",2019-07-16,2019,0.0257264024441111,0.0161051462455004,0.148711155591569
"Portage",2019-07-17,2019,0.0529124073933535,0.0294399860684824,0.225971784958081
"Portage",2019-07-18,2019,0.485291128584077,0.233945125731766,2.38778702709695
"Portage",2019-07-19,2019,0.325124739298681,0.209659878613168,1.86414979027795
"Portage",2019-07-20,2019,0.450250759829963,0.202217885116615,2.38079963180265
"Portage",2019-07-21,2019,0.137808358656082,0.0997675096520596,0.797422325348477
"Portage",2019-07-22,2019,0.769859394854141,0.384267167827368,3.31596064651031
"Portage",2019-07-23,2019,2.22659470305487,0.854623640838777,9.72384490345659
"Portage",2019-07-24,2019,0.443797916826755,0.219181828310357,2.46534271347434
"Portage",2019-07-25,2019,0.171397443261922,0.155475276401525,1.03775064007765
"Portage",2019-07-26,2019,0.0746876392617979,0.0494684363941778,0.418056785997856
"Portage",2019-07-27,2019,0.0421804303625054,0.026930582462215,0.24172631246205
"Portage",2019-07-28,2019,0.0291525134417992,0.018776195098108,0.167256369492356
"Portage",2019-07-29,2019,0.0224359581380879,0.0144770249759527,0.146279702600622
"Portage",2019-07-30,2019,0.0155535413228452,0.0104855334760754,0.115340868236829
"Portage",2019-07-31,2019,0.0131602326193979,0.00765129803453366,0.103139497505514
"Portage",2019-08-01,2019,0.0111030687165507,0.00663476057452422,0.0930220513203702
"Portage",2019-08-02,2019,0.00962937882942417,0.00498871433331613,0.0827198446431257
"Portage",2019-08-03,2019,0.00851355444059721,0.00456083273603422,0.0732773792922832
"Portage",2019-08-04,2019,0.00842492968801021,0.00439561548939663,0.0787547775183564
"Portage",2019-08-05,2019,0.00740014139662863,0.0042567185024855,0.0613949784012331
"Portage",2019-08-06,2019,0.00971614173802048,0.00494506742557121,0.0771979970325284
"Portage",2019-08-07,2019,0.0933962305844122,0.0405908657643578,0.548162884450776
"Portage",2019-08-08,2019,0.0454166848958872,0.0261611417926491,0.276223947576439
"Portage",2019-08-09,2019,0.0210825280408864,0.0132214899779247,0.0993048866820211
"Portage",2019-08-10,2019,0.0212699670438954,0.0118907339273605,0.0885692985056667
"Portage",2019-08-11,2019,0.0143526049746005,0.00978182495171038,0.0627815310537048
"Portage",2019-08-12,2019,0.0114853661260177,0.00767605737906161,0.0542806914662214
"Portage",2019-08-13,2019,0.00978572968628218,0.00635342151273544,0.0544787637758695
"Portage",2019-08-14,2019,0.0174024918604051,0.0117176778526728,0.0794713794958501
"Portage",2019-08-15,2019,0.0169384254107943,0.0110215781782566,0.0737865654881177
"Portage",2019-08-16,2019,0.0166164952141179,0.0151328795700002,0.0677517810813735
"Portage",2019-08-17,2019,0.0201465709930679,0.0141025996951475,0.0627290960465978
"Portage",2019-08-18,2019,0.0174294335503203,0.0117381899420525,0.0650935987695636
"Portage",2019-08-19,2019,0.164770923406258,0.0798212555657826,0.751064249261457
"Portage",2019-08-20,2019,0.633368836407818,0.225520587495843,3.13435392790833
"Portage",2019-08-21,2019,1.76837927556154,0.519339545515846,6.30706942640905
"Portage",2019-08-22,2019,2.03150132068539,0.801866630409661,8.03454485123343
"Portage",2019-08-23,2019,4.65582986375471,1.42309739606343,15.062288281107
"Portage",2019-08-24,2019,1.07919506711858,0.476168924865389,5.05611430906684
"Portage",2019-08-25,2019,0.329266654690234,0.225774835626609,1.79498005964012
"Portage",2019-08-26,2019,0.146187834232544,0.0971090633819325,0.75715112914499
"Portage",2019-08-27,2019,0.0762146644958325,0.0507183918407519,0.349088751048058
"Portage",2019-08-28,2019,0.0583373657191686,0.0406734621547988,0.310667777601416
"Portage",2019-08-29,2019,0.042511023883191,0.029297742166224,0.196294872513701
"Portage",2019-08-30,2019,0.0315243142996195,0.0218982212211539,0.17199227917448
"Portage",2019-08-31,2019,0.0238098779792791,0.016212585164038,0.137618455462183
"Portage",2019-09-01,2019,0.0174866344865914,0.0112414078842373,0.101484932288254
"Portage",2019-09-02,2019,0.0156189304581544,0.00951023794004892,0.103455286797569
"Portage",2019-09-03,2019,0.0167496084964377,0.01036439862763,0.128074354469999
"Portage",2019-09-04,2019,0.0129547378888577,0.00795466361596524,0.102436586564777
"Portage",2019-09-05,2019,0.0115256901764082,0.00732930422689302,0.0800474991054787
"Portage",2019-09-06,2019,0.0111505450043406,0.00704681282802196,0.0858053091412086
"Portage",2019-09-07,2019,0.00828005718498494,0.00497300731830927,0.0803140681906948
"Portage",2019-09-08,2019,0.00681450093826185,0.00347789521569983,0.065427903745353
"Portage",2019-09-09,2019,0.00613339844573402,0.00309905196314156,0.0626280940683224
"Portage",2019-09-10,2019,0.00535910874498805,0.00253852519499434,0.0537791263532134
"Portage",2019-09-11,2019,0.0054244665641303,0.00275669612275474,0.052288300650961
"Portage",2019-09-12,2019,0.00664325508482077,0.00362359368262951,0.0536636969189418
"Portage",2019-09-13,2019,0.0103696734445076,0.00685736469717441,0.0522664992162684
"Portage",2019-09-14,2019,0.0251056303841881,0.0264269793517769,0.0983670898093918
"Portage",2019-09-15,2019,0.0372244512099979,0.022082301565253,0.249530007687359
"Portage",2019-09-16,2019,0.0330651488215622,0.0204272674210132,0.203159904778637
"Portage",2019-09-17,2019,0.0168789491592652,0.010350299012757,0.132802298102143
"Portage",2019-09-18,2019,0.0106919657343649,0.0058432835990134,0.114379168321113
"Portage",2019-09-19,2019,0.0077846975661924,0.00446322660461698,0.0931049828916611
"Portage",2019-09-20,2019,0.00586909497102623,0.00320132452965067,0.0740750925888614
"Portage",2019-09-21,2019,0.00493958220319654,0.000485860544576709,0.071016616265629
"Portage",2019-09-22,2019,0.0045277256757425,0.000949361835236331,0.0709830541422857
"Portage",2019-09-23,2019,0.0610894255812632,0.0386377563505425,0.312756973702365
"Portage",2019-09-24,2019,0.121887963116381,0.101216905044012,0.20172101498208
"Portage",2019-09-25,2019,0.0481796293279295,0.0374008982383927,0.126228031554575
"Portage",2019-09-26,2019,0.0298987923806688,0.0229055155187496,0.111081615082078
"Portage",2019-09-27,2019,0.0206199735749632,0.0150120309708937,0.0720404934522772
"Portage",2019-09-28,2019,0.0165649996920206,0.0147532028507059,0.070314972651025
"Portage",2019-09-29,2019,0.0179392754284013,0.0179392754284013,0.102466708802902
"Raisin",2018-10-01,2018,0.0490660725798432,0.0215787963178368,0.30826851882624
"Raisin",2018-10-02,2018,0.041867024035032,0.0176520425661216,0.253465226590464
"Raisin",2018-10-03,2018,0.0426995936934175,0.0192594427000013,0.265874257760993
"Raisin",2018-10-04,2018,0.037677263412096,0.01712602882368,0.225207279031392
"Raisin",2018-10-05,2018,0.0361833843835619,0.0134439326265888,0.209725348974785
"Raisin",2018-10-06,2018,0.0551947443231744,0.0193768783262208,0.357591481838438
"Raisin",2018-10-07,2018,0.284597900416368,0.0914162952852576,1.70241289521791
"Raisin",2018-10-08,2018,0.365449882492961,0.136127463392794,2.10735784675382
"Raisin",2018-10-10,2018,0.381047290915351,0.135090115361188,2.38271013818095
"Raisin",2018-10-11,2018,0.225659895507446,0.0852142262755392,1.7500477211032
"Raisin",2018-10-12,2018,0.1679190000133,0.0720834553188691,1.16751563696791
"Raisin",2018-10-13,2018,0.128172912319304,0.0624757531487846,0.921517358944574
"Raisin",2018-10-14,2018,0.100899222102484,0.0485009136286618,0.754362424474364
"Raisin",2018-10-15,2018,0.0887813334219571,0.0394583704097587,0.702852222923827
"Raisin",2018-10-16,2018,0.0495725137179149,0.0127686777758266,0.480703163325235
"Raisin",2018-10-17,2018,0.0650740163788915,0.0335865890987827,0.821471991707727
"Raisin",2018-10-18,2018,0.0554883333887232,0.0317076190792704,0.365958770206579
"Raisin",2018-10-19,2018,0.0519603714510451,0.0266138487919987,0.34661369736246
"Raisin",2018-10-20,2018,0.0497413274306054,0.0214931661737184,0.334679301847901
"Raisin",2018-10-21,2018,0.0407208033916186,0.0200814920835379,0.27890961227136
"Raisin",2018-10-22,2018,0.0401629841670758,0.0211971305326234,0.254923385616023
"Raisin",2018-10-23,2018,0.0415761262025841,0.0157119081579533,0.304569296600325
"Raisin",2018-10-24,2018,0.0408509612106785,0.0145032998381107,0.295504734201506
"Raisin",2018-10-25,2018,0.0344600165687904,0.015413425941312,0.244412897069376
"Raisin",2018-10-26,2018,0.0322517374807542,0.013089179172384,0.238746628104284
"Raisin",2018-10-27,2018,0.0281106637111883,0.012416370897168,0.21952143746193
"Raisin",2018-10-28,2018,0.0293197613461402,0.00680637316963968,0.254453643111145
"Raisin",2018-10-29,2018,0.0346239371303885,0.0136225326414643,0.278126708096563
"Raisin",2018-10-31,2018,0.056567273204615,0.0691377783611962,0.456129758538801
"Raisin",2018-11-01,2018,0.234088348264243,0.164879619212206,1.80146250620744
"Raisin",2018-11-02,2018,2.87585169158327,0.244902212178624,13.0078060697161
"Raisin",2018-11-03,2018,1.99346975507635,0.10275617294208,8.42600618125056
"Raisin",2018-11-04,2018,1.96190893052986,0.191566865270592,7.15403155476038
"Raisin",2018-11-05,2018,2.1294993554473,0.795430641593549,9.05663549404938
"Raisin",2018-11-07,2018,0.728570625065902,0.354166276073702,4.34658611544998
"Raisin",2018-11-08,2018,0.4312089400248,0.189731933610912,3.27373827266828
"Raisin",2018-11-09,2018,0.332484723582924,0.151394094801331,2.99585622212634
"Raisin",2018-11-10,2018,0.282410661878029,0.0986703917798592,2.52542867609532
"Raisin",2018-11-11,2018,0.228393209707706,0.0654630218907437,1.99056077675187
"Raisin",2018-11-12,2018,0.175093338145094,0.080054398448519,1.58056120013743
"Raisin",2018-11-13,2018,0.126227640102488,0.0576217472650445,1.31089475027976
"Raisin",2018-11-14,2018,0.109160084434363,0.046240277823936,1.26995620166453
"Raisin",2018-11-15,2018,0.0927660710141182,0.0433631049815578,1.0809802598974
"Raisin",2018-11-16,2018,0.085742686593527,0.050521785029856,0.994557425302022
"Raisin",2018-11-17,2018,0.0857375487848799,0.0204484784154739,1.10129662323338
"Raisin",2018-11-18,2018,0.0885765550487368,0.0334251151127309,0.9495771338844
"Raisin",2018-11-19,2018,0.0843760294933974,0.0252119610040032,0.983266479156125
"Raisin",2018-11-20,2018,0.0908183522217565,0.0228363361486042,1.1101972650706
"Raisin",2018-11-21,2018,0.0996632121365234,0.0399378992168218,1.10736902373915
"Raisin",2018-11-22,2018,0.0952559509475267,0.0360135920406528,1.19745193535171
"Raisin",2018-11-23,2018,0.0882418635140112,0.0319351506050707,1.12445346077854
"Raisin",2018-11-24,2018,0.0830145102019148,0.0281405119328525,1.11936703021791
"Raisin",2018-11-25,2018,0.108558471507543,0.0435686173274419,1.23444415761085
"Raisin",2018-11-26,2018,0.179916761834506,0.0540350675142566,1.52899228077378
"Raisin",2019-02-19,2019,0.221757607511194,0.0172238918455296,2.40703888541276
"Raisin",2019-02-20,2019,0.196631276651309,0.0589893829953926,1.54683270965696
"Raisin",2019-02-21,2019,0.116209891870854,0.0310984217682566,1.18665030431506
"Raisin",2019-02-22,2019,0.0911863171839111,0.037371441468816,0.931296321402895
"Raisin",2019-02-23,2019,0.102487049631994,0.0243189609296256,1.12735754595193
"Raisin",2019-02-24,2019,0.211119897036142,0.056689601981927,1.46611039608432
"Raisin",2019-02-25,2019,1.17313297442208,0.0972024464521152,4.97743562004797
"Raisin",2019-02-26,2019,0.711696593523485,0.126390092718758,3.48776470145336
"Raisin",2019-02-27,2019,0.738971017712968,0.104126255247974,3.08474031172124
"Raisin",2019-02-28,2019,0.627620024876947,0.0898382540579328,2.59782284650856
"Raisin",2019-03-01,2019,0.450525632592583,0.0968207806669018,2.23923805499834
"Raisin",2019-03-02,2019,0.215640190015375,0.0490489465510195,1.38037749579298
"Raisin",2019-03-03,2019,0.160577560771698,0.039512195071776,1.28967804714277
"Raisin",2019-03-04,2019,0.11689542233891,0.033823906926768,0.991716951092838
"Raisin",2019-03-05,2019,0.0791242104258386,0.028380276336384,0.748104084227082
"Raisin",2019-03-06,2019,0.0741760113835682,0.0238467718492013,0.754311046387893
"Raisin",2019-03-07,2019,0.0715652706181755,0.032294797210368,0.754406462834196
"Raisin",2019-03-08,2019,0.0929801463744142,0.0388662991275687,0.887945449299068
"Raisin",2019-03-09,2019,0.0754034583351168,0.0247593445279488,0.682007399269862
"Raisin",2019-03-10,2019,1.52849807251344,1.14316242398064,3.22397492605776
"Raisin",2019-03-11,2019,2.70212036204477,0.88810692328512,8.44435549784736
"Raisin",2019-03-12,2019,1.66641153605499,0.499492863520358,6.3125563613866
"Raisin",2019-03-13,2019,2.41212776254894,0.646287396294758,9.71975533010227
"Raisin",2019-03-14,2019,1.92476991373793,0.546858566095565,8.8315505437953
"Raisin",2019-03-15,2019,3.32548334547126,0.551947443231744,15.2958435205597
"Raisin",2019-03-16,2019,1.5768668710626,0.288891640500019,10.6167677883757
"Raisin",2019-03-17,2019,1.620856299384,0.2324246768928,9.4682473639488
"Raisin",2019-03-18,2019,1.42684285856717,0.267533035981344,7.75845804345898
"Raisin",2019-03-19,2019,0.921086761648435,0.183199576902451,5.70972014679306
"Raisin",2019-03-20,2019,0.5076644258448,0.121839462202752,4.12629645326653
"Raisin",2019-03-21,2019,0.321284300732237,0.08196028079904,2.54732552723416
"Raisin",2019-03-22,2019,0.23966654050967,0.0697763345787648,2.372395375678
"Raisin",2019-03-23,2019,0.180312617757888,0.051133428916416,1.68202068804
"Raisin",2019-03-24,2019,0.167932945493914,0.0457998942256128,1.64625175355397
"Raisin",2019-03-25,2019,0.134434433114796,0.0448114777049318,1.57547721615234
"Raisin",2019-03-26,2019,0.127026202360781,0.0279888242489856,1.38652329356513
"Raisin",2019-03-27,2019,0.110291625624499,0.019694933147232,1.27229268131119
"Raisin",2019-03-28,2019,0.142796828331844,0.0537806236574477,1.56520159885813
"Raisin",2019-03-29,2019,0.0942690023721734,0.0124506229548154,1.20059578492862
"Raisin",2019-03-30,2019,0.33518084983488,0.0737397869636736,2.51720818225995
"Raisin",2019-03-31,2019,2.05116000645669,0.230467416455808,10.4017627293721
"Raisin",2019-04-01,2019,1.2299913901167,0.201402098966477,8.59555386660499
"Raisin",2019-04-02,2019,1.4654742864423,0.279839310978931,10.0447584256648
"Raisin",2019-04-03,2019,1.37710397771211,0.316660272949843,9.27888241666983
"Raisin",2019-04-04,2019,0.886883635512,0.2630068712208,6.5874046582512
"Raisin",2019-04-05,2019,0.470109491210016,0.129839764238957,3.78326209592822
"Raisin",2019-04-06,2019,0.212534017701869,0.0611399229005376,2.18648009991923
"Raisin",2019-04-07,2019,0.173878124071277,0.0529194290651712,1.79170066977794
"Raisin",2019-04-08,2019,0.457830128543438,0.109332568010373,2.33926140305527
"Raisin",2019-04-09,2019,0.139004636235172,0.0269710488217498,1.60581475292572
"Raisin",2019-04-10,2019,0.114646530096806,0.0286616325242016,1.30697044310359
"Raisin",2019-04-11,2019,0.0971535149411904,0.0229635580770086,1.07222151944186
"Raisin",2019-04-12,2019,0.0981566109151488,0.0149730423429888,1.23943517172518
"Raisin",2019-04-13,2019,0.0853120892973888,0.00465338668894848,1.01133604039814
"Raisin",2019-04-14,2019,0.0979902437780045,0.00474146340861312,1.05102438890924
"Raisin",2019-04-15,2019,0.123923944568148,0.0160642150366118,1.45725379260693
"Raisin",2019-04-16,2019,0.183126179636064,0.0317418711369178,1.93137077456169
"Raisin",2019-04-17,2019,0.151198368757632,0.0277197009388992,1.96305882103659
"Raisin",2019-04-18,2019,0.1467945327744,0.0244657554624,1.87897001951232
"Raisin",2019-04-19,2019,0.231348183652454,0.0506074151739744,2.05321512991553
"Raisin",2019-04-20,2019,0.532276975839974,0.0827187192183744,4.03163844538251
"Raisin",2019-04-21,2019,3.59720002563667,0.295154873898394,14.3888001025467
"Raisin",2019-04-22,2019,1.96675315011141,0.250284678380352,10.6492093801188
"Raisin",2019-04-23,2019,2.1336585338759,0.326324246357491,13.6805164819102
"Raisin",2019-04-24,2019,1.80557275312512,0.329015479458355,11.2426996761257
"Raisin",2019-04-25,2019,1.01068035815174,0.255789473359392,7.56138638320934
"Raisin",2019-04-26,2019,0.622408818963456,0.17116242521495,5.74690809509591
"Raisin",2019-04-27,2019,0.84416642647465,0.13884316224912,6.7533314117972
"Raisin",2019-04-28,2019,0.740358226047686,0.175199274866246,6.52758588614563
"Raisin",2019-04-29,2019,1.03431427792842,0.179015932718381,6.74956368545599
"Raisin",2019-04-30,2019,1.2022716891778,0.183786755033549,9.48033344714723
"Raisin",2019-05-01,2019,4.04761458369946,0.333468246952512,20.2840685387666
"Raisin",2019-05-02,2019,12.1123104882813,0.634152381585408,46.673615284686
"Raisin",2019-05-03,2019,4.34130151227011,0.295644189007642,21.1152191833352
"Raisin",2019-05-04,2019,5.68973162458028,0.39991723878839,24.3585954534747
"Raisin",2019-05-05,2019,4.37300913134938,0.323926602322176,22.5776841818557
"Raisin",2019-05-06,2019,1.97291852048794,0.281845502926848,12.9296624467692
"Raisin",2019-05-07,2019,1.1988220176576,0.22263837470784,9.66764327096736
"Raisin",2019-05-08,2019,0.787454805312807,0.169205164777958,5.72694403863859
"Raisin",2019-05-09,2019,0.572694403863859,0.143173600965965,4.7196154889852
"Raisin",2019-05-10,2019,0.460200860247744,0.133876613890253,3.57283213319612
"Raisin",2019-05-11,2019,0.353358906143443,0.0804678697158336,2.91783492795675
"Raisin",2019-05-12,2019,0.330777013851648,0.057249867782016,2.71300762322554
"Raisin",2019-05-13,2019,0.3119383821456,0.0428150720592,2.5933700790144
"Raisin",2019-05-14,2019,0.245205587546358,0.0652746355736832,2.10297847652605
"Raisin",2019-05-15,2019,0.216913387929638,0.072663293723328,1.87040700510048
"Raisin",2019-05-16,2019,0.186913478581644,0.0324415917431424,1.79926058821582
"Raisin",2019-05-17,2019,0.171585193469341,0.0446255379634176,1.57305021321047
"Raisin",2019-05-18,2019,0.15065278241082,0.0195089934057178,1.54988114278758
"Raisin",2019-05-19,2019,0.143845430610962,0.0197952427446278,1.79476867551292
"Raisin",2019-05-20,2019,0.337289797955739,0.0438915652995456,3.10279603925249
"Raisin",2019-05-21,2019,0.36953077050409,0.0814220341788672,2.89361383004897
"Raisin",2019-05-22,2019,0.346068111015648,0.0782414859687552,2.73845200890643
"Raisin",2019-05-23,2019,0.3639281125032,0.0931655968008192,2.81825930322478
"Raisin",2019-05-24,2019,0.291582873600883,0.0635131011803904,2.63290673984164
"Raisin",2019-05-25,2019,0.216473004331315,0.0109606584471552,2.22227350016072
"Raisin",2019-05-26,2019,0.208081250207712,0.048809182147488,2.56119761058134
"Raisin",2019-05-27,2019,0.484837875998381,0.102071131789133,3.89692999580653
"Raisin",2019-05-28,2019,0.86608774336896,0.13211507949696,5.16716755365888
"Raisin",2019-05-29,2019,1.19471177073992,0.218674922322931,6.70425310633962
"Raisin",2019-05-30,2019,0.896033828054938,0.213341387632128,6.43757637179946
"Raisin",2019-05-31,2019,3.6945248008661,0.417410253944006,15.1688662497099
"Raisin",2019-06-01,2019,4.1964642399327,0.329284602768442,19.5732894110729
"Raisin",2019-06-02,2019,3.33155085282593,0.621136599679411,19.5375694080978
"Raisin",2019-06-03,2019,3.68789458113579,0.540570866941728,17.3222931139994
"Raisin",2019-06-04,2019,1.82729834397573,0.656685342366278,11.4777177230976
"Raisin",2019-06-05,2019,1.79052631351574,0.279496790402458,11.1187316931978
"Raisin",2019-06-06,2019,1.53268171669751,0.490146944933722,10.5342692609565
"Raisin",2019-06-07,2019,0.915557500913933,0.404272143260698,7.22339197149629
"Raisin",2019-06-08,2019,0.698228195141434,0.277441666943616,5.10492667176253
"Raisin",2019-06-09,2019,0.6605753974848,0.19817261924544,4.12859623428
"Raisin",2019-06-10,2019,0.42682956979703,0.161180396986291,3.29822849388614
"Raisin",2019-06-11,2019,1.40763724052918,0.3394623570408,6.16916256862147
"Raisin",2019-06-12,2019,0.58350826777824,0.2201917991616,3.5597674197792
"Raisin",2019-06-13,2019,0.539225250391296,0.163626972532531,3.93076613561103
"Raisin",2019-06-14,2019,0.614628708726413,0.170085931974605,4.17097092274088
"Raisin",2019-06-15,2019,0.707035867107898,0.194331495637843,5.02781061054505
"Raisin",2019-06-16,2019,0.901881143610451,0.158880615972826,7.62159660740231
"Raisin",2019-06-17,2019,1.0699853493926,0.228118703931418,8.78257010135958
"Raisin",2019-06-18,2019,0.680735179985818,0.183982481077248,4.13040670018422
"Raisin",2019-06-19,2019,0.664098466271386,0.157510533666931,3.72065422769994
"Raisin",2019-06-20,2019,0.570272294073082,0.143442724276051,3.09626368254403
"Raisin",2019-06-21,2019,1.05846197856981,0.308929094223725,5.56578810740776
"Raisin",2019-06-22,2019,0.693971153690976,0.219384429231341,4.33843901888101
"Raisin",2019-06-23,2019,0.675010193207616,0.191615796781517,4.50297122436565
"Raisin",2019-06-24,2019,0.700699236443136,0.164409876707328,4.04761458369946
"Raisin",2019-07-02,2019,0.115830672661187,0.0565990786867162,0.784489555750764
"Raisin",2019-07-03,2019,0.111857433974093,0.0584144377420262,0.724587600076623
"Raisin",2019-07-04,2019,0.11496947806891,0.0581306349786624,0.767324381718344
"Raisin",2019-07-05,2019,0.11141705037577,0.0528949633097088,0.746156610092275
"Raisin",2019-07-06,2019,0.145001192899006,0.0702583099613741,0.907378598862853
"Raisin",2019-07-07,2019,0.259613470938165,0.100341402877941,1.64209502170091
"Raisin",2019-07-08,2019,0.349994864767363,0.144240307904125,1.78815558181144
"Raisin",2019-07-09,2019,0.290053763884483,0.148348108246262,1.73146597982951
"Raisin",2019-07-10,2019,0.225635429751984,0.115661858948496,1.58324020036056
"Raisin",2019-07-11,2019,0.201663882549925,0.0928524351309005,1.41454881644731
"Raisin",2019-07-12,2019,0.146119277923638,0.062622547681559,0.945136599267974
"Raisin",2019-07-13,2019,0.102535981142918,0.0577930075532813,0.759698405740714
"Raisin",2019-07-14,2019,0.100187268618528,0.049665483588672,0.67219663132944
"Raisin",2019-07-15,2019,0.0811724834731507,0.0421177980285216,0.558252268414404
"Raisin",2019-07-16,2019,0.0756554556163795,0.045251861303255,0.412216174059339
"Raisin",2019-07-17,2019,0.0903226760160883,0.0480287245482374,0.46093238633607
"Raisin",2019-07-18,2019,0.076577814597312,0.044415132466441,0.393609967030184
"Raisin",2019-07-19,2019,0.0786231517539686,0.0491394698462304,0.381019889269233
"Raisin",2019-07-20,2019,0.071684663504832,0.0480287245482374,0.324731525676889
"Raisin",2019-07-21,2019,0.0829853959529146,0.0488605602339591,0.42423375314247
"Raisin",2019-07-22,2019,0.0914236350118963,0.0567165143129357,0.436801811723505
"Raisin",2019-07-23,2019,0.103869364815619,0.053946990794592,0.097618364294976
"Raisin",2019-07-24,2019,0.14389240486145,0.0779772558097613,0.110873910604504
"Raisin",2019-07-25,2019,0.171331238927641,0.0832765384429171,0.359044747712905
"Raisin",2019-07-26,2019,0.10643239735786,0.0585269802171533,0.529994320855332
"Raisin",2019-07-27,2019,0.104640036112685,0.049665483588672,2.77099146367142
"Raisin",2019-07-28,2019,0.092276266589761,0.0428835761744947,0.492395347860716
"Raisin",2019-07-29,2019,0.0744081914029064,0.0401287321094285,0.174117888474808
"Raisin",2019-07-30,2019,0.0707794305527232,0.0405373102256506,0.44784076058814
"Raisin",2019-07-31,2019,0.0604793475030528,0.0369922222591488,0.342324850429901
"Raisin",2019-08-01,2019,0.0564351581251181,0.035343230340983,0.332910427727969
"Raisin",2019-08-02,2019,0.0567948047304154,0.0364344030346061,0.31612202632967
"Raisin",2019-08-03,2019,0.057504311638825,0.0305332628170752,0.292101547616686
"Raisin",2019-08-04,2019,0.0460396586291443,0.0284781393582336,0.274814044806954
"Raisin",2019-08-05,2019,0.0479577738573965,0.0310030053219533,0.286293377269912
"Raisin",2019-08-06,2019,0.0487553574854707,0.0280083968533555,0.256224963806623
"Raisin",2019-08-07,2019,0.0631020764886221,0.0388320470699213,0.333712904507136
"Raisin",2019-08-08,2019,0.0590994788949734,0.0358178659969536,0.366536162035492
"Raisin",2019-08-09,2019,0.0734559842003098,0.0428493241168474,0.363879180992275
"Raisin",2019-08-10,2019,0.05871781310976,0.0340563316036608,0.332930000332339
"Raisin",2019-08-12,2019,0.0490660725798432,0.0275704598305786,0.257012761132512
"Raisin",2019-08-13,2019,0.0476842467113269,0.0245513856065184,0.206777225441566
"Raisin",2019-08-14,2019,0.0657566109562925,0.0324415917431424,0.341260590067286
"Raisin",2019-08-15,2019,0.111414603800223,0.0483125273116013,0.437770655639816
"Raisin",2019-08-16,2019,0.131690598639687,0.0589991692975776,0.692405345341382
"Raisin",2019-08-17,2019,0.0843559675739182,0.0458806312186387,0.578739892038618
"Raisin",2019-08-19,2019,0.0759984655079624,0.0382938004497485,0.505920017480331
"Raisin",2019-08-20,2019,0.104112554424915,0.0439209242061005,0.757635942555233
"Raisin",2019-08-21,2019,0.38141868108327,0.151834478399654,2.3586700868636
"Raisin",2019-08-22,2019,0.362020028234687,0.163859397209424,2.11924820390855
"Raisin",2019-08-23,2019,0.194136748224363,0.0884877443564083,1.38228582471904
"Raisin",2019-08-24,2019,0.109808426954117,0.054069319571904,0.809449519473504
"Raisin",2019-08-26,2019,0.0726469016671682,0.033160884953737,0.520748711866092
"Raisin",2019-08-27,2019,0.0704980743649056,0.0430474967360928,0.420492939132269
"Raisin",2019-08-28,2019,0.0734559842003098,0.0469302121279757,0.391085101066464
"Raisin",2019-08-29,2019,0.071684663504832,0.0444444913729958,0.359857010794257
"Raisin",2019-08-30,2019,0.0606628406690208,0.0362582495952768,0.349334289369878
"Raisin",2019-08-31,2019,0.0492862643790048,0.028074454393104,0.316305519495638
"Raisin",2019-09-01,2019,0.0489510835291699,0.0268633994977152,0.355790802236406
"Raisin",2019-09-02,2019,0.052846031798784,0.0270101940304896,0.38166578521344
"Raisin",2019-09-03,2019,0.0447870119494694,0.0293050818928627,0.258769402374712
"Raisin",2019-09-04,2019,0.0415550856528864,0.0247226458947552,0.239336252810928
"Raisin",2019-09-05,2019,0.0422376802302874,0.0269710488217498,0.238159449973187
"Raisin",2019-09-06,2019,0.0397226005687526,0.0266432076985536,0.217989881169984
"Raisin",2019-09-07,2019,0.0345798987705562,0.0200937249612691,0.189254851379395
"Raisin",2019-09-08,2019,0.033212263040208,0.018156037128647,0.213001313631201
"Raisin",2019-09-09,2019,0.031927810878432,0.0174538699468762,0.186458415530043
"Raisin",2019-09-10,2019,0.0259385939412365,0.0125509325522112,0.169855953873258
"Raisin",2019-09-11,2019,0.0316978327770854,0.0180557275312512,0.169322600404178
"Raisin",2019-09-12,2019,0.0611399229005376,0.0349370988003072,0.298213093331194
"Raisin",2019-09-13,2019,0.199361654960913,0.0787601599845581,1.01526768730094
"Raisin",2019-09-14,2019,0.182918220714634,0.113601842338562,0.600741945925955
"Raisin",2019-09-15,2019,0.143075737944115,0.0798562258292736,0.588939665490893
"Raisin",2019-09-16,2019,0.217872445543765,0.0903373554693658,0.229828860238239
"Raisin",2019-09-17,2019,0.107204047285144,0.0597355885369958,0.757361926094055
"Raisin",2019-09-18,2019,0.0858014044066368,0.043671373500384,0.563446348299072
"Raisin",2019-09-19,2019,0.0646595664813585,0.0351254851173677,0.468817699321601
"Raisin",2019-09-20,2019,0.058039133053233,0.032172468433056,0.452988355537428
"Raisin",2019-09-21,2019,0.0796663715668854,0.0357982933925837,0.425332265562732
"Raisin",2019-09-22,2019,0.0410271146500078,0.0232228950849101,0.321250048674589
"Raisin",2019-09-23,2019,0.0448653023669491,0.017116242521495,0.373445291378074
"Raisin",2019-09-24,2019,0.0373738880443622,0.0201622290765638,0.250306697560268
"Raisin",2019-09-25,2019,0.0355144906292198,0.0186918371732736,0.236451740241911
"Raisin",2019-09-26,2019,0.0349566714046771,0.0170183794996454,0.224458626914243
"Raisin",2019-09-27,2019,0.0306506984432947,0.0178795740919219,0.197526723301233
"Raisin",2019-09-28,2019,0.071063233316087,0.0347756248142554,0.371947987143775
"Raisin",2019-09-29,2019,0.0877513251169901,0.0335229781345805,0.480167363280609
"Sandusky River",2018-10-01,2018,0.0902296082823094,0.0427529290403255,0.485828739094608
"Sandusky River",2018-10-02,2018,0.0512547790635095,0.0223029826795238,0.377888272570045
"Sandusky River",2018-10-03,2018,0.0396711735507707,0.0181523672653277,0.28647735975099
"Sandusky River",2018-10-04,2018,0.0313866087949993,0.0140887520775558,0.260120107802281
"Sandusky River",2018-10-05,2018,0.0247341447998225,0.0128407049599079,0.197662655038582
"Sandusky River",2018-10-06,2018,0.0405998569294902,0.0189740985940433,0.245720469370064
"Sandusky River",2018-10-07,2018,0.779429738495239,0.196525802061093,4.19850577130517
"Sandusky River",2018-10-08,2018,0.477621205993198,0.148151464736733,3.16566226585846
"Sandusky River",2018-10-18,2018,0.0425271590489185,0.0242639619113461,0.225941838873395
"Sandusky River",2018-10-19,2018,0.0306781979524345,0.0214516722524542,0.17807194600962
"Sandusky River",2018-10-20,2018,0.0267339267198082,0.0183137923198686,0.14629983519895
"Sandusky River",2018-10-21,2018,0.0220617503306646,0.0148379913728364,0.128661004140778
"Sandusky River",2018-10-22,2018,0.0199522041580055,0.0117899388206396,0.142062284800344
"Sandusky River",2018-10-29,2018,0.266030294912498,0.0856439536781499,1.0926032335291
"Sandusky River",2018-10-30,2018,1.72521796956787,0.229547830260495,6.29018802795582
"Sandusky River",2018-10-31,2018,1.76746584386293,0.232130815985524,5.7985966248196
"Sandusky River",2018-11-01,2018,1.96933445041773,0.286385912193906,6.90776621942409
"Sandusky River",2018-11-02,2018,13.3709757437999,1.76398096883904,43.1646143074913
"Sandusky River",2018-11-08,2018,1.25510304152331,0.684189744657109,4.34528453725938
"Sandusky River",2018-11-09,2018,0.719381287314225,0.354978539155054,2.80213147722397
"Sandusky River",2018-11-10,2018,0.589553755952999,0.269144105978543,2.24543082702099
"Sandusky River",2018-11-11,2018,0.387390771991642,0.207053688478291,1.62303375162015
"Sandusky River",2018-11-12,2018,0.334350628889019,0.185193209762564,1.47218573248074
"Sandusky River",2018-11-13,2018,0.246273077388693,0.1401966078413,1.27021504935732
"Sandusky River",2018-11-14,2018,0.185860594795319,0.112264788802542,1.08661227680485
"Sandusky River",2018-11-15,2018,0.150255752131177,0.0898460830996808,0.732954888444764
"Sandusky River",2018-11-16,2018,0.294951318812946,0.130275254686188,1.56737415794319
"Sandusky River",2018-11-26,2018,4.7994747730339,1.32527939120388,18.5784536878025
"Sandusky River",2018-11-27,2018,9.99437364886553,3.62724152676895,37.4244147225432
"Sandusky River",2018-12-03,2018,3.44679043283515,1.23268262321756,12.4055081017427
"Sandusky River",2018-12-04,2018,1.55681500972735,0.664526888833705,7.50004339453847
"Sandusky River",2018-12-10,2018,0.173365872316283,0.0832156187118158,0.777309529330825
"Sandusky River",2018-12-11,2018,0.129790832728032,0.0643762530331039,0.576271297312462
"Sandusky River",2018-12-12,2018,0.131222568737692,0.0721133035405332,0.601732319707073
"Sandusky River",2018-12-13,2018,0.102711155952029,0.058238284302697,0.540027727170463
"Sandusky River",2018-12-14,2018,0.0790958301495022,0.0445482261761564,0.42457186988296
"Sandusky River",2018-12-15,2018,0.0726608471477818,0.0470158422720941,0.382965406143603
"Sandusky River",2018-12-16,2018,0.0784646136585723,0.0482131963444239,0.461334114040762
"Sandusky River",2018-12-17,2018,0.515502438369771,0.186729985415676,2.63177560641409
"Sandusky River",2018-12-18,2018,3.03379037597079,1.39175896523409,8.35665799739239
"Sandusky River",2018-12-19,2018,1.77784326588404,0.878609317014616,5.65114912821608
"Sandusky River",2018-12-20,2018,0.946754275019148,0.504457454618789,3.07216980656466
"Sandusky River",2018-12-21,2018,2.63521630715729,1.25061112882041,9.94905817659807
"Sandusky River",2018-12-22,2018,12.6937049147876,3.83899998002266,23.6370611796798
"Sandusky River",2018-12-23,2018,7.86693186345262,2.18837619596756,16.8897752560573
"Sandusky River",2018-12-24,2018,3.9296162451043,1.45856026394862,8.81508509036911
"Sandusky River",2018-12-25,2018,1.8493126307408,0.744581015440497,4.6333981667357
"Sandusky River",2018-12-26,2018,0.850550765362563,0.316774038712743,2.88339203741678
"Sandusky River",2018-12-27,2018,0.467781329920214,0.21471929897977,1.81552835833788
"Sandusky River",2018-12-28,2018,0.309351862478115,0.15134956712639,1.23907063196879
"Sandusky River",2018-12-29,2018,0.252803672562761,0.118085925999711,1.11266879568741
"Sandusky River",2018-12-30,2018,0.247310621146343,0.118862469078087,1.06976222170278
"Sandusky River",2018-12-31,2018,0.196380747315374,0.102694519238315,0.915242381983577
"Sandusky River",2019-01-01,2019,17.4484874806744,2.91152276304745,40.6167749993924
"Sandusky River",2019-01-02,2019,19.5613990539182,3.9387909034027,43.8569217898108
"Sandusky River",2019-01-03,2019,15.2500338400319,3.27253945065062,284.23641398626
"Sandusky River",2019-01-04,2019,8.62136523861783,1.58540541971898,21.9873744340589
"Sandusky River",2019-01-05,2019,3.27779958807504,0.723966169887878,9.78779459604321
"Sandusky River",2019-01-06,2019,1.30656920471401,0.350623634682747,4.14794375369967
"Sandusky River",2019-01-07,2019,0.803159373744121,0.224485539245251,2.53668659347134
"Sandusky River",2019-01-08,2019,0.430067367874924,0.149842476589906,1.47118067924635
"Sandusky River",2019-01-09,2019,0.519535210395157,0.211061179223032,1.81025549872062
"Sandusky River",2019-01-10,2019,1.05420995259922,0.237805797477978,3.57270442195261
"Sandusky River",2019-01-11,2019,0.379376402146046,0.0866711620133251,1.42779335316688
"Sandusky River",2019-01-12,2019,0.21529864806912,0.0672808275216,0.94560144862176
"Sandusky River",2019-01-13,2019,0.148497349354583,0.0571989790106542,0.573089770472132
"Sandusky River",2019-01-14,2019,0.111100952815195,0.041879175360245,0.57246409955244
"Sandusky River",2019-01-15,2019,0.0810848960685953,0.0374237981855055,0.4980929329928
"Sandusky River",2019-01-16,2019,0.062754662761056,0.031795695798935,0.383221807260849
"Sandusky River",2019-01-17,2019,0.0547680615479101,0.0289948561135995,0.369684415448393
"Sandusky River",2019-01-18,2019,0.0523518235384435,0.0265786181041329,0.416398350298082
"Sandusky River",2019-01-19,2019,0.0515150947016295,0.0289772407696666,0.359800739556693
"Sandusky River",2019-01-20,2019,0.0515150947016295,0.0281723174149536,0.342897349107721
"Sandusky River",2019-01-21,2019,0.0478929396054211,0.0265624707055277,0.33162842214174
"Sandusky River",2019-01-23,2019,0.473259973725082,0.179753983008163,1.8860340986395
"Sandusky River",2019-01-24,2019,13.5421098974752,3.49061632117336,39.3411903147629
"Sandusky River",2019-01-25,2019,9.89512586525676,4.46959993391493,30.977169484185
"Sandusky River",2019-01-26,2019,7.32251362054357,3.4605451892928,20.2234260862271
"Sandusky River",2019-01-27,2019,7.2032972679048,3.00520703386407,21.3635466012786
"Sandusky River",2019-01-28,2019,4.21383556853708,2.59250261507229,12.9593782475318
"Sandusky River",2019-01-29,2019,1.76713093485482,1.0538526302407,6.13033786127819
"Sandusky River",2019-01-30,2019,0.56048459734006,0.31771303440739,2.21671536983477
"Sandusky River",2019-01-31,2019,0.405373102256506,0.245025519586155,1.80165823225114
"Sandusky River",2019-02-02,2019,0.327679159894999,0.167932945493914,1.49040489125848
"Sandusky River",2019-02-03,2019,0.229044292392071,0.127640782137996,1.18245002341727
"Sandusky River",2019-02-04,2019,0.339150337106136,0.16272141337035,1.60510524601731
"Sandusky River",2019-02-05,2019,5.4823953566264,1.64928183736799,18.2138081170204
"Sandusky River",2019-02-06,2019,8.35458330132918,2.41475973415324,27.0416686812085
"Sandusky River",2019-02-07,2019,11.9339551309604,4.00254050688589,41.0894751422642
"Sandusky River",2019-02-08,2019,12.2382846631572,3.3940363922769,39.5701544464664
"Sandusky River",2019-02-09,2019,9.65263108341563,2.81904057634921,28.1092292023931
"Sandusky River",2019-02-10,2019,7.48861489647853,2.08082391942967,21.6487980092075
"Sandusky River",2019-02-11,2019,4.00727925187724,1.12904840149611,13.5553214054249
"Sandusky River",2019-02-12,2019,1.70927553962511,0.65313780782423,7.17756761151521
"Sandusky River",2019-02-13,2019,5.42813153429857,1.34288372554685,20.1689816250715
"Sandusky River",2019-02-14,2019,5.46734769372925,1.51138182999195,15.5246301396152
"Sandusky River",2019-02-15,2019,3.99697046989229,1.17330423471032,14.3310731525332
"Sandusky River",2019-02-16,2019,2.03644385454606,0.622460197049927,7.2044004288186
"Sandusky River",2019-02-18,2019,0.739022395799439,0.276678335373189,3.35654506860632
"Sandusky River",2019-02-19,2019,0.429276390000825,0.152793291356226,1.4406224613587
"Sandusky River",2019-02-20,2019,0.268133914935501,0.107631219375518,1.09141832980788
"Sandusky River",2019-02-21,2019,2.80325690197524,0.552297303534856,10.10379184702
"Sandusky River",2019-02-22,2019,3.66225283836083,0.760235836835704,12.5766933616627
"Sandusky River",2019-02-23,2019,3.07263465591845,0.752374581843044,11.0646415777337
"Sandusky River",2019-02-24,2019,4.27836580291863,0.788410193063613,12.190034523522
"Sandusky River",2019-02-25,2019,4.89191122236151,0.755590877240304,18.2982522156823
"Sandusky River",2019-02-26,2019,2.7403603378325,0.358765838100634,10.5339756718909
"Sandusky River",2019-02-27,2019,1.42934081219988,0.237447496489231,5.26574742214353
"Sandusky River",2019-02-28,2019,0.68626444072032,0.137252888144064,2.85211501563365
"Sandusky River",2019-03-01,2019,0.388662991275686,0.107502529501786,1.75932024242345
"Sandusky River",2019-03-02,2019,0.258100019305261,0.0802202762705541,1.27131698698335
"Sandusky River",2019-03-03,2019,0.170318356651498,0.0596842104505248,0.95640307965841
"Sandusky River",2019-03-04,2019,0.134871989559154,0.0503121950580614,0.803229780751507
"Sandusky River",2019-03-05,2019,0.0773448649625692,0.0303796178727713,0.463904975624751
"Sandusky River",2019-03-06,2019,0.0818942232592915,0.0337211507538259,0.474986494903891
"Sandusky River",2019-03-07,2019,0.0822354716164811,0.0373797598256732,0.532661577515843
"Sandusky River",2019-03-08,2019,0.0802985666880338,0.0384993127956326,0.537890398773267
"Sandusky River",2019-03-09,2019,0.0632128574293558,0.0294469832745446,0.469188600174411
"Sandusky River",2019-03-10,2019,0.642131765400693,0.180689390392009,3.23461385982059
"Sandusky River",2019-03-11,2019,3.64274905412221,0.524846114262157,13.2638123708332
"Sandusky River",2019-03-13,2019,3.23883542592562,0.510101215088855,10.2143158973214
"Sandusky River",2019-03-16,2019,3.68295249853238,0.465827984004096,13.2266033208163
"Sandusky River",2019-03-17,2019,3.41592998131502,0.361876522986814,12.2853622135014
"Sandusky River",2019-03-18,2019,1.91414987297516,0.271552487762089,6.35491854512802
"Sandusky River",2019-03-19,2019,1.03988866438967,0.183150645391526,3.98047402650917
"Sandusky River",2019-03-20,2019,0.5837667484847,0.116020588087963,2.39246665330864
"Sandusky River",2019-03-21,2019,0.331953816689389,0.0767784337921037,1.84719878946885
"Sandusky River",2019-03-22,2019,0.305029986775682,0.0615186527950956,1.79685731705675
"Sandusky River",2019-03-23,2019,0.223560733688772,0.0812948122504627,1.42491740361228
"Sandusky River",2019-03-25,2019,0.1321278016898,0.0397457614839237,0.942619073030893
"Sandusky River",2019-03-26,2019,0.0984049383330921,0.0318776560797341,0.663886837486636
"Sandusky River",2019-03-27,2019,0.0761863625099136,0.0253954541699712,0.739007716346162
"Sandusky River",2019-03-28,2019,0.0639006387469148,0.013692994017196,0.59792740541756
"Sandusky River",2019-03-29,2019,0.0638703012101415,0.00448212640071168,0.575953242491451
"Sandusky River",2019-03-30,2019,0.312458279449176,0.064329645768948,1.31048678380743
"Sandusky River",2019-03-31,2019,7.79062561874094,0.706841772114563,26.2709525302579
"Sandusky River",2019-04-01,2019,10.4297387090995,0.822659498313484,35.440347157291
"Sandusky River",2019-04-02,2019,5.94062317602488,0.929244867807373,25.3840904382028
"Sandusky River",2019-04-03,2019,3.39984382865101,0.351768632038387,12.5757285953723
"Sandusky River",2019-04-06,2019,0.31124844784156,0.0601123611711168,1.73657932272115
"Sandusky River",2019-04-07,2019,0.196190941984497,0.0188826700658803,1.18771994714387
"Sandusky River",2019-04-08,2019,0.157824673967068,0.040982097659957,1.01321696767809
"Sandusky River",2019-04-09,2019,0.104125570206821,0.0260697303905149,0.852633535125077
"Sandusky River",2019-04-10,2019,0.0878968963619914,0.00817645547553408,0.814920062394897
"Sandusky River",2019-04-11,2019,0.069605074290528,0.01100958995808,0.85140829009152
"Sandusky River",2019-04-12,2019,0.0628736641956251,0.00114108283476634,0.721164351572324
"Sandusky River",2019-04-13,2019,0.061527460467062,0.0107942913100109,0.792300982154799
"Sandusky River",2019-04-14,2019,0.0686152876875411,0.00317663368923802,0.746508916970934
"Sandusky River",2019-04-15,2019,0.227524131705336,0.014968692875351,1.78426819074184
"Sandusky River",2019-04-18,2019,0.632268518414803,0.105868217036897,3.7053875962914
"Sandusky River",2019-04-19,2019,0.843356609968844,0.138905794583104,4.5723157383605
"Sandusky River",2019-04-20,2019,8.09024250275222,1.02186963549161,34.3199947008114
"Sandusky River",2019-04-21,2019,20.0795293862664,2.62681204831423,75.8302759438778
"Sandusky River",2019-04-22,2019,14.9711187229656,2.22326283414723,48.8428439687848
"Sandusky River",2019-04-23,2019,10.7033847179644,1.94840057141388,34.6289746294382
"Sandusky River",2019-04-24,2019,4.54448349494647,0.919527069737707,14.9835075698878
"Sandusky River",2019-04-25,2019,1.14968010123582,0.279995891813891,4.98053298468951
"Sandusky River",2019-04-26,2019,3.08286134170173,0.645250048263153,10.9961362391512
"Sandusky River",2019-04-27,2019,7.83195806601912,1.1427954376487,30.0783759189139
"Sandusky River",2019-04-28,2019,7.34474701174088,1.11732169306125,27.5058310909491
"Sandusky River",2019-04-29,2019,5.56291474034957,1.0061541933912,22.0862024940406
"Sandusky River",2019-04-30,2019,3.3675611419896,0.656152600541085,15.4221693906704
"Sandusky River",2019-05-01,2019,2.94545798916157,0.571735346249733,12.996769567427
"Sandusky River",2019-05-02,2019,4.7566791512503,0.641095762985637,19.59741753911
"Sandusky River",2019-05-03,2019,6.23992965755977,0.71243844959745,25.0525231124893
"Sandusky River",2019-05-04,2019,4.69564626602991,0.766920696753214,19.2834075191206
"Sandusky River",2019-05-05,2019,2.35414539004838,0.500099614255826,10.2373332800604
"Sandusky River",2019-05-06,2019,1.2846707225248,0.320012081448192,6.16734394746543
"Sandusky River",2019-05-07,2019,0.6367604311177,0.209881929809745,3.63913922365032
"Sandusky River",2019-05-11,2019,0.281333679322575,0.0873104522035576,1.80441601220686
"Sandusky River",2019-05-12,2019,0.269144105978543,0.0743350387940738,1.85324941545225
"Sandusky River",2019-05-13,2019,0.260136222579878,0.0848615116342896,1.62426519464509
"Sandusky River",2019-05-14,2019,1.27732161734648,0.186604598418931,5.19864641792458
"Sandusky River",2019-05-15,2019,2.49592243132421,0.342951173769738,9.09535092101826
"Sandusky River",2019-05-16,2019,1.83092634366908,0.330528278671114,7.65623685503634
"Sandusky River",2019-05-17,2019,0.985731404018962,0.22732173194723,4.29094915259683
"Sandusky River",2019-05-18,2019,0.42442580932285,0.123689807288373,2.48349730712342
"Sandusky River",2019-05-19,2019,0.289429887120192,0.101300460492067,1.40786966520608
"Sandusky River",2019-05-20,2019,0.388498676203782,0.103873325209785,2.30387303339546
"Sandusky River",2019-05-21,2019,0.632966336128936,0.186787887703603,3.17650592362616
"Sandusky River",2019-05-22,2019,0.752441923834954,0.228799463577159,4.15571224270286
"Sandusky River",2019-05-23,2019,0.379153152127452,0.126903873583469,2.24419481705503
"Sandusky River",2019-05-24,2019,0.241307458728534,0.0806073245219693,1.69446886441927
"Sandusky River",2019-05-25,2019,0.177912771804581,0.0544338593282938,1.15457080575276
"Sandusky River",2019-05-27,2019,0.16225721643671,0.0463332476946931,1.05340001376464
"Sandusky River",2019-05-28,2019,0.648314017148486,0.102851956374715,3.27046108472409
"Sandusky River",2019-05-29,2019,1.25028600611449,0.287722721072371,5.9205489013392
"Sandusky River",2019-06-01,2019,0.868518477338538,0.22340886251174,3.80059455456362
"Sandusky River",2019-06-02,2019,8.59141609571242,0.823555862429237,30.5190145727378
"Sandusky River",2019-06-03,2019,10.3010021975209,2.49757945956344,46.5340612393298
"Sandusky River",2019-06-04,2019,10.0246879431712,1.76065484938393,33.6993236300901
"Sandusky River",2019-06-05,2019,2.6941640983684,0.320325243118111,9.85858136632257
"Sandusky River",2019-06-06,2019,6.56488637692361,0.735352532480079,23.3572120823987
"Sandusky River",2019-06-07,2019,11.1411499367697,1.42896322404058,33.4425026532963
"Sandusky River",2019-06-08,2019,9.8096620882755,1.39702277252182,33.6993615520111
"Sandusky River",2019-06-09,2019,2.6709999210966,0.660379671441101,10.0648937424103
"Sandusky River",2019-06-10,2019,0.960468982394317,0.306294438182368,3.78669494724154
"Sandusky River",2019-06-11,2019,2.95110400591798,0.587900142725468,9.15306373526198
"Sandusky River",2019-06-12,2019,2.66321247113291,0.789200436965049,7.52588045559454
"Sandusky River",2019-06-13,2019,1.30168094677262,0.506412390809012,4.53577307435797
"Sandusky River",2019-06-14,2019,6.65757516333464,1.16835345317164,21.9248372446797
"Sandusky River",2019-06-15,2019,8.97407335566597,1.86076586639793,30.01171951184
"Sandusky River",2019-06-16,2019,6.0293799213626,1.63611314449035,21.5118580108917
"Sandusky River",2019-06-19,2019,11.5326372276718,2.16736011202536,42.5829226220562
"Sandusky River",2019-06-20,2019,11.6167218156493,2.32798486452093,43.2726754717428
"Sandusky River",2019-06-21,2019,13.7447418084163,2.86189261888333,46.6995788880662
"Sandusky River",2019-06-22,2019,10.6419118569083,2.5004265089444,38.653936370155
"Sandusky River",2019-06-23,2019,5.28671702115035,1.41556903845009,18.6046216482012
"Sandusky River",2019-06-24,2019,2.95419532208108,0.907264221456066,11.9195747715435
"Sandusky River",2019-07-01,2019,0.146672399723132,0.00229175624567393,1.13785697597711
"Sandusky River",2019-07-02,2019,0.119264686097889,0.000993872384149075,1.15786132753367
"Sandusky River",2019-07-03,2019,1.39595956418669,0.19081461668739,6.45613364731769
"Sandusky River",2019-07-04,2019,3.34179363163948,0.929362983037911,13.1519536252228
"Sandusky River",2019-07-05,2019,1.49141080079432,0.667362809693956,6.20550693767598
"Sandusky River",2019-07-06,2019,1.66500671237634,0.429241893285623,5.94387063807618
"Sandusky River",2019-07-07,2019,1.32410054955318,0.352727200337404,5.21398930093764
"Sandusky River",2019-07-08,2019,1.02057362156137,0.368050592298614,3.8407612850495
"Sandusky River",2019-07-09,2019,0.987006314536107,0.317466970071827,3.39584337181097
"Sandusky River",2019-07-10,2019,0.766170576690737,0.2729169701284,2.8768954007113
"Sandusky River",2019-07-11,2019,0.402019948141606,0.173420369786575,1.60492669493394
"Sandusky River",2019-07-12,2019,0.258264722771034,0.111214473920541,1.14180193225089
"Sandusky River",2019-07-13,2019,0.185548142632309,0.0880885121587729,0.900564470048731
"Sandusky River",2019-07-14,2019,0.138954236778919,0.0702490863715647,0.687051504073545
"Sandusky River",2019-07-15,2019,0.117113629693462,0.0600642180012014,0.679722868577302
"Sandusky River",2019-07-16,2019,0.094818136253527,0.0410677278040754,0.539315896015284
"Sandusky River",2019-07-17,2019,1.05209794625893,0.287905181239775,3.76231647336175
"Sandusky River",2019-07-18,2019,2.82801896492046,0.907784023615037,9.67967487708362
"Sandusky River",2019-07-19,2019,2.01552691807787,0.633301156788482,8.08838572860975
"Sandusky River",2019-07-20,2019,1.03702190308545,0.49284209255546,4.14124258327851
"Sandusky River",2019-07-21,2019,0.779514933692594,0.394072125150868,3.10943041816123
"Sandusky River",2019-07-22,2019,5.82501506834113,1.18188711531559,26.3317497015165
"Sandusky River",2019-07-23,2019,11.7087813428298,2.94322597829074,39.3263723853096
"Sandusky River",2019-07-24,2019,7.15422777011919,2.32185891119487,26.1209127509423
"Sandusky River",2019-07-29,2019,0.186314287764614,0.102527980840882,0.832350812202861
"Sandusky River",2019-08-05,2019,0.0442477866990781,0.00255275692494682,NA
"Sandusky River",2019-08-12,2019,0.0359202405041105,0.00223384580249443,0.263147035533844
"Sandusky River",2019-08-13,2019,0.0360393789469102,0.000595692213998515,0.251977806521372
"Sandusky River",2019-08-14,2019,0.0351458406259124,0.00148923053499629,0.205811659936487
"Sandusky River",2019-08-15,2019,0.0354436867329117,0.00297846106999258,0.223682426356442
"Sandusky River",2019-08-16,2019,0.0326714719814671,0.00200614301640588,0.222968466680539
"Sandusky River",2019-08-17,2019,0.0279928366328814,0.000528166728922291,0.185122438487263
"Sandusky River",2019-08-18,2019,0.0311618370064152,0.00237675028015031,0.188027355496336
"Sandusky River",2019-08-19,2019,0.0552572918425392,0.00370425673470559,0.330317514343057
"Sandusky River",2019-08-20,2019,0.120614001870547,0.0362083394541335,0.849689032523666
"Sandusky River",2019-08-21,2019,0.100199291090762,0.0166275879876445,0.746072643619528
"Sandusky River",2019-08-22,2019,0.684483478070615,0.0964700640623483,5.87445943043194
"Sandusky River",2019-08-23,2019,2.08362246205241,0.724033477899573,11.847943348241
"Sandusky River",2019-08-24,2019,0.496572493940136,0.256699819654392,2.29999604299036
"Sandusky River",2019-08-25,2019,0.147330773202625,0.0733106576128631,0.888399044405341
"Sandusky River",2019-08-26,2019,0.084958365851489,0.0433432143223668,0.544764713345826
"Sandusky River",2019-09-02,2019,0.0297482350147043,0.0037256941733252,0.287165043205527
"Sandusky River",2019-09-03,2019,0.120640224267252,0.0014811568356937,0.940534590665497
"Sandusky River",2019-09-04,2019,0.116654695207901,0.000823541794619846,0.984132444570717
"Sandusky River",2019-09-05,2019,0.0839525272663432,0.00788286640998528,0.78198034787054
"Sandusky River",2019-09-06,2019,0.0853832993252377,0.00849866947497389,0.478191802458531
"Sandusky River",2019-09-07,2019,0.0466591609163588,0.00804468291661359,0.44529686026667
"Sandusky River",2019-09-08,2019,0.0391382971639219,0.00381837045501677,0.419638913006343
"Sandusky River",2019-09-09,2019,0.0280677263103518,0.0007778071424088,0.330679150829798
"Sandusky River",2019-09-10,2019,0.0257932673537898,0.000573183718973107,0.275701368826065
"Sandusky River",2019-09-11,2019,0.0222489622914629,-0.000252829116948442,0.244232926972195
"Sandusky River",2019-09-12,2019,0.0215001633797806,0.000241574869435738,0.225389353183543
"Sandusky River",2019-09-15,2019,0.0195343399283768,0.000415624253795251,0.181004362527832
"Sandusky River",2019-09-16,2019,0.0170350162133599,0.00124486656943784,0.177753842257097
"Sandusky River",2019-09-17,2019,0.014938398833254,-0.000196557879384922,0.158032535025477
"Sandusky River",2019-09-18,2019,0.015377710831488,0.000176755296913655,0.153246842424139
"Sandusky River",2019-09-19,2019,0.0138488824712758,0,0.136319722638944
"Sandusky River",2019-09-20,2019,0.0147535551575845,0.000313905428884777,0.131055516559394
"Sandusky River",2019-09-21,2019,0.0133816795118147,0.000147051423206755,0.220135980540513
"Sandusky River",2019-09-22,2019,0.0174180667603325,0.000548600527884488,0.150727995036263
"Sandusky River",2019-09-23,2019,0.00954366305516165,0.000424162802451629,0.101968737709372
"Sandusky River",2019-09-24,2019,0.0100526584181036,0.000127248840735489,0.103198809836481
"Sandusky River",2019-09-25,2019,0.0120692116134587,0.00068575065985561,0.104096950166082
"Sandusky River",2019-09-26,2019,0.0120692116134587,0.000548600527884488,0.12096641639853
"Sandusky River",2019-09-27,2019,0.0109720105576898,0.000411450395913366,0.131526976560306
"Sandusky River",2019-09-28,2019,0.00992540957736811,0.000890741885148421,0.147481406412431
"Sandusky River",2019-09-29,2019,0.0100526584181036,0.0011452395666194,0.0874199535852807
"Wolf ",2018-10-01,2018,0.000862255862380093,0.000327949859887104,0.00801711272862474
"Wolf ",2018-10-02,2018,0.000850674317427648,0.000402950992465728,0.00790977874099392
"Wolf ",2018-10-03,2018,0.00104150721003437,0.00056515895118144,0.00823517328864384
"Wolf ",2018-10-04,2018,0.00118848523597474,0.000636965943463584,0.00767466283100026
"Wolf ",2018-10-05,2018,0.00119989851089795,0.000567116211618432,0.00726804197521517
"Wolf ",2018-10-06,2018,0.00228220236816587,0.00105055953955546,0.0126481839301742
"Wolf ",2018-10-07,2018,0.0025169145931944,0.001162123384464,0.01167220416852
"Wolf ",2018-10-08,2018,0.00180950623495959,0.000894339574489167,0.0100950110873846
"Wolf ",2018-10-09,2018,0.00169635762074097,0.000628280600274432,0.00921478213735834
"Wolf ",2018-10-10,2018,0.00171737859783426,0.000770377708000051,0.0109356055135617
"Wolf ",2018-10-11,2018,0.00168002917554536,0.000855958920607526,0.00800573343391745
"Wolf ",2018-10-12,2018,0.00154580759450309,0.000761251981212576,0.0066648387742897
"Wolf ",2018-10-13,2018,0.00156011272172195,0.000707304990417984,0.00933642587351739
"Wolf ",2018-10-14,2018,0.00119813697650465,0.00056515895118144,0.008073699302592
"Wolf ",2018-10-15,2018,0.00104410058011338,0.000534699085630752,0.0074742882937632
"Wolf ",2018-10-16,2018,0.000790977874099392,0.000358178659969536,0.00610396133031418
"Wolf ",2018-10-17,2018,0.000761129652435264,0.000283558105809216,0.00750682774852819
"Wolf ",2018-10-18,2018,0.000657639506829312,0.000246614815060992,0.00532962016992922
"Wolf ",2018-10-19,2018,0.000673835836945421,0.000301075586720295,0.00592115320549912
"Wolf ",2018-10-20,2018,0.000673835836945421,0.000258064788617395,0.0052473173685537
"Wolf ",2018-10-21,2018,0.000701433209107008,0.000328330438305408,0.00588009966783322
"Wolf ",2018-10-22,2018,0.000701949130725322,0.00030997194705031,0.00696848326533354
"Wolf ",2018-10-23,2018,0.000705641319046541,0.000226063580472576,0.0061521588685751
"Wolf ",2018-10-24,2018,0.000577778387848946,0.000143369327009664,0.00540502362826433
"Wolf ",2018-10-25,2018,0.000630751641576134,0.000201964811342112,0.00635412367991722
"Wolf ",2018-10-26,2018,0.000623827832780275,0.000134316997488576,0.00568608622701638
"Wolf ",2018-10-27,2018,0.000926958542959411,0.000235360567548288,0.00773068941100915
"Wolf ",2018-10-28,2018,0.00308339408352692,0.000633179867805778,0.0172877291179699
"Wolf ",2018-10-29,2018,0.00231874197394896,0.0004390243896864,0.0181617458049216
"Wolf ",2018-10-30,2018,0.000942420900411648,0.000293197613461402,0.00975929199092951
"Wolf ",2018-10-31,2018,0.00147822094503821,0.00027890961227136,0.0145311907993379
"Wolf ",2018-11-01,2018,0.0162977406725005,0.00203016838826995,0.0838008395824763
"Wolf ",2018-11-02,2018,0.0259126330562736,0.0034170505129152,0.153425568029892
"Wolf ",2018-11-03,2018,0.0143388899614034,0.00283790530486109,0.116503480936403
"Wolf ",2018-11-04,2018,0.00599264214296026,0.000323926602322176,0.057011082008703
"Wolf ",2018-11-05,2018,0.00415903707090977,0.00128768707833158,0.037073856329875
"Wolf ",2018-11-06,2018,0.00357562122931884,0.00145032998381107,0.0279467431495903
"Wolf ",2018-11-07,2018,0.00345534757546568,0.00155846862295488,0.0262268005405836
"Wolf ",2018-11-08,2018,0.00299287139995993,0.000656171561501568,0.0192841531130183
"Wolf ",2018-11-09,2018,0.002837636181551,0.0010764932403456,0.030830766403498
"Wolf ",2018-11-10,2018,0.0019821176445418,0.00074375896605696,0.0184824103065155
"Wolf ",2018-11-11,2018,0.00167287049549706,0.00064589594420736,0.0231553695998339
"Wolf ",2018-11-12,2018,0.0014673581496129,0.000524056482004608,0.0186091429198107
"Wolf ",2018-11-13,2018,0.00132575035699653,0.000394387978053888,0.0185665725053061
"Wolf ",2018-11-14,2018,0.00133876613890253,0.000223127689817088,0.0165672309689188
"Wolf ",2018-11-15,2018,0.00169459608634767,0.000314874272801088,0.0181195831530081
"Wolf ",2018-11-16,2018,0.00194674016214317,0.000571520047601664,0.0200389216690333
"Wolf ",2018-11-17,2018,0.00133157320679658,0.000551947443231744,0.0221123944444717
"Wolf ",2018-11-18,2018,0.0018343444815489,0.000559776484979712,0.0251038223648594
"Wolf ",2018-11-19,2018,0.00216717661885939,0.00063121649092992,0.0318238314177168
"Wolf ",2018-11-20,2018,0.0020918220920352,0.0006605753974848,0.034129728870048
"Wolf ",2018-11-21,2018,0.00148722434304837,0.00066791512412352,0.0252917193668106
"Wolf ",2018-11-22,2018,0.00104258370327471,0.000454818394046016,0.019452232853045
"Wolf ",2018-11-23,2018,0.000969431094442137,0.000341786603809728,0.0171204016999237
"Wolf ",2018-11-24,2018,0.00365694540047585,0.00162061164182938,0.0317780804550021
"Wolf ",2018-11-25,2018,0.00249169039931267,0.000742780335838464,0.0471327885832044
"Wolf ",2018-11-26,2018,0.0407275233191189,0.00399955296630221,0.326906857547569
"Wolf ",2018-11-27,2018,0.0254835308896358,0.003318168084588,0.214619111711152
"Wolf ",2018-11-28,2018,0.0147822094503821,0.00306800573498496,0.184917072935912
"Wolf ",2018-11-29,2018,0.00519065467890278,0.000432554556575232,0.0756970474006656
"Wolf ",2018-11-30,2018,0.00314336026180915,0.000785840065452288,0.0500794441710958
"Wolf ",2018-12-01,2018,0.0058054791136729,0.0011896473593592,0.0631464818347863
"Wolf ",2018-12-02,2018,0.0467850486455654,0.00636979535549952,0.281149588104806
"Wolf ",2018-12-03,2018,0.0331112500523426,0.00681187796461872,0.274500271493149
"Wolf ",2018-12-04,2018,0.0164884512363299,0.0060675073546752,0.220553892342444
"Wolf ",2018-12-05,2018,0.00499483077218173,0.00163382314977907,0.08554231205629
"Wolf ",2018-12-06,2018,0.00322223785741993,0.00135589216772621,0.057186746132923
"Wolf ",2018-12-07,2018,0.00233599033154995,0.00091012610320128,0.046234406042625
"Wolf ",2018-12-08,2018,0.00177572453146099,0.00074375896605696,0.0346777617924058
"Wolf ",2018-12-09,2018,0.00175683696824402,0.000549011552576256,0.0360975095818888
"Wolf ",2018-12-10,2018,0.00135608789376991,0.000473901683306688,0.0302750267681696
"Wolf ",2018-12-17,2018,0.0015434221833455,3.792192096672e-05,0.0263936569928371
"Wolf ",2018-12-18,2018,0.00158347262503745,0.00050644113807168,0.0198187298698717
"Wolf ",2018-12-19,2018,0.00117680283774144,0.00025444385680896,0.0188606508859642
"Wolf ",2018-12-20,2018,0.00119167801706258,0.000290653174893312,0.0214437453476844
"Wolf ",2018-12-21,2018,0.00957080781084718,0.000894468019705344,0.0675323354877535
"Wolf ",2018-12-22,2018,0.0101138986506015,0.00196704673917696,0.101794668752408
"Wolf ",2018-12-23,2018,0.00664012836127267,0.00116041078158163,0.0773607187721088
"Wolf ",2018-12-24,2018,0.00396929970046431,0.000883703087301888,0.0455107089960472
"Wolf ",2018-12-25,2018,0.00453042180199446,0.000562467718080576,0.0343105308029151
"Wolf ",2018-12-26,2018,0.00219604621030502,0.0004159178428608,0.0236241334744934
"Wolf ",2018-12-27,2018,0.00183228935809006,0.000347903042675328,0.022459074199374
"Wolf ",2018-12-28,2018,0.0103251604490194,0.0011437740678672,0.0763209241649568
"Wolf ",2018-12-29,2018,0.0131058158860984,0.00204778373220288,0.0967919110754561
"Wolf ",2018-12-30,2018,0.00635566502251135,0.00113325379301837,0.0582681325243611
"Wolf ",2018-12-31,2018,0.00458131057335625,0.000453595106272896,0.0514830445619737
"Wolf ",2019-01-01,2019,0.0944104144387461,0.0045506305160064,0.397725107098959
"Wolf ",2019-01-02,2019,0.0469835474748837,0.0056515895118144,0.304809061003857
"Wolf ",2019-01-03,2019,0.0307196918736987,0.00149730423429888,0.192403594107406
"Wolf ",2019-01-04,2019,0.0111141076654154,0.000868289661360576,0.090674248922083
"Wolf ",2019-01-05,2019,0.00772109883486789,0.000534332099298816,0.0632292984170266
"Wolf ",2019-01-06,2019,0.00431928233235395,0.000422768254390272,0.0434042074507346
"Wolf ",2019-01-07,2019,0.00257110624154362,0.00065415313667592,0.0348976477696241
"Wolf ",2019-01-08,2019,0.00234078561962058,0.00087342747000768,0.0353446982863108
"Wolf ",2019-01-09,2019,0.00244713825861564,0.00084773842677216,0.0336269575952957
"Wolf ",2019-01-10,2019,0.00210615902473617,0.000623387449181952,0.0288984610370776
"Wolf ",2019-01-11,2019,0.00173853658315814,0.00037432605857472,0.0282408215302483
"Wolf ",2019-01-12,2019,0.00177095370914582,0.00041714113063392,0.0233599033154995
"Wolf ",2019-01-13,2019,0.00145348606626572,0.00059084799441696,0.0242247677710954
"Wolf ",2019-01-14,2019,0.0012939666222336,0.0004675677710592,0.0209209393376256
"Wolf ",2019-01-15,2019,0.00127588914736416,0.000510355658945664,0.0247157954832257
"Wolf ",2019-01-16,2019,0.00129448312151558,0.000489804424357248,0.0237905006116378
"Wolf ",2019-01-17,2019,0.00104958090933696,0.00041347126731456,0.0203873140268179
"Wolf ",2019-01-18,2019,0.00125949709120435,0.000209916181867392,0.0237205285510153
"Wolf ",2019-01-19,2019,0.00118169598883392,0.000303864682843008,0.0218107316796204
"Wolf ",2019-01-20,2019,0.00209622592801843,0.000232913992002048,0.0373244672183282
"Wolf ",2019-01-21,2019,0.00101777542723584,0.00034986030311232,0.0227091142201997
"Wolf ",2019-01-22,2019,0.000941143244293056,0.000222067507080384,0.0231478939523315
"Wolf ",2019-01-23,2019,0.00366900701791882,0.000453472777495584,0.0582094147112513
"Wolf ",2019-01-28,2019,0.00261661254670368,0.00059084799441696,0.0689604016340938
"Wolf ",2019-01-29,2019,0.00162061164182938,0.00033762742538112,0.0484157727996526
"Wolf ",2019-01-30,2019,0.00177914973722573,0.000593049912408576,0.0626408969981558
"Wolf ",2019-01-31,2019,0.0012416370897168,0.00024832741794336,0.0368517888227946
"Wolf ",2019-02-04,2019,0.00595700777012927,0.00102370837293547,0.19114097763238
"Wolf ",2019-02-11,2019,0.00374798247655144,0.000901318431234816,0.0647447073103676
"Wolf ",2019-02-21,2019,0.00335807173174717,0.00036820961970912,0.0523594079226369
"Wolf ",2019-02-22,2019,0.00428652268578979,0.00098352336958848,0.0569623951553328
"Wolf ",2019-02-23,2019,0.00397088997456937,0.000698008003342272,0.0466889797791164
"Wolf ",2019-02-24,2019,0.0294745806467062,0.00306409121411098,0.183944314498727
"Wolf ",2019-02-25,2019,0.0162348636809621,0.00332367287956704,0.199420372774022
"Wolf ",2019-02-26,2019,0.00993945781415462,0.00179236124517542,0.126117054887798
"Wolf ",2019-02-27,2019,0.00378313976715091,0.000563446348299072,0.0604497439389433
"Wolf ",2019-02-28,2019,0.00295986709584115,0.000450414558062784,0.0489021520182451
"Wolf ",2019-03-01,2019,0.00263055802731725,0.000438426337886208,0.041102469176832
"Wolf ",2019-03-02,2019,0.00368601071796518,0.000416162500415424,0.0461940375461121
"Wolf ",2019-03-03,2019,0.00273625009091482,0.000399036471591744,0.0403026836307661
"Wolf ",2019-03-04,2019,0.00285319640202509,0.000543465981338112,0.0430696790210454
"Wolf ",2019-03-05,2019,0.00437667899466874,0.00131136449278464,0.06147021059928
"Wolf ",2019-03-06,2019,0.00206950932305349,0.00083672883681408,0.0405534576242557
"Wolf ",2019-03-07,2019,0.0015841576661904,0.00063366306647616,0.0296463791815632
"Wolf ",2019-03-08,2019,0.00165779959013222,0.000688955673821184,0.0330698723434168
"Wolf ",2019-03-09,2019,0.00187596073159045,0.000313406327473344,0.0329524367171973
"Wolf ",2019-03-10,2019,0.0294880694332178,0.00440978931706118,0.196651039544888
"Wolf ",2019-03-11,2019,0.0361763382459887,0.00302959449890899,0.178547413501276
"Wolf ",2019-03-12,2019,0.00967914217603469,0.00192300837934464,0.0893557893602143
"Wolf ",2019-03-13,2019,0.00469962696677242,0.00107184474680774,0.0578796163276182
"Wolf ",2019-03-14,2019,0.00922658686436894,0.00195530317655501,0.0867054752353611
"Wolf ",2019-03-15,2019,0.0169382541505061,0.00398547156482496,0.202262681914867
"Wolf ",2019-03-16,2019,0.0188508645837792,0.005627123756352,0.185695083959616
"Wolf ",2019-03-17,2019,0.00932732461248537,0.00241819526990362,0.117800655291019
"Wolf ",2019-03-18,2019,0.00921837044815949,0.00159625462305792,0.0846014950220698
"Wolf ",2019-03-19,2019,0.00452934530875411,0.00088810692328512,0.0560395468592911
"Wolf ",2019-03-20,2019,0.0033395756206176,0.0010336781682864,0.0502526617197696
"Wolf ",2019-03-21,2019,0.00377677867073069,0.00114181680743021,0.0622729320360013
"Wolf ",2019-03-22,2019,0.0034741372756608,0.0008685343189152,0.0561073170019219
"Wolf ",2019-03-23,2019,0.00668502302254618,0.000871959524679936,0.0603831970840856
"Wolf ",2019-03-24,2019,0.00391647813442099,0.000810305820914688,0.0451070240309176
"Wolf ",2019-03-25,2019,0.00321605073970522,0.000712279694028672,0.0416144015177964
"Wolf ",2019-03-26,2019,0.00302788189602662,0.000756970474006656,0.0366257252423221
"Wolf ",2019-03-27,2019,0.00327792191685235,0.000621674846299584,0.0327227032734054
"Wolf ",2019-03-28,2019,0.00335229781345805,0.00081103979357856,0.0296840564449753
"Wolf ",2019-03-29,2019,0.00434658611544998,0.00068993430403968,0.0406371305079372
"Wolf ",2019-03-30,2019,0.00439282639327392,0.00061653703765248,0.0487834931042525
"Wolf ",2019-04-01,2019,0.0541448915721101,0.00698035187515008,0.514848115332015
"Wolf ",2019-04-02,2019,0.033579249372144,0.005596541562024,0.345642406870602
"Wolf ",2019-04-03,2019,0.0117122464549601,0.00146403080687002,0.140912965161239
"Wolf ",2019-04-04,2019,0.00710191949562547,0.000842600618125056,0.0838989472618806
"Wolf ",2019-04-05,2019,0.00642470738442624,0.000889574868612864,0.0667181151459648
"Wolf ",2019-04-06,2019,0.0044527674941568,0.000801498148948224,0.0618934681687795
"Wolf ",2019-04-07,2019,0.0045760749016873,0.00081715623244416,0.0522979988764262
"Wolf ",2019-04-08,2019,0.00498137460667742,0.00104321981291674,0.0592606810392979
"Wolf ",2019-04-09,2019,0.00395229600041795,0.000233403307111296,0.0514265286668556
"Wolf ",2019-04-10,2019,0.00331369085133838,0.000824985274192128,0.0392555492969754
"Wolf ",2019-04-11,2019,0.00354724095298245,0.000786818695670784,0.0382918431893115
"Wolf ",2019-04-15,2019,0.00827260589450131,0.00243311938073568,0.0933943516143926
"Wolf ",2019-04-16,2019,0.007278562250064,0.0011437740678672,0.0719537868149184
"Wolf ",2019-04-17,2019,0.00588866268224505,0.00165877822035072,0.0608771606868714
"Wolf ",2019-04-18,2019,0.00516349769033952,0.00100187268618528,0.0524056482004608
"Wolf ",2019-04-19,2019,0.0349156912642776,0.0071929321059456,0.246957335637466
"Wolf ",2019-04-20,2019,0.08974175024472,0.012280450033488,0.470435701282848
"Wolf ",2019-04-21,2019,0.34578267720192,0.0250529335934976,1.1667881885055
"Wolf ",2019-04-22,2019,0.186869440221811,0.0221292758157408,0.943772633400946
"Wolf ",2019-04-29,2019,0.0725556443992934,0.00818134862662656,0.287423695172275
"Wolf ",2019-04-30,2019,0.0342743486690035,0.0084977723972736,0.281134636809802
"Wolf ",2019-05-01,2019,0.0404133503979744,0.00854017970674176,0.31827419728518
"Wolf ",2019-05-02,2019,0.0411269349322944,0.010866873051216,0.345399380366342
"Wolf ",2019-05-03,2019,0.0353603563698067,0.00806880615149952,0.336279362255142
"Wolf ",2019-05-04,2019,0.0269514762173798,0.00832325000830848,0.270703797889271
"Wolf ",2019-05-05,2019,0.0191102015916806,0.0039267537517152,0.150525560482416
"Wolf ",2019-05-06,2019,0.0126733537557105,0.00294192554183539,0.0989871417605791
"Wolf ",2019-05-07,2019,0.0102184897552033,0.00239397417199584,0.0894590348482656
"Wolf ",2019-05-08,2019,0.00793365731832522,0.00151736615377805,0.0696904597770918
"Wolf ",2019-05-09,2019,0.00735425929746467,0.00133901079645715,0.0698345630767653
"Wolf ",2019-05-10,2019,0.0330565847197835,0.00572675374942944,0.234444488111258
"Wolf ",2019-05-11,2019,0.0292169073101762,0.00602542625527987,0.196275055251776
"Wolf ",2019-05-12,2019,0.0116298947220737,0.00244975609445011,0.0946379459645464
"Wolf ",2019-05-13,2019,0.0220554993301439,0.00529665256444363,0.190560466419646
"Wolf ",2019-05-14,2019,0.0194407339479777,0.00348013138574909,0.189367149196968
"Wolf ",2019-05-15,2019,0.0105369115625464,0.00142390696791168,0.104514771444717
"Wolf ",2019-05-16,2019,0.00745202445629241,0.00188924563680653,0.0726309989261176
"Wolf ",2019-05-17,2019,0.00602713885816224,0.00148360341123994,0.0656494509473672
"Wolf ",2019-05-18,2019,0.0101244189254504,0.00132946915182682,0.0830406885602596
"Wolf ",2019-05-19,2019,0.00993260740262515,0.00131185380789389,0.0717771440604799
"Wolf ",2019-05-20,2019,0.0397364481863444,0.00613927357069824,0.245877906506465
"Wolf ",2019-05-21,2019,0.0133144598486818,0.0028615147588823,0.134154544872306
"Wolf ",2019-05-22,2019,0.00986390756128673,0.0014505746413657,0.104968855866099
"Wolf ",2019-05-23,2019,0.0139785093834422,0.00272401721318362,0.108387211219306
"Wolf ",2019-05-24,2019,0.0101762373955197,0.0144805466855307,0.0920643931474566
"Wolf ",2019-05-25,2019,0.00814467445918842,0.00186282262090714,0.0809292938638545
"Wolf ",2019-05-26,2019,0.0111332888176979,0.0029114249000256,0.0900212579087916
"Wolf ",2019-05-27,2019,0.0126503124508995,0.0034731586454423,0.1016566818916
"Wolf ",2019-05-28,2019,0.0186993400049487,0.0043385939686656,0.16269727382496
"Wolf ",2019-05-29,2019,0.0492077021197978,0.00732015403435008,0.324831835274285
"Wolf ",2019-05-30,2019,0.030719814202476,0.008241901371396,0.256547911778726
"Wolf ",2019-05-31,2019,0.0321993807640646,0.00962972135000064,0.269030340215643
"Wolf ",2019-06-01,2019,0.0240192554252112,0.004495582566216,0.129601223123198
"Wolf ",2019-06-02,2019,0.175411855097042,0.029722087102633,0.76865096934786
"Wolf ",2019-06-03,2019,0.106358347671327,0.0233599033154995,0.579927296703727
"Wolf ",2019-06-04,2019,0.051601948133521,0.0108004077488765,0.337612745927843
"Wolf ",2019-06-05,2019,0.0538664984591207,0.00875482593466522,0.26568464815616
"Wolf ",2019-06-06,2019,0.0582407308782432,0.0087220418223456,0.259691761355645
"Wolf ",2019-06-07,2019,0.0409197099835279,0.0060237136523975,0.180503695308049
"Wolf ",2019-06-08,2019,0.0236948395077798,0.00359353016231731,0.105110757247781
"Wolf ",2019-06-09,2019,0.0140690326786531,0.00190612700807558,0.0767896880396164
"Wolf ",2019-06-10,2019,0.0117476402478624,0.0022501698982224,0.0689078002598496
"Wolf ",2019-06-11,2019,0.0102080918091318,0.00175713055730957,0.0635077187141887
"Wolf ",2019-06-12,2019,0.00870344784819417,0.00136665710012966,0.0494873728889057
"Wolf ",2019-06-13,2019,0.0250306697560268,0.00336232877319763,0.109400215824227
"Wolf ",2019-06-14,2019,0.0195865498505336,0.00289160763810106,0.0992421564850155
"Wolf ",2019-06-15,2019,0.0326260635393289,0.00343817261513107,0.137965820258238
"Wolf ",2019-06-16,2019,0.0647752623205229,0.00539252434564032,0.201992267356575
"Wolf ",2019-06-17,2019,0.0410290719104448,0.00419832363734784,0.242834855842051
"Wolf ",2019-06-18,2019,0.0243311938073568,0.00314874272801088,0.234151959228445
"Wolf ",2019-06-19,2019,0.0100055153539031,0.00177181001058701,0.0773342957562094
"Wolf ",2019-06-20,2019,0.0129939258311171,0.0019881416572201,0.0822238585378883
"Wolf ",2019-06-21,2019,0.0191179083046513,0.00328361020499736,0.122661083435568
"Wolf ",2019-06-22,2019,0.013400872896975,0.00236485992299558,0.0984044490179829
"Wolf ",2019-06-23,2019,0.0077801102370432,0.001467945327744,0.0570296759828544
"Wolf ",2019-06-24,2019,0.00725238389171923,0.00132665558994864,0.0526240050679627
"Wolf ",2019-07-01,2019,0.00407579913399214,0.0010040746041769,0.0241349784485484
"Wolf ",2019-07-02,2019,0.0041723532379245,0.000826208561965248,0.0424746310719407
"Wolf ",2019-07-03,2019,0.0315429563897566,0.00622688815942637,0.130843974763997
"Wolf ",2019-07-04,2019,0.0691636468199718,0.0176124080422725,0.237348165522053
"Wolf ",2019-07-05,2019,0.109735078619241,0.014691196840062,0.329021595897221
"Wolf ",2019-07-06,2019,0.0284891489481917,0.0044527674941568,0.100701049483238
"Wolf ",2019-07-07,2019,0.0324147283436447,0.00713763949860058,0.119863118476499
"Wolf ",2019-07-08,2019,0.0523019592705917,0.00708297382623928,0.183677117866883
"Wolf ",2019-07-09,2019,0.0330845517966943,0.00831786754210675,0.157291809813097
"Wolf ",2019-07-10,2019,0.0158963799541398,0.00216277278287616,0.0438502181728142
"Wolf ",2019-07-11,2019,0.0229956082166644,0.00254982103429133,0.0660592523513624
"Wolf ",2019-07-12,2019,0.0313562908308303,0.00236485992299558,0.0704640669648129
"Wolf ",2019-07-13,2019,0.0433501381311627,0.00212460620435482,0.089764612133991
"Wolf ",2019-07-14,2019,0.0394686460270529,0.00224522237878445,0.0653871780488103
"Wolf ",2019-07-15,2019,0.0185235127756923,0.00272646378872986,0.0461306712394645
"Wolf ",2019-07-16,2019,0.0120203681792536,0.0020428905811104,0.0475584927282501
"Wolf ",2019-07-17,2019,0.0246007085695306,0.00342324850429901,0.0683093678812393
"Wolf ",2019-07-18,2019,0.0457460695635955,0.00366986331936,0.0850918974982272
"Wolf ",2019-07-19,2019,0.0482905081316851,0.00544118401483776,0.12541929154201
"Wolf ",2019-07-20,2019,0.0262244518280592,0.00375157894260442,0.0682146854075998
"Wolf ",2019-07-21,2019,0.0340811888112106,0.00385188854000026,0.0673679256110462
"Wolf ",2019-07-22,2019,0.0278767924965038,0.00796525484150491,0.0690162141387424
"Wolf ",2019-07-23,2019,0.0253019949841048,0.00661945479790695,0.088927149324513
"Wolf ",2019-07-24,2019,0.0183461360485899,0.00233329909844909,0.0496397945454365
"Wolf ",2019-07-25,2019,0.0121575232043758,0.00216668730375014,0.0368738080027108
"Wolf ",2019-07-26,2019,0.0184300535898259,0.0022753152580032,0.0461130558955315
"Wolf ",2019-07-27,2019,0.0250803352396155,0.00211433058706061,0.0588002627056683
"Wolf ",2019-07-28,2019,0.0322921059772671,0.00234406403085254,0.0610506228930999
"Wolf ",2019-07-29,2019,0.0146358226801987,NA,0.0420065603936859
"Wolf ",2019-07-30,2019,0.0111955296995942,0.00281845502926848,0.0416113568904499
"Wolf ",2019-07-31,2019,0.0123931284294787,0.00347169070011456,0.0391978101140842
"Wolf ",2019-08-01,2019,0.0144489858609842,0.0025454171983081,0.0442827727293894
"Wolf ",2019-08-02,2019,0.0167526813953238,0.00210748017553114,0.0431497635939256
"Wolf ",2019-08-03,2019,0.0196551518288501,0.00199420372774022,0.0374700384633295
"Wolf ",2019-08-04,2019,0.0233149352569596,0.00198025824712666,0.042453957508575
"Wolf ",2019-08-05,2019,0.0138379943945699,0.00245016385704115,0.0371748998999347
"Wolf ",2019-08-06,2019,0.0105422940287482,0.00268658460732614,0.0270698904738179
"Wolf ",2019-08-07,2019,0.0367182057979699,0.010163074819081,0.0872057387701786
"Wolf ",2019-08-08,2019,0.0303742354065696,0.00686925016117805,0.0581316136088809
"Wolf ",2019-08-09,2019,0.0267753227780506,0.00327253945065062,0.0573066283346888
"Wolf ",2019-08-10,2019,0.0270923989688433,0.00239568677487821,0.0489706561335398
"Wolf ",2019-08-11,2019,0.0218175820911498,0.00239715472020595,0.0624997295891378
"Wolf ",2019-08-12,2019,0.015285045967149,0.00240873517779149,0.0390377225208419
"Wolf ",2019-08-13,2019,0.016414809312388,0.00616072188298694,0.0371710669315789
"Wolf ",2019-08-14,2019,0.0273181934260058,0.00861757304652115,0.0507317012117234
"Wolf ",2019-08-15,2019,0.0200253431747517,0.00300121422257261,0.0394297454758677
"Wolf ",2019-08-16,2019,0.0245759002934917,0.00182318809705805,0.0421527840588328
"Wolf ",2019-08-17,2019,0.0198933381911543,0.00191897152969334,0.0341759691478719
"Wolf ",2019-08-18,2019,0.0328177527333768,0.0027890961227136,0.0466806614222592
"Wolf ",2019-08-19,2019,0.0620713433856495,0.0256909699137627,0.156350902731305
"Wolf ",2019-08-20,2019,0.0818930733687848,0.0320355417549848,0.189300928552183
"Wolf ",2019-08-21,2019,0.131622676265689,0.0340782964152315,0.273688946265757
"Wolf ",2019-08-22,2019,0.0727623066356843,0.0202521407278882,0.195043693779354
"Wolf ",2019-08-23,2019,0.0208855346710542,0.0053589790764841,0.0687977043602688
"Wolf ",2019-08-24,2019,0.0276167001084025,0.00251018651044224,0.0677750357819405
"Wolf ",2019-08-25,2019,0.0222049239316305,0.00145032998381107,0.0463361835853486
"Wolf ",2019-08-26,2019,0.0129795345300706,0.00114518764484947,0.0339664879127683
"Wolf ",2019-08-27,2019,0.0507654639542615,0.00318641999142298,0.1089900474339
"Wolf ",2019-08-28,2019,0.0220018092297817,0.000446989352298048,0.055575676135724
"Wolf ",2019-08-29,2019,0.0118088861890366,0.00143907573629837,0.0402941206163543
"Wolf ",2019-08-30,2019,0.00934860981973767,0.00113839160166547,0.0461911016554566
"Wolf ",2019-08-31,2019,0.0121876160835946,0.0009908630962272,0.0313443026106538
"Wolf ",2019-09-01,2019,0.0231465619278674,0.000857280071402496,0.0538657644864568
"Wolf ",2019-09-02,2019,0.00748701048660365,0.000454818394046016,0.0242103329753725
"Wolf ",2019-09-03,2019,0.00336893452717248,0.00092480555647872,0.0222283621253635
"Wolf ",2019-09-09,2019,0.00271554594535476,0.00055231442956368,0.0175820093411105
"Wolf ",2019-09-10,2019,0.00145228724424806,0.000570541417383168,0.0142635354345792
"Wolf ",2019-09-11,2019,0.00161180396986291,0.000475614286189056,0.015774540491937
"Wolf ",2019-09-12,2019,0.0139873170554087,0.00158048780287104,0.0872429267184814
"Wolf ",2019-09-13,2019,0.00353089782833357,0.000962972135000064,0.0303737460914604
"Wolf ",2019-09-16,2019,0.0019318160513111,0.000931411310453568,0.0161444627145285
"Wolf ",2019-09-23,2019,0.00325497303822862,0.00107722721300947,0.0176723491431554
"Wolf ",2019-09-24,2019,0.00207229841917621,0.00122720229399398,0.0218107316796204
"Wolf ",2019-09-25,2019,0.00179236124517542,0.000869023634024448,0.0141759480300238
"Wolf ",2019-09-26,2019,0.00173339877451104,0.00109337461161466,0.0136005134615482
"Wolf ",2019-09-27,2019,0.0057765850564718,0.00191004152894957,0.0399560038758639
"Wolf ",2019-09-28,2019,0.0187738953170945,0.00535530921316474,0.0953346083513383
"Wolf ",2019-09-29,2019,0.00221145963624634,0.00114793324629581,0.0164086928735224
