Year,Biomass (g/m2),Species.code,Ref: 500 g/m2 = 3.6cm
2019,312.5,DM,
2014,430.5555556,DM,
2011,194.4444444,DM,
2004,361.1111111,DM,
2002,652.7777778,DM,
1998,381.9444444,DM,
1993,277.7777778,DM,
1992,180.5555556,DM,
